map,result,ally1,ally2,ally3,enemy1,enemy2,enemy3,timestamp
15000010,1,16000012,16000005,16000004,16000095,16000023,16000014,20260406T172342.000Z
15000010,1,16000012,16000005,16000004,16000095,16000023,16000014,20260406T172100.000Z
15000083,1,16000047,16000042,16000023,16000046,16000099,16000012,20260406T171601.000Z
15000083,1,16000047,16000042,16000023,16000046,16000099,16000012,20260406T171408.000Z
15000025,0,16000030,16000005,16000077,16000067,16000099,16000063,20260406T170902.000Z
15000025,0,16000030,16000005,16000077,16000067,16000099,16000063,20260406T170545.000Z
15000115,1,16000057,16000063,16000028,16000085,16000083,16000012,20260406T160943.000Z
15000115,1,16000057,16000063,16000028,16000085,16000083,16000012,20260406T160641.000Z
15000132,1,16000102,16000059,16000012,16000002,16000063,16000030,20260406T155655.000Z
15000132,1,16000102,16000059,16000012,16000002,16000063,16000030,20260406T155435.000Z
15000306,1,16000085,16000012,16000014,16000030,16000098,16000005,20260406T155052.000Z
15000306,1,16000085,16000012,16000014,16000030,16000098,16000005,20260406T154837.000Z
15000022,0,16000072,16000102,16000019,16000021,16000061,16000012,20260406T154315.000Z
15000022,1,16000072,16000102,16000019,16000021,16000061,16000012,20260406T154056.000Z
15000022,0,16000072,16000102,16000019,16000021,16000061,16000012,20260406T153838.000Z
15000007,1,16000012,16000057,16000026,16000021,16000023,16000014,20260406T153027.000Z
15000007,1,16000012,16000057,16000026,16000021,16000023,16000014,20260406T152833.000Z
15000007,0,16000012,16000057,16000026,16000021,16000023,16000014,20260406T152631.000Z
15000440,1,16000067,16000023,16000099,16000012,16000063,16000048,20260406T152130.000Z
15000440,1,16000067,16000023,16000099,16000012,16000063,16000048,20260406T151926.000Z
15000022,0,16000103,16000036,16000011,16000003,16000089,16000098,20260406T151319.000Z
15000022,1,16000103,16000036,16000011,16000003,16000089,16000098,20260406T151100.000Z
15000022,0,16000103,16000036,16000011,16000003,16000089,16000098,20260406T150840.000Z
15000132,1,16000002,16000023,16000001,16000004,16000011,16000026,20260406T150425.000Z
15000132,1,16000002,16000023,16000001,16000004,16000011,16000026,20260406T150237.000Z
15000118,1,16000067,16000049,16000004,16000059,16000001,16000023,20260406T174801.000Z
15000118,1,16000067,16000049,16000004,16000059,16000001,16000023,20260406T174512.000Z
15000022,0,16000064,16000094,16000061,16000023,16000042,16000074,20260406T010554.000Z
15000022,0,16000064,16000094,16000061,16000023,16000042,16000074,20260406T010336.000Z
15000022,1,16000064,16000094,16000061,16000023,16000042,16000074,20260406T010137.000Z
15000300,0,16000023,16000069,16000042,16000012,16000085,16000019,20260406T004923.000Z
15000300,0,16000023,16000069,16000042,16000012,16000085,16000019,20260406T004651.000Z
15000025,1,16000012,16000067,16000005,16000004,16000089,16000023,20260406T003727.000Z
15000025,1,16000012,16000067,16000005,16000004,16000089,16000023,20260406T003535.000Z
15000019,1,16000005,16000099,16000004,16000012,16000025,16000001,20260406T002822.000Z
15000019,1,16000005,16000099,16000004,16000012,16000025,16000001,20260406T002540.000Z
15000440,1,16000085,16000087,16000076,16000001,16000098,16000021,20260406T001948.000Z
15000440,1,16000085,16000087,16000076,16000001,16000098,16000021,20260406T001628.000Z
15000292,1,16000002,16000092,16000012,16000023,16000014,16000011,20260406T001132.000Z
15000292,1,16000002,16000092,16000012,16000023,16000014,16000011,20260406T001001.000Z
15000292,0,16000077,16000063,16000030,16000012,16000014,16000006,20260406T043026.000Z
15000292,0,16000077,16000063,16000030,16000012,16000014,16000006,20260406T042805.000Z
15000019,0,16000001,16000075,16000019,16000012,16000046,16000002,20260406T042127.000Z
15000019,0,16000001,16000075,16000019,16000012,16000046,16000002,20260406T041922.000Z
15000053,0,16000008,16000081,16000075,16000026,16000059,16000070,20260406T041235.000Z
15000053,0,16000008,16000081,16000075,16000026,16000059,16000070,20260406T041116.000Z
15000018,1,16000002,16000083,16000001,16000095,16000094,16000012,20260406T040505.000Z
15000018,1,16000002,16000083,16000001,16000095,16000094,16000012,20260406T040247.000Z
15001021,1,16000002,16000083,16000005,16000001,16000025,16000044,20260406T035656.000Z
15001021,1,16000002,16000083,16000005,16000001,16000025,16000044,20260406T035344.000Z
15001021,0,16000002,16000083,16000005,16000001,16000025,16000044,20260406T035134.000Z
15000082,1,16000002,16000012,16000023,16000083,16000021,16000089,20260406T034354.000Z
15000082,1,16000002,16000012,16000023,16000083,16000021,16000089,20260406T034136.000Z
15000082,0,16000002,16000012,16000023,16000083,16000021,16000089,20260406T033938.000Z
15000082,1,16000025,16000002,16000005,16000035,16000089,16000011,20260406T033001.000Z
15000082,0,16000025,16000002,16000005,16000035,16000089,16000011,20260406T032742.000Z
15000082,1,16000025,16000002,16000005,16000035,16000089,16000011,20260406T032526.000Z
15000703,1,16000064,16000003,16000021,16000036,16000065,16000042,20260406T032024.000Z
15000703,1,16000064,16000003,16000021,16000036,16000065,16000042,20260406T031820.000Z
15000050,0,16000086,16000028,16000034,16000026,16000103,16000000,20260406T031119.000Z
15000050,0,16000086,16000028,16000034,16000026,16000103,16000000,20260406T030846.000Z
15000018,1,16000075,16000083,16000094,16000103,16000001,16000002,20260406T030331.000Z
15000018,1,16000075,16000083,16000094,16000103,16000001,16000002,20260406T030136.000Z
15000292,1,16000026,16000098,16000099,16000001,16000007,16000097,20260406T025627.000Z
15000292,1,16000026,16000098,16000099,16000001,16000007,16000097,20260406T025423.000Z
15000019,0,16000019,16000081,16000099,16000103,16000075,16000056,20260406T165726.000Z
15000019,0,16000019,16000081,16000099,16000103,16000075,16000056,20260406T165528.000Z
15000019,1,16000019,16000081,16000099,16000103,16000075,16000056,20260406T165324.000Z
15000053,0,16000005,16000023,16000082,16000001,16000099,16000070,20260406T151321.000Z
15000053,1,16000005,16000023,16000082,16000001,16000099,16000070,20260406T151159.000Z
15000053,0,16000005,16000023,16000082,16000001,16000099,16000070,20260406T150958.000Z
15000703,1,16000065,16000098,16000042,16000003,16000015,16000012,20260406T044646.000Z
15000703,0,16000065,16000098,16000042,16000003,16000015,16000012,20260406T044459.000Z
15000703,1,16000065,16000098,16000042,16000003,16000015,16000012,20260406T044205.000Z
15000072,1,16000004,16000001,16000014,16000099,16000040,16000015,20260406T043801.000Z
15000072,1,16000004,16000001,16000014,16000099,16000040,16000015,20260406T043551.000Z
15000548,1,16000036,16000023,16000058,16000012,16000099,16000046,20260406T043016.000Z
15000548,1,16000036,16000023,16000058,16000012,16000099,16000046,20260406T042906.000Z
15000548,1,16000036,16000012,16000046,16000005,16000042,16000014,20260406T042050.000Z
15000548,0,16000036,16000012,16000046,16000005,16000042,16000014,20260406T041852.000Z
15000548,1,16000036,16000012,16000046,16000005,16000042,16000014,20260406T041649.000Z
15000368,1,16000030,16000065,16000099,16000094,16000025,16000023,20260406T041050.000Z
15000368,1,16000030,16000065,16000099,16000094,16000025,16000023,20260406T040932.000Z
15000115,1,16000014,16000020,16000023,16000095,16000007,16000008,20260406T040535.000Z
15000115,1,16000014,16000020,16000023,16000095,16000007,16000008,20260406T040343.000Z
15000115,0,16000014,16000020,16000023,16000095,16000007,16000008,20260406T040133.000Z
15000019,1,16000102,16000002,16000075,16000083,16000003,16000071,20260406T035707.000Z
15000019,1,16000102,16000002,16000075,16000083,16000003,16000071,20260406T035453.000Z
15000007,1,16000012,16000081,16000004,16000001,16000011,16000070,20260406T035110.000Z
15000007,1,16000012,16000081,16000004,16000001,16000011,16000070,20260406T034933.000Z
15000053,1,16000007,16000075,16000001,16000071,16000026,16000102,20260406T034523.000Z
15000053,1,16000007,16000075,16000001,16000071,16000026,16000102,20260406T034317.000Z
15000368,1,16000015,16000006,16000023,16000076,16000089,16000048,20260406T033837.000Z
15000368,0,16000015,16000006,16000023,16000076,16000089,16000048,20260406T033539.000Z
15000368,1,16000015,16000006,16000023,16000076,16000089,16000048,20260406T033239.000Z
15000019,1,16000099,16000103,16000078,16000001,16000042,16000075,20260406T170119.000Z
15000019,0,16000099,16000103,16000078,16000001,16000042,16000075,20260406T165831.000Z
15000019,1,16000099,16000103,16000078,16000001,16000042,16000075,20260406T165547.000Z
15000292,1,16000014,16000085,16000005,16000099,16000098,16000097,20260406T164759.000Z
15000292,0,16000014,16000085,16000005,16000099,16000098,16000097,20260406T164528.000Z
15000292,1,16000014,16000085,16000005,16000099,16000098,16000097,20260406T164257.000Z
15000083,1,16000097,16000098,16000042,16000094,16000061,16000005,20260406T160908.000Z
15000083,1,16000097,16000098,16000042,16000094,16000061,16000005,20260406T160650.000Z
15000132,1,16000012,16000029,16000001,16000004,16000047,16000083,20260406T153602.000Z
15000132,1,16000012,16000029,16000001,16000004,16000047,16000083,20260406T153424.000Z
15000018,1,16000079,16000099,16000094,16000026,16000015,16000001,20260406T152359.000Z
15000018,1,16000079,16000099,16000094,16000026,16000015,16000001,20260406T152151.000Z
15000018,0,16000079,16000099,16000094,16000026,16000015,16000001,20260406T151944.000Z
15000440,1,16000009,16000081,16000018,16000092,16000103,16000003,20260406T173739.000Z
15000025,1,16000083,16000089,16000023,16000098,16000026,16000030,20260406T174605.000Z
15000025,1,16000083,16000089,16000023,16000098,16000026,16000030,20260406T174417.000Z
15000025,1,16000004,16000059,16000083,16000063,16000002,16000011,20260406T173946.000Z
15000025,1,16000004,16000059,16000083,16000063,16000002,16000011,20260406T173645.000Z
15000018,0,16000015,16000001,16000012,16000078,16000099,16000040,20260406T173238.000Z
15000018,1,16000015,16000001,16000012,16000078,16000099,16000040,20260406T173029.000Z
15000018,0,16000015,16000001,16000012,16000078,16000099,16000040,20260406T172741.000Z
15000300,1,16000025,16000011,16000063,16000014,16000002,16000044,20260406T171844.000Z
15000300,1,16000025,16000011,16000063,16000014,16000002,16000044,20260406T171633.000Z
15000007,0,16000004,16000059,16000103,16000044,16000063,16000011,20260406T171150.000Z
15000007,0,16000004,16000059,16000103,16000044,16000063,16000011,20260406T170916.000Z
15000132,0,16000074,16000063,16000012,16000011,16000004,16000029,20260406T170203.000Z
15000132,0,16000074,16000063,16000012,16000011,16000004,16000029,20260406T165915.000Z
15000132,1,16000074,16000063,16000012,16000011,16000004,16000029,20260406T165558.000Z
15000019,1,16000099,16000019,16000025,16000040,16000003,16000012,20260406T165026.000Z
15000019,1,16000099,16000019,16000025,16000040,16000003,16000012,20260406T164737.000Z
15000019,0,16000099,16000019,16000025,16000040,16000003,16000012,20260406T164527.000Z
15000072,0,16000078,16000042,16000083,16000073,16000012,16000059,20260406T163945.000Z
15000072,0,16000078,16000042,16000083,16000073,16000012,16000059,20260406T163814.000Z
15000368,0,16000003,16000021,16000066,16000015,16000042,16000100,20260406T163349.000Z
15000368,0,16000003,16000021,16000066,16000015,16000042,16000100,20260406T163104.000Z
15000703,1,16000015,16000003,16000064,16000023,16000094,16000042,20260406T162638.000Z
15000703,1,16000015,16000003,16000064,16000023,16000094,16000042,20260406T162440.000Z
15000011,1,16000063,16000028,16000089,16000085,16000040,16000012,20260406T173643.000Z
15000011,1,16000063,16000028,16000089,16000085,16000040,16000012,20260406T173419.000Z
15000019,1,16000012,16000019,16000040,16000074,16000001,16000005,20260406T172927.000Z
15000019,0,16000012,16000019,16000040,16000074,16000001,16000005,20260406T172638.000Z
15000019,1,16000012,16000019,16000040,16000074,16000001,16000005,20260406T172350.000Z
15000300,0,16000012,16000016,16000011,16000083,16000023,16000074,20260406T171811.000Z
15000300,0,16000012,16000016,16000011,16000083,16000023,16000074,20260406T171619.000Z
15000118,1,16000045,16000103,16000102,16000099,16000081,16000083,20260406T170838.000Z
15000118,0,16000045,16000103,16000102,16000099,16000081,16000083,20260406T170713.000Z
15000118,1,16000045,16000103,16000102,16000099,16000081,16000083,20260406T170424.000Z
15001021,0,16000013,16000085,16000063,16000005,16000103,16000020,20260406T165933.000Z
15001021,0,16000013,16000085,16000063,16000005,16000103,16000020,20260406T165743.000Z
15001021,1,16000013,16000085,16000063,16000005,16000103,16000020,20260406T165455.000Z
15000548,0,16000021,16000005,16000099,16000046,16000015,16000023,20260406T165041.000Z
15000548,0,16000021,16000005,16000099,16000046,16000015,16000023,20260406T164809.000Z
15000072,0,16000001,16000005,16000079,16000059,16000073,16000023,20260406T164235.000Z
15000072,0,16000001,16000005,16000079,16000059,16000073,16000023,20260406T164107.000Z
15000072,0,16000040,16000094,16000103,16000095,16000079,16000099,20260406T163631.000Z
15000072,0,16000040,16000094,16000103,16000095,16000079,16000099,20260406T163441.000Z
15000053,1,16000030,16000026,16000040,16000008,16000001,16000002,20260406T162732.000Z
15000053,1,16000030,16000026,16000040,16000008,16000001,16000002,20260406T162444.000Z
15000050,1,16000095,16000030,16000089,16000005,16000004,16000011,20260406T161803.000Z
15000050,1,16000095,16000030,16000089,16000005,16000004,16000011,20260406T161514.000Z
15000292,1,16000085,16000074,16000089,16000002,16000029,16000044,20260406T161136.000Z
15000292,1,16000085,16000074,16000089,16000002,16000029,16000044,20260406T160952.000Z
15000115,0,16000002,16000005,16000040,16000059,16000000,16000011,20260406T150929.000Z
15000115,0,16000002,16000005,16000040,16000059,16000000,16000011,20260406T150716.000Z
15000293,1,16000002,16000087,16000047,16000070,16000043,16000083,20260406T150241.000Z
15000293,1,16000002,16000087,16000047,16000070,16000043,16000083,20260406T150028.000Z
15000293,0,16000002,16000087,16000047,16000070,16000043,16000083,20260406T145820.000Z
15000050,1,16000002,16000014,16000028,16000070,16000012,16000099,20260406T145150.000Z
15000050,1,16000002,16000014,16000028,16000070,16000012,16000099,20260406T144941.000Z
15000050,1,16000005,16000063,16000025,16000083,16000004,16000008,20260406T144337.000Z
15000050,1,16000005,16000063,16000025,16000083,16000004,16000008,20260406T144029.000Z
15000011,1,16000063,16000061,16000030,16000023,16000059,16000011,20260406T143411.000Z
15000011,0,16000063,16000061,16000030,16000023,16000059,16000011,20260406T143151.000Z
15000011,1,16000063,16000061,16000030,16000023,16000059,16000011,20260406T143010.000Z
15000011,0,16000012,16000057,16000059,16000083,16000025,16000029,20260406T154830.000Z
15000011,0,16000012,16000057,16000059,16000083,16000025,16000029,20260406T154624.000Z
15000440,1,16000044,16000011,16000021,16000003,16000023,16000037,20260406T154138.000Z
15000440,1,16000044,16000011,16000021,16000003,16000023,16000037,20260406T153822.000Z
15000115,1,16000021,16000012,16000074,16000101,16000063,16000002,20260406T172413.000Z
15000115,1,16000021,16000012,16000074,16000101,16000063,16000002,20260406T172223.000Z
15001021,1,16000023,16000001,16000029,16000086,16000089,16000013,20260406T170830.000Z
15001021,1,16000023,16000001,16000029,16000086,16000089,16000013,20260406T170552.000Z
15001021,1,16000062,16000099,16000004,16000011,16000012,16000063,20260406T170057.000Z
15001021,0,16000062,16000099,16000004,16000011,16000012,16000063,20260406T165944.000Z
15001021,1,16000062,16000099,16000004,16000011,16000012,16000063,20260406T165646.000Z
15000368,1,16000044,16000023,16000042,16000089,16000004,16000005,20260406T165120.000Z
15000368,1,16000044,16000023,16000042,16000089,16000004,16000005,20260406T165003.000Z
15000025,1,16000012,16000089,16000023,16000059,16000086,16000008,20260406T164526.000Z
15000025,1,16000012,16000089,16000023,16000059,16000086,16000008,20260406T164337.000Z
15000548,0,16000015,16000003,16000056,16000079,16000021,16000072,20260406T163818.000Z
15000548,0,16000015,16000003,16000056,16000079,16000021,16000072,20260406T163605.000Z
15000007,0,16000005,16000083,16000044,16000011,16000012,16000002,20260406T163217.000Z
15000007,0,16000005,16000083,16000044,16000011,16000012,16000002,20260406T162928.000Z
15000007,1,16000005,16000083,16000044,16000011,16000012,16000002,20260406T162730.000Z
15000007,0,16000030,16000012,16000011,16000063,16000023,16000028,20260406T162332.000Z
15000007,0,16000030,16000012,16000011,16000063,16000023,16000028,20260406T162136.000Z
15000007,1,16000030,16000012,16000011,16000063,16000023,16000028,20260406T161952.000Z
15000010,1,16000017,16000002,16000014,16000059,16000063,16000011,20260406T110756.000Z
15000010,1,16000017,16000002,16000014,16000059,16000063,16000011,20260406T110535.000Z
15000306,1,16000019,16000099,16000042,16000011,16000012,16000017,20260406T110056.000Z
15000306,1,16000019,16000099,16000042,16000011,16000012,16000017,20260406T105920.000Z
15000292,1,16000044,16000063,16000083,16000005,16000082,16000011,20260406T173008.000Z
15000292,1,16000044,16000063,16000083,16000005,16000082,16000011,20260406T172721.000Z
15000368,1,16000023,16000004,16000037,16000012,16000064,16000046,20260406T172017.000Z
15000368,1,16000023,16000004,16000037,16000012,16000064,16000046,20260406T171855.000Z
15000025,0,16000063,16000085,16000023,16000030,16000089,16000026,20260406T171424.000Z
15000025,0,16000063,16000085,16000023,16000030,16000089,16000026,20260406T171331.000Z
15000011,1,16000074,16000001,16000023,16000059,16000063,16000011,20260406T164632.000Z
15000011,1,16000074,16000001,16000023,16000059,16000063,16000011,20260406T164346.000Z
15000011,0,16000074,16000001,16000023,16000059,16000063,16000011,20260406T164134.000Z
15000025,0,16000102,16000001,16000005,16000011,16000087,16000103,20260406T163733.000Z
15000025,0,16000102,16000001,16000005,16000011,16000087,16000103,20260406T163601.000Z
15000005,1,16000046,16000023,16000079,16000011,16000012,16000021,20260406T162811.000Z
15000005,1,16000046,16000023,16000079,16000011,16000012,16000021,20260406T162552.000Z
15000022,1,16000089,16000005,16000044,16000023,16000099,16000003,20260406T162026.000Z
15000022,1,16000089,16000005,16000044,16000023,16000099,16000003,20260406T161808.000Z
15000022,0,16000089,16000005,16000044,16000023,16000099,16000003,20260406T161550.000Z
15000292,1,16000023,16000044,16000099,16000014,16000012,16000086,20260406T161113.000Z
15000292,1,16000023,16000044,16000099,16000014,16000012,16000086,20260406T160947.000Z
15001021,0,16000083,16000068,16000044,16000099,16000012,16000001,20260406T164801.000Z
15001021,0,16000083,16000068,16000044,16000099,16000012,16000001,20260406T164627.000Z
15000053,0,16000103,16000102,16000002,16000082,16000008,16000059,20260406T164141.000Z
15000053,0,16000103,16000102,16000002,16000082,16000008,16000059,20260406T163958.000Z
15000143,1,16000063,16000026,16000045,16000044,16000023,16000012,20260406T163358.000Z
15000143,0,16000063,16000026,16000045,16000044,16000023,16000012,20260406T163226.000Z
15000143,1,16000063,16000026,16000045,16000044,16000023,16000012,20260406T162937.000Z
15000118,0,16000063,16000070,16000102,16000014,16000030,16000023,20260406T162423.000Z
15000118,0,16000063,16000070,16000102,16000014,16000030,16000023,20260406T162134.000Z
15000548,1,16000023,16000079,16000036,16000015,16000003,16000021,20260406T161646.000Z
15000548,1,16000023,16000079,16000036,16000015,16000003,16000021,20260406T161330.000Z
15000132,1,16000103,16000040,16000083,16000039,16000001,16000012,20260406T160907.000Z
15000132,1,16000103,16000040,16000083,16000039,16000001,16000012,20260406T160645.000Z
15000292,1,16000103,16000028,16000073,16000051,16000011,16000089,20260406T160211.000Z
15000292,1,16000103,16000028,16000073,16000051,16000011,16000089,20260406T160032.000Z
15000703,1,16000021,16000098,16000003,16000004,16000099,16000023,20260406T155448.000Z
15000703,1,16000021,16000098,16000003,16000004,16000099,16000023,20260406T155303.000Z
15000300,0,16000102,16000023,16000092,16000063,16000012,16000019,20260406T142229.000Z
15000300,1,16000102,16000023,16000092,16000063,16000012,16000019,20260406T142001.000Z
15000300,0,16000102,16000023,16000092,16000063,16000012,16000019,20260406T141835.000Z
15000072,0,16000046,16000079,16000036,16000001,16000042,16000099,20260406T141144.000Z
15000072,1,16000046,16000079,16000036,16000001,16000042,16000099,20260406T140856.000Z
15000072,0,16000046,16000079,16000036,16000001,16000042,16000099,20260406T140608.000Z
15000368,1,16000099,16000066,16000015,16000012,16000042,16000003,20260406T140112.000Z
15000368,1,16000099,16000066,16000015,16000012,16000042,16000003,20260406T140016.000Z
15000368,0,16000079,16000064,16000102,16000021,16000090,16000042,20260406T135553.000Z
15000368,0,16000079,16000064,16000102,16000021,16000090,16000042,20260406T135333.000Z
15000368,1,16000079,16000064,16000102,16000021,16000090,16000042,20260406T135150.000Z
15000292,1,16000103,16000059,16000002,16000092,16000030,16000013,20260406T134527.000Z
15000292,1,16000103,16000059,16000002,16000092,16000030,16000013,20260406T134314.000Z
15000300,0,16000005,16000019,16000092,16000074,16000023,16000014,20260406T133315.000Z
15000300,0,16000005,16000019,16000092,16000074,16000023,16000014,20260406T133136.000Z
15000019,1,16000073,16000070,16000075,16000005,16000008,16000002,20260406T132629.000Z
15000019,1,16000073,16000070,16000075,16000005,16000008,16000002,20260406T132509.000Z
15000132,0,16000063,16000001,16000059,16000004,16000089,16000012,20260406T132054.000Z
15000132,0,16000063,16000001,16000059,16000004,16000089,16000012,20260406T131805.000Z
15000053,0,16000009,16000078,16000002,16000066,16000059,16000073,20260406T131409.000Z
15000053,1,16000009,16000078,16000002,16000066,16000059,16000073,20260406T131216.000Z
15000053,0,16000009,16000078,16000002,16000066,16000059,16000073,20260406T131007.000Z
15000011,1,16000059,16000005,16000011,16000074,16000040,16000063,20260406T130515.000Z
15000011,1,16000059,16000005,16000011,16000074,16000040,16000063,20260406T130338.000Z
15000132,1,16000089,16000002,16000063,16000004,16000095,16000001,20260406T174414.000Z
15000132,1,16000089,16000002,16000063,16000004,16000095,16000001,20260406T174149.000Z
15000132,0,16000089,16000002,16000063,16000004,16000095,16000001,20260406T173949.000Z
15000053,1,16000026,16000070,16000099,16000001,16000078,16000004,20260406T173223.000Z
15000053,1,16000026,16000070,16000099,16000001,16000078,16000004,20260406T173002.000Z
15000703,1,16000042,16000021,16000015,16000099,16000003,16000036,20260406T172338.000Z
15000703,1,16000042,16000021,16000015,16000099,16000003,16000036,20260406T172139.000Z
15000022,1,16000064,16000023,16000042,16000061,16000089,16000021,20260406T135459.000Z
15000022,0,16000064,16000023,16000042,16000061,16000089,16000021,20260406T135240.000Z
15000022,1,16000064,16000023,16000042,16000061,16000089,16000021,20260406T135051.000Z
15000440,0,16000031,16000011,16000062,16000077,16000102,16000023,20260406T134619.000Z
15000440,0,16000031,16000011,16000062,16000077,16000102,16000023,20260406T134423.000Z
15000440,1,16000031,16000011,16000062,16000077,16000102,16000023,20260406T134227.000Z
15000083,1,16000021,16000023,16000090,16000043,16000012,16000003,20260406T133344.000Z
15000083,1,16000021,16000023,16000090,16000043,16000012,16000003,20260406T133125.000Z
15000548,1,16000061,16000099,16000003,16000047,16000042,16000079,20260406T132508.000Z
15000548,0,16000061,16000099,16000003,16000047,16000042,16000079,20260406T132240.000Z
15000548,1,16000061,16000099,16000003,16000047,16000042,16000079,20260406T132056.000Z
15000306,1,16000037,16000089,16000023,16000005,16000002,16000099,20260406T131547.000Z
15000306,1,16000037,16000089,16000023,16000005,16000002,16000099,20260406T131323.000Z
15000082,0,16000089,16000011,16000012,16000087,16000019,16000025,20260406T130459.000Z
15000082,0,16000089,16000011,16000012,16000087,16000019,16000025,20260406T130241.000Z
15000293,1,16000038,16000059,16000026,16000002,16000070,16000012,20260406T125749.000Z
15000293,1,16000038,16000059,16000026,16000002,16000070,16000012,20260406T125624.000Z
15000548,1,16000029,16000001,16000021,16000061,16000023,16000095,20260406T174717.000Z
15000548,0,16000029,16000001,16000021,16000061,16000023,16000095,20260406T174549.000Z
15000548,1,16000029,16000001,16000021,16000061,16000023,16000095,20260406T174438.000Z
15000010,1,16000059,16000004,16000023,16000063,16000099,16000086,20260406T173728.000Z
15000010,1,16000059,16000004,16000023,16000063,16000099,16000086,20260406T173522.000Z
15000005,0,16000021,16000083,16000099,16000042,16000036,16000079,20260406T172957.000Z
15000005,0,16000021,16000083,16000099,16000042,16000036,16000079,20260406T172751.000Z
15000306,0,16000096,16000012,16000098,16000083,16000014,16000085,20260406T164605.000Z
15000306,0,16000096,16000012,16000098,16000083,16000014,16000085,20260406T164427.000Z
15000306,1,16000096,16000012,16000098,16000083,16000014,16000085,20260406T164242.000Z
15000082,1,16000042,16000006,16000086,16000062,16000059,16000066,20260406T151052.000Z
15000082,1,16000042,16000006,16000086,16000062,16000059,16000066,20260406T150834.000Z
15000115,0,16000011,16000059,16000017,16000008,16000030,16000023,20260406T150142.000Z
15000115,0,16000011,16000059,16000017,16000008,16000030,16000023,20260406T145955.000Z
15000011,0,16000074,16000044,16000102,16000005,16000025,16000012,20260406T144305.000Z
15000011,0,16000074,16000044,16000102,16000005,16000025,16000012,20260406T144051.000Z
15000118,0,16000086,16000083,16000001,16000096,16000005,16000023,20260406T142459.000Z
15000118,0,16000086,16000083,16000001,16000096,16000005,16000023,20260406T142326.000Z
15000292,0,16000011,16000063,16000092,16000045,16000102,16000028,20260406T141305.000Z
15000292,1,16000011,16000063,16000092,16000045,16000102,16000028,20260406T141042.000Z
15000292,0,16000011,16000063,16000092,16000045,16000102,16000028,20260406T140834.000Z
15000440,1,16000003,16000023,16000079,16000042,16000076,16000005,20260406T140245.000Z
15000440,1,16000003,16000023,16000079,16000042,16000076,16000005,20260406T140108.000Z
15000440,0,16000003,16000023,16000079,16000042,16000076,16000005,20260406T135902.000Z
15000007,0,16000103,16000024,16000097,16000004,16000011,16000099,20260403T121810.000Z
15000007,1,16000103,16000024,16000097,16000004,16000011,16000099,20260403T121542.000Z
15000007,0,16000103,16000024,16000097,16000004,16000011,16000099,20260403T121336.000Z
15000368,0,16000061,16000099,16000022,16000081,16000005,16000003,20260403T120857.000Z
15000368,0,16000061,16000099,16000022,16000081,16000005,16000003,20260403T120553.000Z
15000368,1,16000061,16000099,16000022,16000081,16000005,16000003,20260403T120213.000Z
15000082,1,16000099,16000024,16000030,16000021,16000023,16000006,20260403T115501.000Z
15000082,1,16000099,16000024,16000030,16000021,16000023,16000006,20260403T115302.000Z
15000082,0,16000099,16000024,16000030,16000021,16000023,16000006,20260403T115044.000Z
15000300,1,16000101,16000042,16000020,16000023,16000011,16000005,20260403T114553.000Z
15000300,1,16000101,16000042,16000020,16000023,16000011,16000005,20260403T114357.000Z
15000010,0,16000028,16000014,16000017,16000002,16000070,16000012,20260402T205601.000Z
15000010,0,16000028,16000014,16000017,16000002,16000070,16000012,20260402T205342.000Z
15000010,1,16000028,16000014,16000017,16000002,16000070,16000012,20260402T205102.000Z
15000143,1,16000001,16000063,16000018,16000011,16000044,16000026,20260403T001705.000Z
15000143,1,16000001,16000063,16000018,16000011,16000044,16000026,20260403T001429.000Z
15000025,1,16000009,16000063,16000004,16000012,16000001,16000084,20260403T000542.000Z
15000025,0,16000009,16000063,16000004,16000012,16000001,16000084,20260403T000254.000Z
15000025,1,16000009,16000063,16000004,16000012,16000001,16000084,20260403T000005.000Z
15000306,1,16000019,16000099,16000006,16000011,16000005,16000014,20260402T235447.000Z
15000306,1,16000019,16000099,16000006,16000011,16000005,16000014,20260402T235245.000Z
15000368,1,16000004,16000001,16000036,16000021,16000023,16000065,20260402T234653.000Z
15000368,1,16000004,16000001,16000036,16000021,16000023,16000065,20260402T234355.000Z
15000072,1,16000029,16000063,16000078,16000099,16000059,16000012,20260402T233947.000Z
15000072,1,16000029,16000063,16000078,16000099,16000059,16000012,20260402T233756.000Z
15000368,1,16000004,16000012,16000022,16000099,16000023,16000003,20260402T233345.000Z
15000368,1,16000004,16000012,16000022,16000099,16000023,16000003,20260402T233217.000Z
15000010,1,16000004,16000029,16000063,16000062,16000072,16000059,20260402T232805.000Z
15000010,1,16000004,16000029,16000063,16000062,16000072,16000059,20260402T232614.000Z
15000703,1,16000061,16000029,16000089,16000099,16000101,16000003,20260402T232159.000Z
15000703,1,16000061,16000029,16000089,16000099,16000101,16000003,20260402T232013.000Z
15000072,1,16000039,16000040,16000099,16000015,16000036,16000056,20260402T231408.000Z
15000072,1,16000039,16000040,16000099,16000015,16000036,16000056,20260402T231253.000Z
15000293,1,16000089,16000063,16000011,16000023,16000029,16000012,20260402T230714.000Z
15000293,0,16000089,16000063,16000011,16000023,16000029,16000012,20260402T230545.000Z
15000293,1,16000089,16000063,16000011,16000023,16000029,16000012,20260402T230304.000Z
15000143,1,16000029,16000001,16000103,16000004,16000011,16000005,20260402T225445.000Z
15000143,1,16000029,16000001,16000103,16000004,16000011,16000005,20260402T225352.000Z
15000548,0,16000061,16000031,16000015,16000023,16000036,16000003,20260406T150205.000Z
15000548,1,16000061,16000031,16000015,16000023,16000036,16000003,20260406T145900.000Z
15000548,0,16000061,16000031,16000015,16000023,16000036,16000003,20260406T145656.000Z
15000082,1,16000098,16000009,16000102,16000005,16000069,16000087,20260406T160816.000Z
15000082,1,16000098,16000009,16000102,16000005,16000069,16000087,20260406T160648.000Z
15000300,1,16000103,16000019,16000071,16000082,16000065,16000036,20260406T155918.000Z
15000300,1,16000103,16000019,16000071,16000082,16000065,16000036,20260406T155736.000Z
15000300,0,16000103,16000019,16000071,16000082,16000065,16000036,20260406T155517.000Z
15000292,1,16000102,16000085,16000014,16000011,16000099,16000098,20260406T174205.000Z
15000292,1,16000102,16000085,16000014,16000011,16000099,16000098,20260406T173953.000Z
15000050,0,16000044,16000063,16000012,16000059,16000074,16000023,20260406T173523.000Z
15000050,1,16000044,16000063,16000012,16000059,16000074,16000023,20260406T173346.000Z
15000050,0,16000044,16000063,16000012,16000059,16000074,16000023,20260406T173043.000Z
15000018,1,16000001,16000046,16000040,16000005,16000025,16000012,20260406T172548.000Z
15000018,0,16000001,16000046,16000040,16000005,16000025,16000012,20260406T172259.000Z
15000018,1,16000001,16000046,16000040,16000005,16000025,16000012,20260406T172036.000Z
15000306,0,16000098,16000099,16000063,16000037,16000012,16000089,20260406T171453.000Z
15000306,0,16000098,16000099,16000063,16000037,16000012,16000089,20260406T171317.000Z
15000050,0,16000005,16000002,16000004,16000063,16000097,16000102,20260406T170959.000Z
15000050,0,16000005,16000002,16000004,16000063,16000097,16000102,20260406T170733.000Z
15000050,0,16000005,16000002,16000004,16000063,16000097,16000102,20260406T170612.000Z
15000018,0,16000025,16000059,16000040,16000001,16000078,16000002,20260406T165956.000Z
15000018,0,16000025,16000059,16000040,16000001,16000078,16000002,20260406T165738.000Z
15000005,1,16000021,16000011,16000036,16000099,16000012,16000005,20260406T165249.000Z
15000005,0,16000021,16000011,16000036,16000099,16000012,16000005,20260406T165031.000Z
15000005,1,16000021,16000011,16000036,16000099,16000012,16000005,20260406T164812.000Z
15000022,0,16000098,16000025,16000012,16000046,16000023,16000021,20260406T164220.000Z
15000022,0,16000098,16000025,16000012,16000046,16000023,16000021,20260406T164015.000Z
15000025,1,16000005,16000085,16000103,16000067,16000012,16000028,20260406T163458.000Z
15000025,1,16000005,16000085,16000103,16000067,16000012,16000028,20260406T163247.000Z
15000053,0,16000008,16000001,16000002,16000030,16000026,16000040,20260406T162732.000Z
15000053,0,16000008,16000001,16000002,16000030,16000026,16000040,20260406T162444.000Z
15000082,0,16000015,16000085,16000099,16000012,16000059,16000003,20260406T175142.000Z
15000440,0,16000014,16000099,16000005,16000004,16000003,16000042,20260406T174339.000Z
15000440,0,16000014,16000099,16000005,16000004,16000003,16000042,20260406T174126.000Z
15000440,1,16000014,16000099,16000005,16000004,16000003,16000042,20260406T173754.000Z
15000083,1,16000023,16000011,16000001,16000009,16000099,16000022,20260406T173417.000Z
15000083,1,16000023,16000011,16000001,16000009,16000099,16000022,20260406T173316.000Z
15000072,0,16000025,16000014,16000099,16000001,16000005,16000008,20260406T172956.000Z
15000072,0,16000025,16000014,16000099,16000001,16000005,16000008,20260406T172710.000Z
15000072,1,16000025,16000014,16000099,16000001,16000005,16000008,20260406T172421.000Z
15000053,1,16000043,16000004,16000083,16000049,16000043,16000004,20260406T171853.000Z
15000306,1,16000002,16000014,16000064,16000083,16000014,16000035,20260406T171622.000Z
15000292,0,16000038,16000001,16000103,16000063,16000022,16000035,20260406T171301.000Z
15000132,1,16000083,16000004,16000030,16000030,16000102,16000011,20260406T170342.000Z
15000053,0,16000083,16000022,16000001,16000012,16000073,16000008,20260406T165943.000Z
15000293,1,16000083,16000000,16000030,16000043,16000002,16000086,20260406T165651.000Z
15000368,0,16000009,16000043,16000102,16000025,16000005,16000048,20260406T165411.000Z
15000019,1,16000043,16000030,16000075,16000005,16000023,16000001,20260406T165108.000Z
15000022,1,16000009,16000103,16000012,16000043,16000023,16000001,20260406T164810.000Z
15000050,0,16000000,16000010,16000049,16000071,16000022,16000004,20260406T164523.000Z
15000083,0,16000030,16000022,16000103,16000075,16000012,16000103,20260405T223634.000Z
15000050,1,16000002,16000085,16000010,16000014,16000043,16000004,20260405T222114.000Z
15000005,1,16000023,16000061,16000103,16000043,16000001,16000014,20260405T221821.000Z
15000072,1,16000003,16000078,16000030,16000009,16000012,16000035,20260405T221504.000Z
15000083,0,16000004,16000048,16000081,16000102,16000012,16000011,20260403T072347.000Z
15000083,0,16000004,16000048,16000081,16000102,16000012,16000011,20260403T072207.000Z
15000072,1,16000039,16000019,16000079,16000023,16000042,16000004,20260403T071839.000Z
15000072,1,16000039,16000019,16000079,16000023,16000042,16000004,20260403T071649.000Z
15000118,0,16000000,16000071,16000059,16000102,16000001,16000014,20260403T070704.000Z
15000118,0,16000000,16000071,16000059,16000102,16000001,16000014,20260403T070415.000Z
15000118,1,16000000,16000071,16000059,16000102,16000001,16000014,20260403T070126.000Z
15000306,1,16000026,16000017,16000011,16000049,16000009,16000007,20260403T065540.000Z
15000306,1,16000026,16000017,16000011,16000049,16000009,16000007,20260403T065416.000Z
15000300,1,16000102,16000029,16000050,16000026,16000041,16000071,20260403T065046.000Z
15000293,1,16000054,16000048,16000026,16000075,16000014,16000050,20260403T064813.000Z
15000010,1,16000002,16000004,16000007,16000012,16000014,16000011,20260403T064400.000Z
15000010,1,16000075,16000070,16000004,16000012,16000070,16000038,20260403T064036.000Z
15000007,1,16000026,16000103,16000070,16000044,16000061,16000013,20260403T063737.000Z
15000019,1,16000002,16000011,16000043,16000001,16000043,16000007,20260403T063247.000Z
15000115,1,16000039,16000026,16000002,16000023,16000043,16000020,20260403T062906.000Z
15000306,0,16000004,16000030,16000005,16000030,16000004,16000098,20260403T062531.000Z
15000132,1,16000010,16000071,16000002,16000001,16000030,16000071,20260403T062219.000Z
15000072,1,16000003,16000001,16000079,16000056,16000004,16000065,20260406T053108.000Z
15000072,1,16000003,16000001,16000079,16000056,16000004,16000065,20260406T052950.000Z
15000115,1,16000012,16000083,16000002,16000070,16000024,16000026,20260406T052612.000Z
15000115,1,16000012,16000083,16000002,16000070,16000024,16000026,20260406T052419.000Z
15000440,0,16000023,16000071,16000064,16000030,16000079,16000072,20260406T051947.000Z
15000440,0,16000023,16000071,16000064,16000030,16000079,16000072,20260406T051705.000Z
15000018,1,16000012,16000094,16000078,16000002,16000003,16000025,20260406T174318.000Z
15000018,1,16000012,16000094,16000078,16000002,16000003,16000025,20260406T174128.000Z
15000548,0,16000047,16000012,16000021,16000036,16000042,16000023,20260406T161951.000Z
15000548,0,16000047,16000012,16000021,16000036,16000042,16000023,20260406T161709.000Z
15000548,1,16000047,16000012,16000021,16000036,16000042,16000023,20260406T161455.000Z
15000005,0,16000036,16000025,16000064,16000021,16000042,16000079,20260406T161137.000Z
15000005,0,16000036,16000025,16000064,16000021,16000042,16000079,20260406T160921.000Z
15000293,1,16000029,16000098,16000023,16000026,16000074,16000083,20260406T160420.000Z
15000293,1,16000029,16000098,16000023,16000026,16000074,16000083,20260406T160225.000Z
15000548,1,16000005,16000090,16000003,16000079,16000095,16000046,20260406T155709.000Z
15000548,1,16000005,16000090,16000003,16000079,16000095,16000046,20260406T155509.000Z
15000548,0,16000061,16000003,16000012,16000093,16000079,16000090,20260406T155134.000Z
15000548,0,16000061,16000003,16000012,16000093,16000079,16000090,20260406T154822.000Z
15000548,1,16000061,16000003,16000012,16000093,16000079,16000090,20260406T154532.000Z
15000293,0,16000008,16000063,16000012,16000085,16000070,16000084,20260406T153847.000Z
15000293,0,16000008,16000063,16000012,16000085,16000070,16000084,20260406T153617.000Z
15000050,0,16000023,16000005,16000004,16000063,16000102,16000059,20260406T153135.000Z
15000050,0,16000023,16000005,16000004,16000063,16000102,16000059,20260406T152846.000Z
15001021,0,16000063,16000103,16000044,16000011,16000023,16000005,20260406T152315.000Z
15001021,0,16000063,16000103,16000044,16000011,16000023,16000005,20260406T152216.000Z
15001021,1,16000063,16000103,16000044,16000011,16000023,16000005,20260406T151928.000Z
15000548,0,16000021,16000001,16000046,16000079,16000036,16000015,20260406T151605.000Z
15000548,0,16000021,16000001,16000046,16000079,16000036,16000015,20260406T151421.000Z
15000132,1,16000063,16000089,16000012,16000004,16000059,16000005,20260406T150949.000Z
15000132,1,16000063,16000089,16000012,16000004,16000059,16000005,20260406T150651.000Z
15000132,0,16000063,16000089,16000012,16000004,16000059,16000005,20260406T150404.000Z
15000007,0,16000023,16000099,16000002,16000044,16000011,16000012,20260406T145721.000Z
15000007,0,16000023,16000099,16000002,16000044,16000011,16000012,20260406T145513.000Z
15000082,0,16000030,16000061,16000011,16000005,16000002,16000021,20260406T144841.000Z
15000082,0,16000030,16000061,16000011,16000005,16000002,16000021,20260406T144635.000Z
15000292,1,16000047,16000011,16000028,16000015,16000012,16000002,20260406T175332.000Z
15000007,1,16000014,16000044,16000002,16000004,16000046,16000070,20260406T175443.000Z
15000007,1,16000014,16000044,16000002,16000004,16000046,16000070,20260406T175234.000Z
15000082,0,16000015,16000085,16000099,16000012,16000059,16000003,20260406T175555.000Z
15000082,1,16000015,16000085,16000099,16000012,16000059,16000003,20260406T175345.000Z
15000018,1,16000011,16000012,16000075,16000003,16000005,16000001,20260406T175844.000Z
15000300,1,16000059,16000019,16000014,16000005,16000047,16000023,20260406T180831.000Z
15000025,0,16000099,16000063,16000045,16000044,16000005,16000042,20260406T180248.000Z
15000025,1,16000099,16000063,16000045,16000044,16000005,16000042,20260406T180105.000Z
15000025,0,16000099,16000063,16000045,16000044,16000005,16000042,20260406T175726.000Z
15000053,1,16000002,16000102,16000030,16000001,16000078,16000012,20260406T180820.000Z
15000053,0,16000002,16000102,16000030,16000001,16000078,16000012,20260406T180647.000Z
15000115,1,16000012,16000063,16000002,16000030,16000023,16000026,20260406T180146.000Z
15000115,1,16000012,16000063,16000002,16000030,16000023,16000026,20260406T175930.000Z
15000440,1,16000032,16000062,16000103,16000047,16000081,16000066,20260406T180901.000Z
15000011,0,16000011,16000064,16000063,16000029,16000012,16000004,20260406T180555.000Z
15000011,0,16000011,16000064,16000063,16000029,16000012,16000004,20260406T180415.000Z
15000011,1,16000011,16000064,16000063,16000029,16000012,16000004,20260406T180238.000Z
15000440,0,16000001,16000012,16000003,16000071,16000064,16000047,20260406T180914.000Z
15000018,0,16000094,16000002,16000004,16000001,16000075,16000083,20260406T181103.000Z
15000440,0,16000021,16000079,16000064,16000089,16000003,16000012,20260406T180642.000Z
15000440,1,16000021,16000079,16000064,16000089,16000003,16000012,20260406T180454.000Z
15000440,0,16000021,16000079,16000064,16000089,16000003,16000012,20260406T180252.000Z
15000118,1,16000085,16000043,16000001,16000068,16000102,16000008,20260406T180959.000Z
15000118,1,16000085,16000043,16000001,16000068,16000102,16000008,20260406T180700.000Z
15000053,0,16000011,16000004,16000041,16000075,16000001,16000026,20260406T180644.000Z
15000053,0,16000011,16000004,16000041,16000075,16000001,16000026,20260406T180438.000Z
15000018,1,16000011,16000012,16000075,16000003,16000005,16000001,20260406T180112.000Z
15000300,1,16000059,16000019,16000014,16000005,16000047,16000023,20260406T181127.000Z
15000053,1,16000002,16000102,16000030,16000001,16000078,16000012,20260406T181002.000Z
15000440,1,16000032,16000062,16000103,16000047,16000081,16000066,20260406T181206.000Z
15000143,0,16000023,16000086,16000005,16000063,16000089,16000017,20260406T181206.000Z
15000072,1,16000042,16000012,16000023,16000001,16000099,16000079,20260406T181407.000Z
15000072,1,16000042,16000012,16000023,16000001,16000099,16000079,20260406T181122.000Z
15000440,1,16000001,16000012,16000003,16000071,16000064,16000047,20260406T181333.000Z
15000440,1,16000001,16000012,16000003,16000071,16000064,16000047,20260406T181155.000Z
15000018,0,16000094,16000002,16000004,16000001,16000075,16000083,20260406T181351.000Z
15000118,1,16000054,16000026,16000001,16000038,16000011,16000005,20260406T181639.000Z
15000118,0,16000054,16000026,16000001,16000038,16000011,16000005,20260406T181517.000Z
15000306,1,16000102,16000099,16000014,16000063,16000002,16000098,20260406T181640.000Z
15001021,0,16000042,16000099,16000074,16000011,16000029,16000012,20260406T182711.000Z
15001021,0,16000042,16000099,16000074,16000011,16000029,16000012,20260406T182423.000Z
15000025,0,16000044,16000026,16000005,16000012,16000023,16000030,20260406T181806.000Z
15000025,0,16000044,16000026,16000005,16000012,16000023,16000030,20260406T181644.000Z
15000050,1,16000005,16000001,16000012,16000004,16000070,16000008,20260406T181857.000Z
15000050,1,16000005,16000001,16000012,16000004,16000070,16000008,20260406T181709.000Z
15000050,0,16000005,16000001,16000012,16000004,16000070,16000008,20260406T181523.000Z
15000011,1,16000012,16000063,16000015,16000017,16000005,16000099,20260406T183341.000Z
15000011,0,16000012,16000063,16000015,16000017,16000005,16000099,20260406T183203.000Z
15000011,1,16000012,16000063,16000015,16000017,16000005,16000099,20260406T183019.000Z
15000293,1,16000044,16000099,16000063,16000066,16000026,16000011,20260406T182147.000Z
15000293,1,16000044,16000099,16000063,16000066,16000026,16000011,20260406T181956.000Z
15000368,1,16000079,16000044,16000021,16000003,16000064,16000004,20260406T182315.000Z
15000368,1,16000079,16000044,16000021,16000003,16000064,16000004,20260406T182117.000Z
15000703,1,16000023,16000068,16000103,16000025,16000065,16000046,20260406T183338.000Z
15000022,1,16000094,16000012,16000036,16000098,16000061,16000099,20260406T183331.000Z
15000022,1,16000094,16000012,16000036,16000098,16000061,16000099,20260406T183121.000Z
15000018,0,16000040,16000001,16000019,16000074,16000056,16000079,20260406T182538.000Z
15000018,0,16000040,16000001,16000019,16000074,16000056,16000079,20260406T182315.000Z
15000143,0,16000023,16000086,16000005,16000063,16000089,16000017,20260406T181816.000Z
15000143,0,16000023,16000086,16000005,16000063,16000089,16000017,20260406T181555.000Z
15000022,0,16000012,16000036,16000094,16000021,16000003,16000029,20260406T183221.000Z
15000022,0,16000012,16000036,16000094,16000021,16000003,16000029,20260406T183002.000Z
15000022,1,16000012,16000036,16000094,16000021,16000003,16000029,20260406T182744.000Z
15000011,0,16000004,16000095,16000025,16000005,16000011,16000001,20260406T183449.000Z
15000703,1,16000023,16000068,16000103,16000025,16000065,16000046,20260406T183514.000Z
15000082,1,16000102,16000042,16000023,16000098,16000086,16000014,20260406T182856.000Z
15000082,1,16000102,16000042,16000023,16000098,16000086,16000014,20260406T182637.000Z
15000050,0,16000014,16000083,16000001,16000026,16000012,16000029,20260406T182218.000Z
15000050,0,16000014,16000083,16000001,16000026,16000012,16000029,20260406T182121.000Z
15000022,1,16000021,16000103,16000094,16000042,16000026,16000036,20260406T183802.000Z
15000022,0,16000021,16000103,16000094,16000042,16000026,16000036,20260406T183543.000Z
15000025,0,16000102,16000004,16000029,16000077,16000063,16000012,20260406T183002.000Z
15000025,0,16000102,16000004,16000029,16000077,16000063,16000012,20260406T182829.000Z
15000115,1,16000063,16000014,16000102,16000059,16000012,16000025,20260406T182231.000Z
15000115,1,16000063,16000014,16000102,16000059,16000012,16000025,20260406T181937.000Z
15000083,1,16000011,16000012,16000048,16000023,16000003,16000081,20260406T182652.000Z
15000083,1,16000011,16000012,16000048,16000023,16000003,16000081,20260406T182536.000Z
15000118,1,16000054,16000026,16000001,16000038,16000011,16000005,20260406T181928.000Z
15000082,0,16000063,16000011,16000005,16000070,16000012,16000099,20260406T183914.000Z
15000082,1,16000063,16000011,16000005,16000070,16000012,16000099,20260406T183655.000Z
15000082,0,16000063,16000011,16000005,16000070,16000012,16000099,20260406T183437.000Z
15000025,1,16000077,16000063,16000012,16000102,16000004,16000029,20260406T183002.000Z
15000025,1,16000077,16000063,16000012,16000102,16000004,16000029,20260406T182829.000Z
15000132,1,16000047,16000063,16000005,16000084,16000059,16000012,20260406T182522.000Z
15000132,1,16000047,16000063,16000005,16000084,16000059,16000012,20260406T182349.000Z
15000306,1,16000102,16000099,16000014,16000063,16000002,16000098,20260406T181833.000Z
15000306,0,16000073,16000004,16000019,16000078,16000012,16000014,20260406T182403.000Z
15000306,0,16000073,16000004,16000019,16000078,16000012,16000014,20260406T182229.000Z
15000306,1,16000073,16000004,16000019,16000078,16000012,16000014,20260406T182022.000Z
15000022,0,16000015,16000099,16000098,16000012,16000079,16000036,20260406T183955.000Z
15000022,0,16000015,16000099,16000098,16000012,16000079,16000036,20260406T183801.000Z
15000011,0,16000063,16000026,16000089,16000017,16000084,16000023,20260406T172354.000Z
15000011,0,16000063,16000026,16000089,16000017,16000084,16000023,20260406T172135.000Z
15000306,0,16000103,16000099,16000081,16000013,16000005,16000029,20260406T171511.000Z
15000306,0,16000103,16000099,16000081,16000013,16000005,16000029,20260406T171242.000Z
15000703,1,16000064,16000098,16000005,16000001,16000061,16000042,20260406T170630.000Z
15000703,1,16000064,16000098,16000005,16000001,16000061,16000042,20260406T170457.000Z
15000115,1,16000099,16000005,16000011,16000063,16000019,16000070,20260406T165948.000Z
15000115,0,16000099,16000005,16000011,16000063,16000019,16000070,20260406T165755.000Z
15000115,1,16000099,16000005,16000011,16000063,16000019,16000070,20260406T165555.000Z
15000548,1,16000023,16000047,16000046,16000021,16000014,16000036,20260406T164806.000Z
15000548,1,16000023,16000047,16000046,16000021,16000014,16000036,20260406T164558.000Z
15001021,1,16000063,16000005,16000083,16000084,16000102,16000047,20260406T183357.000Z
15001021,1,16000063,16000005,16000083,16000084,16000102,16000047,20260406T183157.000Z
15001021,0,16000063,16000005,16000083,16000084,16000102,16000047,20260406T182850.000Z
15000548,1,16000056,16000046,16000003,16000015,16000099,16000042,20260406T182051.000Z
15000548,1,16000056,16000046,16000003,16000015,16000099,16000042,20260406T181920.000Z
15000118,1,16000098,16000004,16000002,16000012,16000045,16000000,20260406T181421.000Z
15000118,1,16000098,16000004,16000002,16000012,16000045,16000000,20260406T181309.000Z
15000050,1,16000026,16000086,16000008,16000081,16000102,16000084,20260406T180951.000Z
15000050,1,16000026,16000086,16000008,16000081,16000102,16000084,20260406T180855.000Z
15000019,1,16000056,16000019,16000083,16000073,16000004,16000059,20260406T180416.000Z
15000019,1,16000056,16000019,16000083,16000073,16000004,16000059,20260406T180227.000Z
15000025,1,16000012,16000098,16000028,16000005,16000017,16000006,20260406T175731.000Z
15000025,1,16000012,16000098,16000028,16000005,16000017,16000006,20260406T175506.000Z
15000548,1,16000042,16000056,16000025,16000048,16000015,16000003,20260406T173100.000Z
15000548,0,16000042,16000056,16000025,16000048,16000015,16000003,20260406T172925.000Z
15000548,1,16000042,16000056,16000025,16000048,16000015,16000003,20260406T172732.000Z
15000005,1,16000061,16000064,16000046,16000023,16000037,16000099,20260406T171840.000Z
15000005,1,16000061,16000064,16000046,16000023,16000037,16000099,20260406T171622.000Z
15000005,0,16000061,16000064,16000046,16000023,16000037,16000099,20260406T171410.000Z
15000440,1,16000062,16000048,16000021,16000012,16000099,16000046,20260406T133757.000Z
15000440,1,16000062,16000048,16000021,16000012,16000099,16000046,20260406T133555.000Z
15000022,1,16000061,16000065,16000015,16000029,16000079,16000001,20260406T181706.000Z
15000022,1,16000061,16000065,16000015,16000029,16000079,16000001,20260406T181519.000Z
15000053,0,16000005,16000073,16000001,16000059,16000075,16000082,20260406T181115.000Z
15000053,0,16000005,16000073,16000001,16000059,16000075,16000082,20260406T181022.000Z
15000306,0,16000030,16000023,16000099,16000074,16000014,16000005,20260406T180605.000Z
15000306,0,16000030,16000023,16000099,16000074,16000014,16000005,20260406T180349.000Z
15000132,1,16000005,16000062,16000059,16000030,16000006,16000089,20260405T231912.000Z
15000132,1,16000005,16000062,16000059,16000030,16000006,16000089,20260405T231608.000Z
15000132,0,16000005,16000062,16000059,16000030,16000006,16000089,20260405T231300.000Z
15000300,0,16000023,16000005,16000103,16000001,16000013,16000085,20260405T230729.000Z
15000300,0,16000023,16000005,16000103,16000001,16000013,16000085,20260405T230523.000Z
15000019,1,16000025,16000065,16000056,16000003,16000095,16000019,20260405T225830.000Z
15000019,1,16000025,16000065,16000056,16000003,16000095,16000019,20260405T225620.000Z
15000019,0,16000025,16000065,16000056,16000003,16000095,16000019,20260405T225340.000Z
15000053,0,16000059,16000012,16000002,16000004,16000070,16000005,20260405T224809.000Z
15000053,1,16000059,16000012,16000002,16000004,16000070,16000005,20260405T224521.000Z
15000053,0,16000059,16000012,16000002,16000004,16000070,16000005,20260405T224232.000Z
15000143,1,16000012,16000089,16000059,16000023,16000066,16000009,20260405T223541.000Z
15000143,1,16000012,16000089,16000059,16000023,16000066,16000009,20260405T223349.000Z
15000022,1,16000046,16000032,16000079,16000001,16000015,16000101,20260406T143721.000Z
15000022,1,16000046,16000032,16000079,16000001,16000015,16000101,20260406T143501.000Z
15000022,0,16000046,16000032,16000079,16000001,16000015,16000101,20260406T143308.000Z
15000025,0,16000023,16000011,16000005,16000071,16000087,16000030,20260406T093244.000Z
15000025,0,16000023,16000011,16000005,16000071,16000087,16000030,20260406T093031.000Z
15000440,1,16000004,16000042,16000065,16000012,16000061,16000102,20260406T092610.000Z
15000440,1,16000004,16000042,16000065,16000012,16000061,16000102,20260406T092438.000Z
15000293,1,16000012,16000026,16000035,16000002,16000098,16000089,20260406T091914.000Z
15000293,1,16000012,16000026,16000035,16000002,16000098,16000089,20260406T091729.000Z
15000293,0,16000012,16000026,16000035,16000002,16000098,16000089,20260406T091440.000Z
15000072,0,16000036,16000001,16000012,16000014,16000079,16000078,20260405T204803.000Z
15000072,0,16000036,16000001,16000012,16000014,16000079,16000078,20260405T204534.000Z
15000025,1,16000077,16000030,16000063,16000005,16000086,16000012,20260405T203941.000Z
15000025,1,16000077,16000030,16000063,16000005,16000086,16000012,20260405T203647.000Z
15000050,0,16000005,16000030,16000044,16000004,16000045,16000063,20260406T183707.000Z
15000050,0,16000005,16000030,16000044,16000004,16000045,16000063,20260406T183407.000Z
15000007,0,16000044,16000086,16000023,16000011,16000063,16000004,20260406T182728.000Z
15000007,0,16000044,16000086,16000023,16000011,16000063,16000004,20260406T182537.000Z
15000019,0,16000046,16000081,16000103,16000099,16000025,16000019,20260406T182038.000Z
15000019,0,16000046,16000081,16000103,16000099,16000025,16000019,20260406T181759.000Z
15000115,0,16000095,16000057,16000063,16000023,16000059,16000103,20260406T181219.000Z
15000115,0,16000095,16000057,16000063,16000023,16000059,16000103,20260406T181020.000Z
15000440,1,16000003,16000071,16000023,16000042,16000089,16000011,20260406T180154.000Z
15000440,1,16000003,16000071,16000023,16000042,16000089,16000011,20260406T180020.000Z
15000132,1,16000030,16000005,16000059,16000084,16000063,16000012,20260406T175531.000Z
15000132,1,16000030,16000005,16000059,16000084,16000063,16000012,20260406T175332.000Z
15000132,0,16000030,16000005,16000059,16000084,16000063,16000012,20260406T175107.000Z
15000306,0,16000019,16000044,16000012,16000098,16000063,16000103,20260406T174649.000Z
15000306,1,16000019,16000044,16000012,16000098,16000063,16000103,20260406T174442.000Z
15000306,0,16000019,16000044,16000012,16000098,16000063,16000103,20260406T174142.000Z
15000118,1,16000063,16000044,16000002,16000059,16000030,16000103,20260406T173705.000Z
15000118,1,16000063,16000044,16000002,16000059,16000030,16000103,20260406T173523.000Z
15000019,1,16000002,16000001,16000070,16000073,16000083,16000079,20260406T172133.000Z
15000019,1,16000002,16000001,16000070,16000073,16000083,16000079,20260406T171953.000Z
15000292,1,16000005,16000061,16000091,16000013,16000026,16000012,20260406T171517.000Z
15000292,1,16000005,16000061,16000091,16000013,16000026,16000012,20260406T171246.000Z
15000025,1,16000030,16000012,16000063,16000023,16000083,16000102,20260406T170141.000Z
15000025,0,16000030,16000012,16000063,16000023,16000083,16000102,20260406T165951.000Z
15000025,1,16000030,16000012,16000063,16000023,16000083,16000102,20260406T165834.000Z
15000019,1,16000025,16000046,16000081,16000012,16000065,16000075,20260406T142536.000Z
15000019,1,16000025,16000046,16000081,16000012,16000065,16000075,20260406T142401.000Z
15000025,0,16000063,16000084,16000067,16000023,16000030,16000098,20260406T142025.000Z
15000025,0,16000063,16000084,16000067,16000023,16000030,16000098,20260406T141736.000Z
15000025,1,16000063,16000084,16000067,16000023,16000030,16000098,20260406T141635.000Z
15000018,1,16000012,16000075,16000005,16000019,16000001,16000078,20260406T141108.000Z
15000018,0,16000012,16000075,16000005,16000019,16000001,16000078,20260406T140853.000Z
15000018,1,16000012,16000075,16000005,16000019,16000001,16000078,20260406T140721.000Z
15000082,0,16000099,16000097,16000003,16000005,16000089,16000063,20260406T140243.000Z
15000082,1,16000099,16000097,16000003,16000005,16000089,16000063,20260406T140024.000Z
15000082,0,16000099,16000097,16000003,16000005,16000089,16000063,20260406T135806.000Z
15000022,1,16000023,16000046,16000090,16000021,16000099,16000042,20260406T134849.000Z
15000022,1,16000023,16000046,16000090,16000021,16000099,16000042,20260406T134718.000Z
15000053,1,16000075,16000004,16000029,16000066,16000012,16000001,20260406T183938.000Z
15000053,1,16000075,16000004,16000029,16000066,16000012,16000001,20260406T183733.000Z
15000050,1,16000012,16000008,16000026,16000063,16000044,16000030,20260406T183104.000Z
15000050,1,16000012,16000008,16000026,16000063,16000044,16000030,20260406T182928.000Z
15000010,0,16000014,16000061,16000023,16000081,16000063,16000059,20260406T182216.000Z
15000010,0,16000014,16000061,16000023,16000081,16000063,16000059,20260406T182028.000Z
15000019,1,16000079,16000075,16000012,16000040,16000078,16000065,20260406T181512.000Z
15000019,1,16000079,16000075,16000012,16000040,16000078,16000065,20260406T181314.000Z
15000010,0,16000098,16000023,16000063,16000083,16000005,16000012,20260406T180712.000Z
15000010,0,16000098,16000023,16000063,16000083,16000005,16000012,20260406T180500.000Z
15000118,1,16000023,16000001,16000042,16000011,16000030,16000069,20260406T175611.000Z
15000118,1,16000023,16000001,16000042,16000011,16000030,16000069,20260406T175501.000Z
15000306,1,16000026,16000012,16000085,16000032,16000064,16000070,20260406T175104.000Z
15000306,1,16000026,16000012,16000085,16000032,16000064,16000070,20260406T174922.000Z
15000018,1,16000003,16000001,16000079,16000036,16000103,16000081,20260406T174458.000Z
15000018,0,16000003,16000001,16000079,16000036,16000103,16000081,20260406T174304.000Z
15000018,1,16000003,16000001,16000079,16000036,16000103,16000081,20260406T174015.000Z
15000053,0,16000030,16000025,16000012,16000004,16000018,16000098,20260406T173525.000Z
15000053,0,16000030,16000025,16000012,16000004,16000018,16000098,20260406T173249.000Z
15000300,1,16000044,16000014,16000028,16000023,16000029,16000026,20260406T172429.000Z
15000300,1,16000044,16000014,16000028,16000023,16000029,16000026,20260406T172215.000Z
15000368,0,16000012,16000004,16000046,16000003,16000023,16000021,20260406T171704.000Z
15000368,0,16000012,16000004,16000046,16000003,16000023,16000021,20260406T171453.000Z
15000011,1,16000089,16000002,16000014,16000083,16000099,16000095,20260406T175922.000Z
15000011,1,16000089,16000002,16000014,16000083,16000099,16000095,20260406T175716.000Z
15000011,0,16000089,16000002,16000014,16000083,16000099,16000095,20260406T175456.000Z
15000118,1,16000099,16000001,16000050,16000059,16000086,16000089,20260406T174547.000Z
15000118,1,16000099,16000001,16000050,16000059,16000086,16000089,20260406T174159.000Z
15000082,1,16000011,16000012,16000074,16000087,16000023,16000099,20260406T173732.000Z
15000082,1,16000011,16000012,16000074,16000087,16000023,16000099,20260406T173528.000Z
15000007,0,16000063,16000103,16000044,16000012,16000074,16000095,20260406T181241.000Z
15000007,0,16000063,16000103,16000044,16000012,16000074,16000095,20260406T181036.000Z
15000082,0,16000011,16000025,16000101,16000021,16000098,16000019,20260406T180554.000Z
15000082,1,16000011,16000025,16000101,16000021,16000098,16000019,20260406T180335.000Z
15000082,0,16000011,16000025,16000101,16000021,16000098,16000019,20260406T180117.000Z
15000010,0,16000081,16000004,16000057,16000070,16000005,16000092,20260406T152037.000Z
15000010,0,16000081,16000004,16000057,16000070,16000005,16000092,20260406T151851.000Z
15000010,1,16000057,16000004,16000063,16000095,16000074,16000083,20260406T151435.000Z
15000010,1,16000057,16000004,16000063,16000095,16000074,16000083,20260406T151225.000Z
15000019,1,16000056,16000019,16000059,16000003,16000005,16000002,20260406T150556.000Z
15000019,1,16000056,16000019,16000059,16000003,16000005,16000002,20260406T150439.000Z
15000019,1,16000001,16000059,16000019,16000099,16000029,16000075,20260406T145815.000Z
15000019,1,16000001,16000059,16000019,16000099,16000029,16000075,20260406T145526.000Z
15000083,1,16000021,16000023,16000002,16000019,16000011,16000061,20260406T183146.000Z
15000083,1,16000021,16000023,16000002,16000019,16000011,16000061,20260406T182928.000Z
15000118,0,16000086,16000099,16000063,16000023,16000011,16000005,20260406T182515.000Z
15000118,0,16000086,16000099,16000063,16000023,16000011,16000005,20260406T182316.000Z
15000548,0,16000074,16000023,16000005,16000019,16000079,16000021,20260406T181823.000Z
15000548,0,16000074,16000023,16000005,16000019,16000079,16000021,20260406T181629.000Z
15000005,1,16000042,16000098,16000036,16000103,16000061,16000064,20260405T220223.000Z
15000005,1,16000042,16000098,16000036,16000103,16000061,16000064,20260405T220005.000Z
15000005,0,16000042,16000098,16000036,16000103,16000061,16000064,20260405T215747.000Z
15000011,1,16000030,16000023,16000084,16000063,16000026,16000102,20260405T215042.000Z
15000011,0,16000030,16000023,16000084,16000063,16000026,16000102,20260405T214848.000Z
15000011,1,16000030,16000023,16000084,16000063,16000026,16000102,20260405T214704.000Z
15000082,0,16000071,16000004,16000064,16000063,16000002,16000005,20260405T214219.000Z
15000082,0,16000071,16000004,16000064,16000063,16000002,16000005,20260405T214015.000Z
15000005,0,16000054,16000046,16000061,16000042,16000079,16000094,20260405T213519.000Z
15000005,0,16000054,16000046,16000061,16000042,16000079,16000094,20260405T213329.000Z
15000019,1,16000019,16000040,16000012,16000102,16000001,16000076,20260405T212458.000Z
15000019,1,16000019,16000040,16000012,16000102,16000001,16000076,20260405T212209.000Z
15000019,0,16000019,16000040,16000012,16000102,16000001,16000076,20260405T211920.000Z
15000083,1,16000031,16000011,16000059,16000023,16000042,16000061,20260406T151246.000Z
15000083,1,16000031,16000011,16000059,16000023,16000042,16000061,20260406T151028.000Z
15000053,1,16000094,16000103,16000002,16000012,16000102,16000098,20260406T150508.000Z
15000053,0,16000094,16000103,16000002,16000012,16000102,16000098,20260406T150232.000Z
15000053,1,16000094,16000103,16000002,16000012,16000102,16000098,20260406T150024.000Z
15000703,1,16000031,16000065,16000023,16000048,16000061,16000021,20260406T145527.000Z
15000703,1,16000031,16000065,16000023,16000048,16000061,16000021,20260406T145341.000Z
15000010,1,16000023,16000017,16000012,16000014,16000028,16000083,20260406T144844.000Z
15000010,1,16000023,16000017,16000012,16000014,16000028,16000083,20260406T144705.000Z
15001021,0,16000044,16000001,16000047,16000011,16000083,16000023,20260406T144324.000Z
15001021,0,16000044,16000001,16000047,16000011,16000083,16000023,20260406T144212.000Z
15000292,1,16000030,16000020,16000064,16000012,16000089,16000005,20260406T143734.000Z
15000292,1,16000030,16000020,16000064,16000012,16000089,16000005,20260406T143520.000Z
15000292,0,16000030,16000020,16000064,16000012,16000089,16000005,20260406T143304.000Z
15000007,0,16000023,16000099,16000002,16000014,16000063,16000070,20260406T142800.000Z
15000007,0,16000023,16000099,16000002,16000014,16000063,16000070,20260406T142519.000Z
15000007,1,16000023,16000099,16000002,16000014,16000063,16000070,20260406T142318.000Z
15000019,1,16000059,16000012,16000001,16000078,16000005,16000065,20260406T141659.000Z
15000019,1,16000059,16000012,16000001,16000078,16000005,16000065,20260406T141440.000Z
15000548,0,16000047,16000093,16000036,16000003,16000046,16000056,20260406T153516.000Z
15000548,0,16000047,16000093,16000036,16000003,16000046,16000056,20260406T153135.000Z
15000005,0,16000022,16000036,16000061,16000003,16000005,16000079,20260406T152643.000Z
15000005,0,16000022,16000036,16000061,16000003,16000005,16000079,20260406T152423.000Z
15000005,1,16000022,16000036,16000061,16000003,16000005,16000079,20260406T152204.000Z
15000072,1,16000059,16000036,16000039,16000042,16000004,16000078,20260406T151553.000Z
15000072,1,16000059,16000036,16000039,16000042,16000004,16000078,20260406T151304.000Z
15000072,0,16000059,16000036,16000039,16000042,16000004,16000078,20260406T151035.000Z
15000005,1,16000022,16000036,16000061,16000046,16000065,16000079,20260406T150608.000Z
15000005,1,16000022,16000036,16000061,16000046,16000065,16000079,20260406T150408.000Z
15000548,1,16000079,16000036,16000042,16000061,16000046,16000015,20260406T145948.000Z
15000548,1,16000079,16000036,16000042,16000061,16000046,16000015,20260406T145807.000Z
15000083,0,16000046,16000019,16000003,16000012,16000081,16000061,20260406T145348.000Z
15000083,0,16000046,16000019,16000003,16000012,16000081,16000061,20260406T145207.000Z
15000083,1,16000046,16000019,16000003,16000012,16000081,16000061,20260406T144948.000Z
15000019,0,16000025,16000036,16000056,16000015,16000012,16000099,20260406T144516.000Z
15000019,0,16000025,16000036,16000056,16000015,16000012,16000099,20260406T144227.000Z
15000019,1,16000025,16000036,16000056,16000015,16000012,16000099,20260406T143939.000Z
15000293,1,16000023,16000059,16000087,16000077,16000085,16000075,20260406T143245.000Z
15000293,1,16000023,16000059,16000087,16000077,16000085,16000075,20260406T143012.000Z
15000293,0,16000023,16000059,16000087,16000077,16000085,16000075,20260406T142809.000Z
15000005,0,16000046,16000005,16000061,16000021,16000064,16000042,20260406T130947.000Z
15000005,0,16000046,16000005,16000061,16000021,16000064,16000042,20260406T130729.000Z
15000115,1,16000040,16000019,16000005,16000084,16000063,16000017,20260406T182921.000Z
15000115,1,16000040,16000019,16000005,16000084,16000063,16000017,20260406T182722.000Z
15000115,0,16000040,16000019,16000005,16000084,16000063,16000017,20260406T182519.000Z
15000050,1,16000001,16000012,16000059,16000098,16000030,16000089,20260406T181057.000Z
15000050,0,16000001,16000012,16000059,16000098,16000030,16000089,20260406T180754.000Z
15000050,0,16000001,16000012,16000059,16000098,16000030,16000089,20260406T180406.000Z
15000292,1,16000030,16000098,16000099,16000006,16000063,16000074,20260406T175113.000Z
15000292,0,16000030,16000098,16000099,16000006,16000063,16000074,20260406T174920.000Z
15000292,1,16000030,16000098,16000099,16000006,16000063,16000074,20260406T174621.000Z
15000703,1,16000023,16000029,16000002,16000076,16000011,16000021,20260406T173436.000Z
15000703,1,16000023,16000029,16000002,16000076,16000011,16000021,20260406T173252.000Z
15000118,1,16000029,16000012,16000001,16000059,16000063,16000102,20260406T171457.000Z
15000118,1,16000029,16000012,16000001,16000059,16000063,16000102,20260406T171216.000Z
15000292,1,16000089,16000026,16000005,16000063,16000012,16000011,20260406T165939.000Z
15000292,1,16000089,16000026,16000005,16000063,16000012,16000011,20260406T165720.000Z
15000010,1,16000081,16000014,16000063,16000005,16000012,16000084,20260406T164421.000Z
15000010,1,16000081,16000014,16000063,16000005,16000012,16000084,20260406T164234.000Z
15000053,0,16000025,16000086,16000083,16000081,16000059,16000074,20260406T163645.000Z
15000053,1,16000025,16000086,16000083,16000081,16000059,16000074,20260406T163421.000Z
15000053,0,16000025,16000086,16000083,16000081,16000059,16000074,20260406T163222.000Z
15000292,1,16000012,16000063,16000045,16000006,16000011,16000099,20260406T162201.000Z
15000292,0,16000012,16000063,16000045,16000006,16000011,16000099,20260406T162009.000Z
15000292,1,16000012,16000063,16000045,16000006,16000011,16000099,20260406T161826.000Z
15000083,0,16000014,16000071,16000057,16000099,16000023,16000063,20260406T172951.000Z
15000083,0,16000014,16000071,16000057,16000099,16000023,16000063,20260406T172734.000Z
15000005,1,16000021,16000079,16000098,16000015,16000046,16000012,20260406T172150.000Z
15000005,1,16000021,16000079,16000098,16000015,16000046,16000012,20260406T172008.000Z
15000440,1,16000002,16000098,16000061,16000076,16000021,16000018,20260406T171351.000Z
15000440,1,16000002,16000098,16000061,16000076,16000021,16000018,20260406T171157.000Z
15000440,0,16000002,16000098,16000061,16000076,16000021,16000018,20260406T170958.000Z
15000005,0,16000036,16000023,16000005,16000011,16000021,16000099,20260406T170154.000Z
15000005,0,16000036,16000023,16000005,16000011,16000021,16000099,20260406T165937.000Z
15000010,1,16000083,16000089,16000013,16000011,16000012,16000002,20260406T165359.000Z
15000010,1,16000083,16000089,16000013,16000011,16000012,16000002,20260406T165220.000Z
15000010,0,16000083,16000089,16000013,16000011,16000012,16000002,20260406T164932.000Z
15000083,0,16000064,16000096,16000021,16000065,16000002,16000046,20260406T164356.000Z
15000083,0,16000064,16000096,16000021,16000065,16000002,16000046,20260406T164138.000Z
15000300,0,16000041,16000103,16000014,16000011,16000023,16000029,20260406T163453.000Z
15000300,0,16000041,16000103,16000014,16000011,16000023,16000029,20260406T163312.000Z
15000703,0,16000036,16000048,16000014,16000021,16000061,16000079,20260406T162452.000Z
15000703,0,16000036,16000048,16000014,16000021,16000061,16000079,20260406T162057.000Z
15000703,1,16000036,16000048,16000014,16000021,16000061,16000079,20260406T161744.000Z
15000115,0,16000021,16000059,16000062,16000096,16000063,16000042,20260406T161225.000Z
15000115,0,16000021,16000059,16000062,16000096,16000063,16000042,20260406T161007.000Z
15000115,1,16000021,16000059,16000062,16000096,16000063,16000042,20260406T160822.000Z
15000548,1,16000003,16000079,16000072,16000021,16000061,16000025,20260406T170951.000Z
15000548,1,16000003,16000079,16000072,16000021,16000061,16000025,20260406T170811.000Z
15000007,1,16000103,16000002,16000014,16000025,16000023,16000062,20260406T170230.000Z
15000007,1,16000103,16000002,16000014,16000025,16000023,16000062,20260406T170030.000Z
15000007,0,16000103,16000002,16000014,16000025,16000023,16000062,20260406T165829.000Z
15000050,0,16000029,16000059,16000014,16000008,16000011,16000012,20260406T165036.000Z
15000050,0,16000029,16000059,16000014,16000008,16000011,16000012,20260406T164843.000Z
15000050,1,16000029,16000059,16000014,16000008,16000011,16000012,20260406T164541.000Z
15000440,0,16000012,16000059,16000064,16000061,16000098,16000023,20260406T163940.000Z
15000440,0,16000012,16000059,16000064,16000061,16000098,16000023,20260406T163823.000Z
15000368,1,16000042,16000005,16000061,16000001,16000003,16000011,20260406T163348.000Z
15000368,1,16000042,16000005,16000061,16000001,16000003,16000011,20260406T163119.000Z
15000083,1,16000003,16000065,16000042,16000046,16000061,16000066,20260406T162438.000Z
15000083,1,16000003,16000065,16000042,16000046,16000061,16000066,20260406T162219.000Z
15000083,0,16000003,16000065,16000042,16000046,16000061,16000066,20260406T162001.000Z
15000115,0,16000063,16000014,16000023,16000012,16000017,16000030,20260406T161236.000Z
15000115,0,16000063,16000014,16000023,16000012,16000017,16000030,20260406T161032.000Z
15000025,1,16000067,16000059,16000012,16000063,16000011,16000023,20260406T160621.000Z
15000025,1,16000067,16000059,16000012,16000063,16000011,16000023,20260406T160441.000Z
15000306,1,16000059,16000089,16000102,16000098,16000092,16000081,20260406T160122.000Z
15000306,1,16000059,16000089,16000102,16000098,16000092,16000081,20260406T155859.000Z
15000306,0,16000059,16000089,16000102,16000098,16000092,16000081,20260406T155627.000Z
15000368,1,16000000,16000089,16000103,16000084,16000064,16000043,20260406T183833.000Z
15000368,1,16000000,16000089,16000103,16000084,16000064,16000043,20260406T183646.000Z
15000368,1,16000011,16000064,16000021,16000065,16000098,16000061,20260406T183225.000Z
15000368,1,16000011,16000064,16000021,16000065,16000098,16000061,20260406T183050.000Z
15000010,0,16000059,16000011,16000099,16000005,16000074,16000042,20260406T182432.000Z
15000010,0,16000059,16000011,16000099,16000005,16000074,16000042,20260406T182242.000Z
15000072,0,16000001,16000036,16000015,16000065,16000056,16000029,20260406T181531.000Z
15000072,0,16000001,16000036,16000015,16000065,16000056,16000029,20260406T181242.000Z
15000072,1,16000079,16000046,16000056,16000005,16000012,16000001,20260406T180655.000Z
15000072,1,16000079,16000046,16000056,16000005,16000012,16000001,20260406T180407.000Z
15000292,1,16000005,16000012,16000020,16000047,16000023,16000092,20260406T175755.000Z
15000292,0,16000005,16000012,16000020,16000047,16000023,16000092,20260406T175548.000Z
15000292,1,16000005,16000012,16000020,16000047,16000023,16000092,20260406T175308.000Z
15000025,0,16000063,16000017,16000098,16000014,16000004,16000086,20260406T174619.000Z
15000025,0,16000063,16000017,16000098,16000014,16000004,16000086,20260406T174504.000Z
15000022,0,16000003,16000046,16000061,16000037,16000042,16000011,20260406T174023.000Z
15000022,0,16000003,16000046,16000061,16000037,16000042,16000011,20260406T173805.000Z
15000022,1,16000003,16000046,16000061,16000037,16000042,16000011,20260406T173547.000Z
15000005,0,16000023,16000065,16000037,16000005,16000021,16000081,20260406T174754.000Z
15000005,0,16000023,16000065,16000037,16000005,16000021,16000081,20260406T174536.000Z
15000005,1,16000023,16000065,16000037,16000005,16000021,16000081,20260406T174348.000Z
15000132,0,16000059,16000044,16000089,16000023,16000063,16000040,20260406T171153.000Z
15000132,0,16000059,16000044,16000089,16000023,16000063,16000040,20260406T171019.000Z
15000292,0,16000089,16000026,16000099,16000001,16000005,16000092,20260406T170432.000Z
15000292,0,16000089,16000026,16000099,16000001,16000005,16000092,20260406T170158.000Z
15000118,1,16000026,16000005,16000023,16000004,16000017,16000102,20260406T165709.000Z
15000118,1,16000026,16000005,16000023,16000004,16000017,16000102,20260406T165458.000Z
15000300,0,16000005,16000014,16000074,16000095,16000004,16000012,20260406T161221.000Z
15000300,0,16000005,16000014,16000074,16000095,16000004,16000012,20260406T160934.000Z
15000072,1,16000040,16000059,16000001,16000099,16000046,16000073,20260406T160541.000Z
15000072,1,16000040,16000059,16000001,16000099,16000046,16000073,20260406T160426.000Z
15000072,1,16000059,16000046,16000001,16000023,16000015,16000012,20260406T151939.000Z
15000072,1,16000059,16000046,16000001,16000023,16000015,16000012,20260406T151712.000Z
15000143,1,16000005,16000044,16000063,16000030,16000099,16000004,20260406T151143.000Z
15000143,1,16000005,16000044,16000063,16000030,16000099,16000004,20260406T151053.000Z
15000053,0,16000063,16000078,16000099,16000026,16000012,16000004,20260406T150145.000Z
15000053,0,16000063,16000078,16000099,16000026,16000012,16000004,20260406T150002.000Z
15000053,1,16000063,16000078,16000099,16000026,16000012,16000004,20260406T145752.000Z
15001021,0,16000012,16000023,16000025,16000063,16000005,16000102,20260406T145203.000Z
15001021,1,16000012,16000023,16000025,16000063,16000005,16000102,20260406T145020.000Z
15001021,0,16000012,16000023,16000025,16000063,16000005,16000102,20260406T144731.000Z
15000022,0,16000005,16000065,16000011,16000003,16000046,16000002,20260406T144240.000Z
15000022,0,16000005,16000065,16000011,16000003,16000046,16000002,20260406T144033.000Z
15000022,1,16000036,16000012,16000061,16000046,16000042,16000011,20260406T121544.000Z
15000022,0,16000036,16000012,16000061,16000046,16000042,16000011,20260406T121357.000Z
15000022,1,16000036,16000012,16000061,16000046,16000042,16000011,20260406T121144.000Z
15000115,1,16000004,16000030,16000083,16000005,16000011,16000012,20260406T120528.000Z
15000115,0,16000004,16000030,16000083,16000005,16000011,16000012,20260406T120334.000Z
15000115,1,16000004,16000030,16000083,16000005,16000011,16000012,20260406T120141.000Z
15000011,1,16000063,16000011,16000040,16000057,16000017,16000012,20260406T115404.000Z
15000011,1,16000063,16000011,16000040,16000057,16000017,16000012,20260406T115212.000Z
15000132,1,16000059,16000081,16000063,16000026,16000012,16000005,20260406T114549.000Z
15000132,1,16000059,16000081,16000063,16000026,16000012,16000005,20260406T114300.000Z
15000019,0,16000012,16000099,16000040,16000005,16000056,16000103,20260406T113557.000Z
15000019,0,16000012,16000099,16000040,16000005,16000056,16000103,20260406T113308.000Z
15000143,1,16000063,16000083,16000001,16000030,16000023,16000006,20260406T112807.000Z
15000143,1,16000063,16000083,16000001,16000030,16000023,16000006,20260406T112550.000Z
15000010,1,16000023,16000044,16000099,16000097,16000012,16000063,20260406T022152.000Z
15000010,0,16000023,16000044,16000099,16000097,16000012,16000063,20260406T021952.000Z
15000010,1,16000023,16000044,16000099,16000097,16000012,16000063,20260406T021754.000Z
15000072,1,16000003,16000023,16000001,16000094,16000012,16000079,20260406T165933.000Z
15000072,1,16000003,16000023,16000001,16000094,16000012,16000079,20260406T165757.000Z
15000022,1,16000012,16000003,16000001,16000011,16000046,16000023,20260406T092148.000Z
15000022,0,16000012,16000003,16000001,16000011,16000046,16000023,20260406T091930.000Z
15000022,1,16000012,16000003,16000001,16000011,16000046,16000023,20260406T091711.000Z
15000072,1,16000079,16000059,16000073,16000019,16000005,16000095,20260406T184024.000Z
15000072,1,16000079,16000059,16000073,16000019,16000005,16000095,20260406T183905.000Z
15000050,1,16000089,16000004,16000063,16000001,16000083,16000005,20260406T183500.000Z
15000050,1,16000089,16000004,16000063,16000001,16000083,16000005,20260406T183353.000Z
15000019,0,16000079,16000012,16000001,16000065,16000025,16000019,20260406T182713.000Z
15000019,0,16000079,16000012,16000001,16000065,16000025,16000019,20260406T182429.000Z
15000306,0,16000063,16000002,16000098,16000102,16000099,16000014,20260406T181833.000Z
15000306,0,16000063,16000002,16000098,16000102,16000099,16000014,20260406T181640.000Z
15000143,1,16000063,16000085,16000012,16000077,16000023,16000011,20260406T180947.000Z
15000143,1,16000063,16000085,16000012,16000077,16000023,16000011,20260406T180900.000Z
15000025,1,16000002,16000102,16000030,16000070,16000059,16000026,20260406T180114.000Z
15000025,0,16000002,16000102,16000030,16000070,16000059,16000026,20260406T175833.000Z
15000025,1,16000002,16000102,16000030,16000070,16000059,16000026,20260406T175545.000Z
15000293,1,16000069,16000017,16000012,16000085,16000074,16000063,20260406T175112.000Z
15000293,1,16000069,16000017,16000012,16000085,16000074,16000063,20260406T174905.000Z
15000368,1,16000021,16000098,16000079,16000042,16000015,16000005,20260406T174059.000Z
15000368,1,16000021,16000098,16000079,16000042,16000015,16000005,20260406T173854.000Z
15000368,0,16000021,16000098,16000079,16000042,16000015,16000005,20260406T173631.000Z
15000022,1,16000089,16000094,16000029,16000061,16000036,16000011,20260406T173022.000Z
15000022,0,16000089,16000094,16000029,16000061,16000036,16000011,20260406T172804.000Z
15000022,1,16000089,16000094,16000029,16000061,16000036,16000011,20260406T172546.000Z
15000703,1,16000046,16000023,16000065,16000047,16000003,16000021,20260406T171845.000Z
15000703,1,16000046,16000023,16000065,16000047,16000003,16000021,20260406T171536.000Z
15001021,0,16000099,16000063,16000011,16000103,16000045,16000044,20260406T170946.000Z
15001021,0,16000099,16000063,16000011,16000103,16000045,16000044,20260406T170903.000Z
15000300,1,16000064,16000012,16000004,16000023,16000102,16000059,20260403T150441.000Z
15000300,1,16000064,16000012,16000004,16000023,16000102,16000059,20260403T150221.000Z
15000300,0,16000064,16000012,16000004,16000023,16000102,16000059,20260403T145948.000Z
15000292,1,16000028,16000103,16000002,16000011,16000041,16000013,20260406T184022.000Z
15000292,0,16000028,16000103,16000002,16000011,16000041,16000013,20260406T183808.000Z
15000292,1,16000098,16000030,16000014,16000011,16000099,16000012,20260406T183413.000Z
15000292,1,16000098,16000030,16000014,16000011,16000099,16000012,20260406T183145.000Z
15000300,0,16000063,16000015,16000023,16000099,16000005,16000092,20260406T182645.000Z
15000300,0,16000063,16000015,16000023,16000099,16000005,16000092,20260406T182409.000Z
15000300,1,16000063,16000015,16000023,16000099,16000005,16000092,20260406T182148.000Z
15000053,1,16000075,16000002,16000009,16000083,16000103,16000039,20260406T181746.000Z
15000053,0,16000075,16000002,16000009,16000083,16000103,16000039,20260406T181548.000Z
15000053,1,16000075,16000002,16000009,16000083,16000103,16000039,20260406T181423.000Z
15000072,1,16000079,16000001,16000029,16000099,16000078,16000042,20260406T183955.000Z
15000072,1,16000079,16000001,16000029,16000099,16000078,16000042,20260406T183710.000Z
15000072,0,16000079,16000001,16000029,16000099,16000078,16000042,20260406T183422.000Z
15000368,0,16000098,16000066,16000003,16000076,16000026,16000099,20260406T182908.000Z
15000368,0,16000098,16000066,16000003,16000076,16000026,16000099,20260406T182704.000Z
15000022,1,16000098,16000064,16000103,16000042,16000099,16000023,20260406T182225.000Z
15000022,0,16000098,16000064,16000103,16000042,16000099,16000023,20260406T182018.000Z
15000022,1,16000098,16000064,16000103,16000042,16000099,16000023,20260406T181800.000Z
15000292,0,16000012,16000087,16000083,16000001,16000005,16000099,20260406T181259.000Z
15000292,0,16000012,16000087,16000083,16000001,16000005,16000099,20260406T181010.000Z
15000292,1,16000012,16000087,16000083,16000001,16000005,16000099,20260406T180714.000Z
15000083,1,16000014,16000002,16000021,16000023,16000098,16000011,20260406T180148.000Z
15000083,0,16000014,16000002,16000021,16000023,16000098,16000011,20260406T180003.000Z
15000083,1,16000014,16000002,16000021,16000023,16000098,16000011,20260406T175752.000Z
15000053,1,16000084,16000050,16000103,16000083,16000101,16000002,20260406T175152.000Z
15000053,1,16000084,16000050,16000103,16000083,16000101,16000002,20260406T174945.000Z
15000053,0,16000084,16000050,16000103,16000083,16000101,16000002,20260406T174728.000Z
15000053,1,16000001,16000008,16000014,16000002,16000012,16000081,20260406T174033.000Z
15000053,0,16000001,16000008,16000014,16000002,16000012,16000081,20260406T173842.000Z
15000053,1,16000001,16000008,16000014,16000002,16000012,16000081,20260406T173708.000Z
15000082,1,16000011,16000022,16000004,16000009,16000023,16000043,20260406T171103.000Z
15000082,1,16000011,16000022,16000004,16000009,16000023,16000043,20260406T170951.000Z
15000703,1,16000005,16000061,16000102,16000043,16000045,16000066,20260406T170511.000Z
15000143,0,16000013,16000020,16000009,16000004,16000012,16000068,20260406T170024.000Z
15000143,0,16000013,16000020,16000009,16000004,16000012,16000068,20260406T165814.000Z
15000019,0,16000014,16000027,16000001,16000018,16000005,16000003,20260406T165350.000Z
15000019,1,16000014,16000027,16000001,16000018,16000005,16000003,20260406T165102.000Z
15000019,0,16000014,16000027,16000001,16000018,16000005,16000003,20260406T164847.000Z
15000019,0,16000046,16000074,16000073,16000059,16000002,16000012,20260406T161554.000Z
15000019,0,16000046,16000074,16000073,16000059,16000002,16000012,20260406T161341.000Z
15000703,1,16000021,16000022,16000089,16000064,16000023,16000061,20260406T160302.000Z
15000703,1,16000021,16000022,16000089,16000064,16000023,16000061,20260406T160136.000Z
15000007,1,16000103,16000063,16000086,16000099,16000005,16000012,20260406T155258.000Z
15000007,0,16000103,16000063,16000086,16000099,16000005,16000012,20260406T155122.000Z
15000007,1,16000103,16000063,16000086,16000099,16000005,16000012,20260406T154848.000Z
15000368,0,16000061,16000022,16000021,16000005,16000037,16000099,20260406T154341.000Z
15000368,0,16000061,16000022,16000021,16000005,16000037,16000099,20260406T154159.000Z
15000132,1,16000059,16000004,16000030,16000026,16000044,16000063,20260406T153342.000Z
15000132,1,16000059,16000004,16000030,16000026,16000044,16000063,20260406T153213.000Z
15000132,0,16000059,16000004,16000030,16000026,16000044,16000063,20260406T152925.000Z
15000143,1,16000098,16000023,16000005,16000086,16000083,16000030,20260406T152451.000Z
15000143,1,16000098,16000023,16000005,16000086,16000083,16000030,20260406T152203.000Z
15000293,0,16000011,16000012,16000066,16000023,16000005,16000103,20260406T154033.000Z
15000293,0,16000011,16000012,16000066,16000023,16000005,16000103,20260406T153831.000Z
15000005,1,16000079,16000094,16000042,16000029,16000046,16000015,20260406T183442.000Z
15000005,1,16000079,16000094,16000042,16000029,16000046,16000015,20260406T183223.000Z
15000005,0,16000079,16000094,16000042,16000029,16000046,16000015,20260406T183007.000Z
15000548,1,16000047,16000061,16000023,16000003,16000021,16000036,20260406T182356.000Z
15000548,1,16000047,16000061,16000023,16000003,16000021,16000036,20260406T182224.000Z
15000018,0,16000103,16000075,16000056,16000015,16000025,16000012,20260406T174921.000Z
15000018,0,16000103,16000075,16000056,16000015,16000025,16000012,20260406T174653.000Z
15000082,0,16000003,16000005,16000099,16000065,16000021,16000011,20260406T174123.000Z
15000082,0,16000003,16000005,16000099,16000065,16000021,16000011,20260406T173944.000Z
15000293,0,16000070,16000011,16000035,16000050,16000077,16000012,20260405T145810.000Z
15000293,0,16000070,16000011,16000035,16000050,16000077,16000012,20260405T145638.000Z
15000293,1,16000070,16000011,16000035,16000050,16000077,16000012,20260405T145457.000Z
15000005,1,16000001,16000103,16000015,16000099,16000059,16000012,20260405T113943.000Z
15000005,1,16000001,16000103,16000015,16000099,16000059,16000012,20260405T113800.000Z
15000083,0,16000036,16000061,16000042,16000023,16000103,16000046,20260406T105634.000Z
15000083,0,16000036,16000061,16000042,16000023,16000103,16000046,20260406T105437.000Z
15000083,0,16000031,16000048,16000012,16000065,16000061,16000003,20260406T013053.000Z
15000083,1,16000031,16000048,16000012,16000065,16000061,16000003,20260406T012840.000Z
15000083,0,16000031,16000048,16000012,16000065,16000061,16000003,20260406T012622.000Z
15000703,1,16000042,16000003,16000046,16000089,16000027,16000102,20260406T011633.000Z
15000703,1,16000042,16000003,16000046,16000089,16000027,16000102,20260406T011343.000Z
15000703,0,16000042,16000003,16000046,16000089,16000027,16000102,20260406T011120.000Z
15000082,1,16000019,16000089,16000098,16000102,16000047,16000085,20260406T010359.000Z
15000082,1,16000019,16000089,16000098,16000102,16000047,16000085,20260406T010221.000Z
15000143,1,16000002,16000005,16000098,16000012,16000083,16000099,20260406T005741.000Z
15000143,1,16000002,16000005,16000098,16000012,16000083,16000099,20260406T005645.000Z
15000007,1,16000103,16000025,16000028,16000004,16000097,16000005,20260406T004930.000Z
15000007,1,16000103,16000025,16000028,16000004,16000097,16000005,20260406T004736.000Z
15000306,1,16000028,16000012,16000098,16000070,16000005,16000083,20260406T175400.000Z
15000306,1,16000028,16000012,16000098,16000070,16000005,16000083,20260406T175150.000Z
15000118,1,16000004,16000068,16000038,16000026,16000023,16000083,20260406T165319.000Z
15000118,1,16000004,16000068,16000038,16000026,16000023,16000083,20260406T165030.000Z
15000118,0,16000004,16000068,16000038,16000026,16000023,16000083,20260406T164721.000Z
15000293,0,16000049,16000087,16000030,16000066,16000026,16000103,20260406T164217.000Z
15000293,1,16000049,16000087,16000030,16000066,16000026,16000103,20260406T164039.000Z
15000293,0,16000049,16000087,16000030,16000066,16000026,16000103,20260406T163824.000Z
15000703,1,16000103,16000089,16000045,16000023,16000031,16000001,20260406T143219.000Z
15000703,1,16000103,16000089,16000045,16000023,16000031,16000001,20260406T143023.000Z
15000007,1,16000062,16000044,16000023,16000019,16000063,16000099,20260406T023546.000Z
15000007,1,16000062,16000044,16000023,16000019,16000063,16000099,20260406T023340.000Z
15000703,1,16000047,16000023,16000099,16000001,16000011,16000064,20260406T022727.000Z
15000703,1,16000047,16000023,16000099,16000001,16000011,16000064,20260406T022558.000Z
15000083,1,16000066,16000101,16000023,16000061,16000031,16000011,20260406T022100.000Z
15000083,1,16000066,16000101,16000023,16000061,16000031,16000011,20260406T021842.000Z
15000083,0,16000066,16000101,16000023,16000061,16000031,16000011,20260406T021625.000Z
15000018,0,16000023,16000079,16000075,16000099,16000002,16000036,20260406T021156.000Z
15000018,0,16000023,16000079,16000075,16000099,16000002,16000036,20260406T020956.000Z
15000440,1,16000065,16000042,16000023,16000003,16000005,16000011,20260406T020246.000Z
15000440,0,16000065,16000042,16000023,16000003,16000005,16000011,20260406T020058.000Z
15000440,1,16000065,16000042,16000023,16000003,16000005,16000011,20260406T015756.000Z
15000118,0,16000068,16000099,16000020,16000012,16000029,16000026,20260406T014830.000Z
15000118,0,16000068,16000099,16000020,16000012,16000029,16000026,20260406T014442.000Z
15000118,1,16000068,16000099,16000020,16000012,16000029,16000026,20260406T014108.000Z
15000007,1,16000061,16000004,16000081,16000099,16000044,16000012,20260406T013552.000Z
15000007,0,16000061,16000004,16000081,16000099,16000044,16000012,20260406T013414.000Z
15000007,1,16000061,16000004,16000081,16000099,16000044,16000012,20260406T013204.000Z
15000018,0,16000078,16000012,16000036,16000046,16000059,16000001,20260406T012757.000Z
15000018,0,16000078,16000012,16000036,16000046,16000059,16000001,20260406T012509.000Z
15000010,1,16000014,16000062,16000012,16000081,16000040,16000004,20260406T011907.000Z
15000010,1,16000014,16000062,16000012,16000081,16000040,16000004,20260406T011648.000Z
15000293,1,16000002,16000012,16000102,16000030,16000070,16000050,20260406T010926.000Z
15000293,1,16000002,16000012,16000102,16000030,16000070,16000050,20260406T010729.000Z
15000293,0,16000002,16000012,16000102,16000030,16000070,16000050,20260406T010559.000Z
15000293,1,16000084,16000011,16000087,16000094,16000030,16000023,20260406T095831.000Z
15000293,1,16000084,16000011,16000087,16000094,16000030,16000023,20260406T095707.000Z
15000703,1,16000001,16000097,16000099,16000003,16000044,16000021,20260406T094814.000Z
15000703,1,16000001,16000097,16000099,16000003,16000044,16000021,20260406T094611.000Z
15000132,1,16000030,16000074,16000002,16000083,16000063,16000001,20260406T094159.000Z
15000132,0,16000030,16000074,16000002,16000083,16000063,16000001,20260406T094051.000Z
15000132,1,16000030,16000074,16000002,16000083,16000063,16000001,20260406T093805.000Z
15000132,0,16000006,16000063,16000004,16000059,16000089,16000005,20260406T093411.000Z
15000132,1,16000006,16000063,16000004,16000059,16000089,16000005,20260406T093241.000Z
15000132,0,16000006,16000063,16000004,16000059,16000089,16000005,20260406T092953.000Z
15000018,0,16000095,16000073,16000005,16000002,16000046,16000079,20260406T092339.000Z
15000018,0,16000095,16000073,16000005,16000002,16000046,16000079,20260406T092152.000Z
15000306,1,16000012,16000090,16000064,16000004,16000050,16000020,20260406T181453.000Z
15000306,1,16000012,16000090,16000064,16000004,16000050,16000020,20260406T181243.000Z
15000306,0,16000023,16000026,16000014,16000059,16000002,16000103,20260406T135358.000Z
15000306,0,16000023,16000026,16000014,16000059,16000002,16000103,20260406T135224.000Z
15000007,1,16000023,16000026,16000012,16000074,16000070,16000041,20260406T134714.000Z
15000007,1,16000023,16000026,16000012,16000074,16000070,16000041,20260406T134502.000Z
15000132,0,16000001,16000005,16000048,16000050,16000025,16000030,20260406T133751.000Z
15000132,0,16000001,16000005,16000048,16000050,16000025,16000030,20260406T133636.000Z
15001021,0,16000063,16000089,16000098,16000099,16000001,16000005,20260406T133050.000Z
15001021,1,16000063,16000089,16000098,16000099,16000001,16000005,20260406T132801.000Z
15001021,0,16000063,16000089,16000098,16000099,16000001,16000005,20260406T132630.000Z
15000005,0,16000099,16000036,16000015,16000046,16000101,16000021,20260406T130926.000Z
15000005,0,16000099,16000036,16000015,16000046,16000101,16000021,20260406T130726.000Z
15000083,1,16000065,16000061,16000003,16000042,16000002,16000046,20260406T130134.000Z
15000083,1,16000065,16000061,16000003,16000042,16000002,16000046,20260406T125916.000Z
15000548,0,16000042,16000036,16000003,16000058,16000015,16000021,20260406T124147.000Z
15000548,0,16000042,16000036,16000003,16000058,16000015,16000021,20260406T123812.000Z
15000548,1,16000042,16000036,16000003,16000058,16000015,16000021,20260406T123601.000Z
15000025,1,16000012,16000020,16000089,16000004,16000099,16000070,20260406T123011.000Z
15000025,1,16000012,16000020,16000089,16000004,16000099,16000070,20260406T122723.000Z
15000293,1,16000089,16000002,16000005,16000070,16000103,16000052,20260406T122112.000Z
15000293,0,16000089,16000002,16000005,16000070,16000103,16000052,20260406T121903.000Z
15000293,1,16000089,16000002,16000005,16000070,16000103,16000052,20260406T121656.000Z
15000083,0,16000012,16000042,16000065,16000064,16000003,16000021,20260406T121047.000Z
15000083,0,16000012,16000042,16000065,16000064,16000003,16000021,20260406T120829.000Z
15000072,0,16000079,16000026,16000012,16000001,16000042,16000046,20260405T221809.000Z
15000072,1,16000079,16000026,16000012,16000001,16000042,16000046,20260405T221538.000Z
15000072,0,16000079,16000026,16000012,16000001,16000042,16000046,20260405T221250.000Z
15001021,0,16000074,16000044,16000023,16000045,16000005,16000025,20260405T220221.000Z
15001021,1,16000074,16000044,16000023,16000045,16000005,16000025,20260405T215933.000Z
15001021,0,16000074,16000044,16000023,16000045,16000005,16000025,20260405T215645.000Z
15000005,1,16000036,16000031,16000015,16000042,16000064,16000003,20260405T114548.000Z
15000005,1,16000036,16000031,16000015,16000042,16000064,16000003,20260405T114355.000Z
15000293,1,16000008,16000099,16000023,16000012,16000063,16000011,20260405T154934.000Z
15000293,1,16000008,16000099,16000023,16000012,16000063,16000011,20260405T154718.000Z
15000293,0,16000008,16000099,16000023,16000012,16000063,16000011,20260405T154451.000Z
15000368,0,16000044,16000005,16000022,16000004,16000023,16000061,20260405T153951.000Z
15000368,0,16000044,16000005,16000022,16000004,16000023,16000061,20260405T153741.000Z
15000368,1,16000044,16000005,16000022,16000004,16000023,16000061,20260405T153418.000Z
15000143,0,16000063,16000099,16000050,16000098,16000001,16000005,20260405T152903.000Z
15000143,0,16000063,16000099,16000050,16000098,16000001,16000005,20260405T152753.000Z
15000143,1,16000063,16000099,16000050,16000098,16000001,16000005,20260405T152504.000Z
15000703,1,16000098,16000003,16000012,16000036,16000023,16000015,20260405T151855.000Z
15000703,0,16000098,16000003,16000012,16000036,16000023,16000015,20260405T151604.000Z
15000703,1,16000098,16000003,16000012,16000036,16000023,16000015,20260405T151354.000Z
15000368,1,16000023,16000042,16000011,16000022,16000075,16000029,20260403T215642.000Z
15000368,1,16000023,16000042,16000011,16000022,16000075,16000029,20260403T215457.000Z
15000368,0,16000023,16000042,16000011,16000022,16000075,16000029,20260403T215306.000Z
15000292,1,16000089,16000041,16000014,16000012,16000005,16000085,20260403T214829.000Z
15000292,1,16000089,16000041,16000014,16000012,16000005,16000085,20260403T214618.000Z
15001021,1,16000026,16000083,16000030,16000091,16000012,16000002,20260406T142104.000Z
15001021,1,16000026,16000083,16000030,16000091,16000012,16000002,20260406T141841.000Z
15001021,0,16000026,16000083,16000030,16000091,16000012,16000002,20260406T141638.000Z
15001021,1,16000016,16000002,16000004,16000012,16000094,16000005,20260406T140945.000Z
15001021,0,16000016,16000002,16000004,16000012,16000094,16000005,20260406T140656.000Z
15001021,1,16000016,16000002,16000004,16000012,16000094,16000005,20260406T140425.000Z
15000440,1,16000016,16000004,16000070,16000024,16000071,16000082,20260406T135920.000Z
15000440,1,16000016,16000004,16000070,16000024,16000071,16000082,20260406T135803.000Z
15000010,1,16000002,16000043,16000057,16000103,16000063,16000028,20260406T135341.000Z
15000010,1,16000002,16000043,16000057,16000103,16000063,16000028,20260406T135203.000Z
15000010,1,16000002,16000057,16000072,16000012,16000005,16000014,20260406T134638.000Z
15000010,1,16000002,16000057,16000072,16000012,16000005,16000014,20260406T134429.000Z
15000368,1,16000077,16000023,16000064,16000005,16000065,16000012,20260406T134009.000Z
15000368,1,16000077,16000023,16000064,16000005,16000065,16000012,20260406T133840.000Z
15000082,0,16000021,16000087,16000023,16000019,16000067,16000012,20260406T134907.000Z
15000082,0,16000021,16000087,16000023,16000019,16000067,16000012,20260406T134649.000Z
15000082,1,16000021,16000087,16000023,16000019,16000067,16000012,20260406T134431.000Z
15000011,1,16000044,16000004,16000083,16000063,16000020,16000012,20260406T133717.000Z
15000011,1,16000044,16000004,16000083,16000063,16000020,16000012,20260406T133421.000Z
15000011,0,16000044,16000004,16000083,16000063,16000020,16000012,20260406T133223.000Z
15000005,1,16000036,16000087,16000061,16000015,16000066,16000042,20260406T131954.000Z
15000005,1,16000036,16000087,16000061,16000015,16000066,16000042,20260406T131736.000Z
15000115,0,16000012,16000005,16000099,16000030,16000028,16000014,20260406T131230.000Z
15000115,1,16000012,16000005,16000099,16000030,16000028,16000014,20260406T131045.000Z
15000115,0,16000012,16000005,16000099,16000030,16000028,16000014,20260406T130846.000Z
15001021,0,16000054,16000068,16000030,16000004,16000026,16000025,20260406T135252.000Z
15001021,0,16000054,16000068,16000030,16000004,16000026,16000025,20260406T134929.000Z
15001021,1,16000054,16000068,16000030,16000004,16000026,16000025,20260406T134720.000Z
15000019,1,16000002,16000047,16000103,16000025,16000005,16000019,20260406T134209.000Z
15000019,1,16000002,16000047,16000103,16000025,16000005,16000019,20260406T133951.000Z
15000007,1,16000063,16000008,16000030,16000035,16000070,16000044,20260406T133500.000Z
15000007,1,16000063,16000008,16000030,16000035,16000070,16000044,20260406T133320.000Z
15000022,1,16000023,16000061,16000076,16000042,16000011,16000015,20260406T175345.000Z
15000022,1,16000023,16000061,16000076,16000042,16000011,16000015,20260406T175205.000Z
15000050,1,16000102,16000002,16000023,16000054,16000074,16000076,20260406T174705.000Z
15000050,1,16000102,16000002,16000023,16000054,16000074,16000076,20260406T174522.000Z
15000018,1,16000050,16000048,16000007,16000002,16000023,16000012,20260406T174201.000Z
15000018,0,16000050,16000048,16000007,16000002,16000023,16000012,20260406T173926.000Z
15000018,1,16000050,16000048,16000007,16000002,16000023,16000012,20260406T173706.000Z
15000019,0,16000039,16000025,16000015,16000086,16000020,16000026,20260406T173304.000Z
15000019,0,16000039,16000025,16000015,16000086,16000020,16000026,20260406T173046.000Z
15000019,1,16000039,16000025,16000015,16000086,16000020,16000026,20260406T172812.000Z
15000050,1,16000080,16000004,16000071,16000004,16000002,16000043,20260406T172315.000Z
15001021,1,16000083,16000036,16000011,16000030,16000050,16000009,20260406T172045.000Z
15000548,1,16000079,16000021,16000047,16000103,16000065,16000023,20260406T171705.000Z
15000050,0,16000080,16000067,16000070,16000011,16000010,16000086,20260406T171322.000Z
15000022,1,16000023,16000009,16000001,16000012,16000001,16000042,20260406T171022.000Z
15000083,1,16000068,16000005,16000042,16000023,16000005,16000000,20260406T170343.000Z
15000306,0,16000083,16000016,16000014,16000005,16000011,16000023,20260406T001322.000Z
15000306,0,16000083,16000016,16000014,16000005,16000011,16000023,20260406T001103.000Z
15000053,0,16000040,16000002,16000005,16000102,16000078,16000012,20260406T000348.000Z
15000053,0,16000040,16000002,16000005,16000102,16000078,16000012,20260406T000123.000Z
15000053,1,16000040,16000002,16000005,16000102,16000078,16000012,20260405T235908.000Z
15001021,1,16000005,16000102,16000059,16000004,16000023,16000012,20260405T234946.000Z
15001021,0,16000005,16000102,16000059,16000004,16000023,16000012,20260405T234656.000Z
15001021,1,16000005,16000102,16000059,16000004,16000023,16000012,20260405T234550.000Z
15000072,1,16000012,16000075,16000046,16000005,16000061,16000002,20260405T233859.000Z
15000072,1,16000012,16000075,16000046,16000005,16000061,16000002,20260405T233736.000Z
15000368,1,16000004,16000076,16000075,16000064,16000023,16000003,20260405T233227.000Z
15000368,1,16000004,16000076,16000075,16000064,16000023,16000003,20260405T232948.000Z
15000005,1,16000054,16000036,16000042,16000011,16000046,16000061,20260405T232518.000Z
15000005,1,16000054,16000036,16000042,16000011,16000046,16000061,20260405T232301.000Z
15000005,0,16000054,16000036,16000042,16000011,16000046,16000061,20260405T232059.000Z
15000019,0,16000001,16000046,16000078,16000012,16000007,16000094,20260405T231445.000Z
15000019,0,16000001,16000046,16000078,16000012,16000007,16000094,20260405T231159.000Z
15000143,0,16000011,16000005,16000083,16000020,16000001,16000012,20260405T230522.000Z
15000143,0,16000011,16000005,16000083,16000020,16000001,16000012,20260405T230239.000Z
15000050,1,16000102,16000083,16000014,16000030,16000037,16000063,20260406T155243.000Z
15000050,1,16000102,16000083,16000014,16000030,16000037,16000063,20260406T154937.000Z
15000018,0,16000099,16000079,16000014,16000083,16000095,16000001,20260406T154412.000Z
15000018,0,16000099,16000079,16000014,16000083,16000095,16000001,20260406T154132.000Z
15000292,0,16000012,16000014,16000008,16000089,16000077,16000085,20260406T153735.000Z
15000292,0,16000012,16000014,16000008,16000089,16000077,16000085,20260406T153453.000Z
15000007,1,16000044,16000063,16000061,16000059,16000011,16000012,20260406T152800.000Z
15000007,1,16000044,16000063,16000061,16000059,16000011,16000012,20260406T152513.000Z
15000007,0,16000044,16000063,16000061,16000059,16000011,16000012,20260406T152318.000Z
15000011,1,16000005,16000099,16000002,16000063,16000031,16000012,20260406T150113.000Z
15000011,0,16000005,16000099,16000002,16000063,16000031,16000012,20260406T145933.000Z
15000011,1,16000005,16000099,16000002,16000063,16000031,16000012,20260406T145744.000Z
15000083,1,16000023,16000098,16000021,16000036,16000012,16000005,20260406T145035.000Z
15000083,1,16000023,16000098,16000021,16000036,16000012,16000005,20260406T144826.000Z
15000010,1,16000095,16000099,16000004,16000014,16000042,16000023,20260406T144341.000Z
15000010,0,16000095,16000099,16000004,16000014,16000042,16000023,20260406T144203.000Z
15000010,1,16000095,16000099,16000004,16000014,16000042,16000023,20260406T144023.000Z
15000022,0,16000036,16000021,16000042,16000005,16000003,16000099,20260406T143606.000Z
15000022,0,16000036,16000021,16000042,16000005,16000003,16000099,20260406T143347.000Z
15000306,1,16000019,16000011,16000099,16000074,16000014,16000085,20260406T142813.000Z
15000306,0,16000019,16000011,16000099,16000074,16000014,16000085,20260406T142619.000Z
15000306,1,16000019,16000011,16000099,16000074,16000014,16000085,20260406T142356.000Z
15000010,1,16000063,16000057,16000000,16000023,16000074,16000081,20260406T141838.000Z
15000010,1,16000063,16000057,16000000,16000023,16000074,16000081,20260406T141550.000Z
15000118,0,16000038,16000083,16000014,16000045,16000102,16000086,20260406T164404.000Z
15000118,0,16000038,16000083,16000014,16000045,16000102,16000086,20260406T164214.000Z
15000440,1,16000077,16000070,16000021,16000103,16000099,16000022,20260406T163249.000Z
15000440,1,16000077,16000070,16000021,16000103,16000099,16000022,20260406T163055.000Z
15001021,1,16000001,16000029,16000083,16000045,16000028,16000038,20260406T162058.000Z
15001021,1,16000001,16000029,16000083,16000045,16000028,16000038,20260406T161912.000Z
15000132,0,16000059,16000023,16000004,16000044,16000025,16000045,20260406T161420.000Z
15000132,0,16000059,16000023,16000004,16000044,16000025,16000045,20260406T161134.000Z
15000306,1,16000042,16000047,16000005,16000089,16000014,16000050,20260406T160548.000Z
15000306,1,16000042,16000047,16000005,16000089,16000014,16000050,20260406T160402.000Z
15000306,0,16000042,16000047,16000005,16000089,16000014,16000050,20260406T160045.000Z
15000007,1,16000085,16000027,16000083,16000025,16000047,16000004,20260406T155526.000Z
15000007,1,16000085,16000027,16000083,16000025,16000047,16000004,20260406T155330.000Z
15000132,1,16000048,16000047,16000083,16000102,16000063,16000068,20260406T154835.000Z
15000132,1,16000048,16000047,16000083,16000102,16000063,16000068,20260406T154546.000Z
15000011,0,16000059,16000061,16000040,16000012,16000099,16000011,20260406T154007.000Z
15000011,0,16000059,16000061,16000040,16000012,16000099,16000011,20260406T153822.000Z
15000007,1,16000075,16000004,16000027,16000030,16000057,16000046,20260406T153321.000Z
15000007,1,16000075,16000004,16000027,16000030,16000057,16000046,20260406T153119.000Z
15000132,1,16000040,16000063,16000026,16000102,16000030,16000001,20260406T135556.000Z
15000132,1,16000040,16000063,16000026,16000102,16000030,16000001,20260406T135502.000Z
15000143,0,16000086,16000002,16000004,16000023,16000084,16000026,20260406T134639.000Z
15000143,0,16000086,16000002,16000004,16000023,16000084,16000026,20260406T134506.000Z
15000083,0,16000065,16000011,16000094,16000061,16000046,16000087,20260406T173405.000Z
15000083,0,16000065,16000011,16000094,16000061,16000046,16000087,20260406T173151.000Z
15000083,1,16000065,16000011,16000094,16000061,16000046,16000087,20260406T172932.000Z
15000368,1,16000003,16000065,16000042,16000004,16000064,16000046,20260406T172312.000Z
15000368,1,16000003,16000065,16000042,16000004,16000064,16000046,20260406T172058.000Z
15000368,0,16000003,16000065,16000042,16000004,16000064,16000046,20260406T171912.000Z
15000007,1,16000011,16000057,16000012,16000004,16000052,16000014,20260406T164529.000Z
15000007,1,16000011,16000057,16000012,16000004,16000052,16000014,20260406T164329.000Z
15000143,1,16000061,16000011,16000023,16000004,16000001,16000099,20260406T163616.000Z
15000143,1,16000061,16000011,16000023,16000004,16000001,16000099,20260406T163338.000Z
15000025,1,16000002,16000086,16000103,16000063,16000074,16000075,20260406T162904.000Z
15000025,1,16000002,16000086,16000103,16000063,16000074,16000075,20260406T162646.000Z
15000025,0,16000002,16000086,16000103,16000063,16000074,16000075,20260406T162540.000Z
15001021,0,16000098,16000052,16000005,16000001,16000089,16000059,20260406T162143.000Z
15001021,1,16000098,16000052,16000005,16000001,16000089,16000059,20260406T162005.000Z
15001021,0,16000098,16000052,16000005,16000001,16000089,16000059,20260406T161718.000Z
15000005,1,16000065,16000011,16000021,16000042,16000047,16000015,20260406T161120.000Z
15000005,1,16000065,16000011,16000021,16000042,16000047,16000015,20260406T160949.000Z
15000300,0,16000029,16000059,16000061,16000095,16000023,16000014,20260406T165028.000Z
15000300,1,16000029,16000059,16000061,16000095,16000023,16000014,20260406T164842.000Z
15000300,0,16000029,16000059,16000061,16000095,16000023,16000014,20260406T164634.000Z
15000083,1,16000072,16000103,16000003,16000076,16000023,16000021,20260406T155422.000Z
15000083,1,16000072,16000103,16000003,16000076,16000023,16000021,20260406T155204.000Z
15000083,0,16000072,16000103,16000003,16000076,16000023,16000021,20260406T154947.000Z
15000368,0,16000064,16000021,16000042,16000044,16000023,16000098,20260406T145102.000Z
15000368,0,16000064,16000021,16000042,16000044,16000023,16000098,20260406T144922.000Z
15000300,1,16000023,16000012,16000016,16000014,16000040,16000083,20260406T143116.000Z
15000300,1,16000023,16000012,16000016,16000014,16000040,16000083,20260406T142829.000Z
15000293,0,16000011,16000077,16000085,16000059,16000043,16000089,20260406T072232.000Z
15000293,0,16000011,16000077,16000085,16000059,16000043,16000089,20260406T072016.000Z
15000132,0,16000001,16000008,16000012,16000063,16000026,16000059,20260406T071606.000Z
15000132,0,16000001,16000008,16000012,16000063,16000026,16000059,20260406T071328.000Z
15000050,1,16000085,16000059,16000005,16000004,16000044,16000012,20260406T070919.000Z
15000050,0,16000085,16000059,16000005,16000004,16000044,16000012,20260406T070631.000Z
15000050,0,16000085,16000059,16000005,16000004,16000044,16000012,20260406T070243.000Z
15000018,0,16000001,16000002,16000099,16000078,16000039,16000073,20260406T065835.000Z
15000018,0,16000001,16000002,16000099,16000078,16000039,16000073,20260406T065637.000Z
15000018,1,16000001,16000002,16000099,16000078,16000039,16000073,20260406T065449.000Z
15000300,0,16000014,16000023,16000002,16000044,16000011,16000042,20260405T090226.000Z
15000300,0,16000014,16000023,16000002,16000044,16000011,16000042,20260405T090026.000Z
15000300,1,16000014,16000023,16000002,16000044,16000011,16000042,20260405T085759.000Z
15000132,1,16000099,16000011,16000019,16000044,16000063,16000025,20260405T085040.000Z
15000132,1,16000099,16000011,16000019,16000044,16000063,16000025,20260405T084719.000Z
15000132,0,16000099,16000011,16000019,16000044,16000063,16000025,20260405T084431.000Z
15000293,0,16000098,16000026,16000005,16000099,16000096,16000063,20260405T083934.000Z
15000293,0,16000098,16000026,16000005,16000099,16000096,16000063,20260405T083744.000Z
15000293,1,16000098,16000026,16000005,16000099,16000096,16000063,20260405T083600.000Z
15000019,1,16000099,16000095,16000019,16000079,16000001,16000014,20260405T082605.000Z
15000019,1,16000099,16000095,16000019,16000079,16000001,16000014,20260405T082436.000Z
15000011,1,16000099,16000004,16000023,16000063,16000049,16000014,20260405T081706.000Z
15000011,1,16000099,16000004,16000023,16000063,16000049,16000014,20260405T081505.000Z
15000011,0,16000099,16000004,16000023,16000063,16000049,16000014,20260405T081239.000Z
15000440,1,16000061,16000042,16000011,16000090,16000064,16000003,20260406T165500.000Z
15000440,1,16000061,16000042,16000011,16000090,16000064,16000003,20260406T165304.000Z
15000293,1,16000023,16000091,16000005,16000030,16000089,16000002,20260406T164743.000Z
15000293,0,16000023,16000091,16000005,16000030,16000089,16000002,20260406T164616.000Z
15000293,1,16000023,16000091,16000005,16000030,16000089,16000002,20260406T164359.000Z
15000050,1,16000051,16000030,16000012,16000005,16000008,16000063,20260406T163847.000Z
15000050,1,16000051,16000030,16000012,16000005,16000008,16000063,20260406T163710.000Z
15000083,1,16000061,16000015,16000003,16000042,16000079,16000046,20260406T163208.000Z
15000083,1,16000061,16000015,16000003,16000042,16000079,16000046,20260406T163013.000Z
15000143,1,16000002,16000011,16000063,16000005,16000103,16000025,20260406T162456.000Z
15000143,1,16000002,16000011,16000063,16000005,16000103,16000025,20260406T162354.000Z
15000050,1,16000026,16000023,16000017,16000028,16000083,16000063,20260406T161736.000Z
15000050,0,16000026,16000023,16000017,16000028,16000083,16000063,20260406T161611.000Z
15000050,1,16000026,16000023,16000017,16000028,16000083,16000063,20260406T161314.000Z
15000703,1,16000023,16000064,16000042,16000099,16000003,16000029,20260406T160821.000Z
15000703,1,16000023,16000064,16000042,16000099,16000003,16000029,20260406T160706.000Z
15000368,1,16000003,16000042,16000103,16000061,16000015,16000064,20260406T160259.000Z
15000368,1,16000003,16000042,16000103,16000061,16000015,16000064,20260406T160127.000Z
15000010,0,16000051,16000103,16000005,16000014,16000004,16000095,20260406T155516.000Z
15000010,0,16000051,16000103,16000005,16000014,16000004,16000095,20260406T155249.000Z
15000368,0,16000003,16000011,16000012,16000097,16000021,16000061,20260406T154814.000Z
15000368,0,16000003,16000011,16000012,16000097,16000021,16000061,20260406T154646.000Z
15000072,0,16000099,16000023,16000073,16000001,16000070,16000036,20260406T154151.000Z
15000072,0,16000099,16000023,16000073,16000001,16000070,16000036,20260406T154019.000Z
15000115,0,16000005,16000081,16000021,16000023,16000063,16000011,20260405T154407.000Z
15000115,0,16000005,16000081,16000021,16000023,16000063,16000011,20260405T154221.000Z
15000306,0,16000026,16000011,16000082,16000071,16000005,16000023,20260405T153756.000Z
15000306,0,16000026,16000011,16000082,16000071,16000005,16000023,20260405T153555.000Z
15000007,1,16000017,16000028,16000012,16000011,16000059,16000074,20260405T153018.000Z
15000007,1,16000017,16000028,16000012,16000011,16000059,16000074,20260405T152810.000Z
15000018,0,16000046,16000079,16000081,16000066,16000075,16000001,20260406T160859.000Z
15000018,0,16000046,16000079,16000081,16000066,16000075,16000001,20260406T160705.000Z
15001021,1,16000001,16000005,16000023,16000063,16000044,16000059,20260406T160202.000Z
15001021,0,16000001,16000005,16000023,16000063,16000044,16000059,20260406T155839.000Z
15001021,1,16000001,16000005,16000023,16000063,16000044,16000059,20260406T155615.000Z
15000118,0,16000077,16000012,16000001,16000030,16000098,16000083,20260406T151445.000Z
15000118,0,16000077,16000012,16000001,16000030,16000098,16000083,20260406T151157.000Z
15000053,0,16000094,16000020,16000059,16000000,16000004,16000073,20260406T150015.000Z
15000053,0,16000094,16000020,16000059,16000000,16000004,16000073,20260406T145847.000Z
15000143,1,16000083,16000001,16000102,16000029,16000012,16000043,20260406T145205.000Z
15000143,1,16000083,16000001,16000102,16000029,16000012,16000043,20260406T145058.000Z
15000548,1,16000046,16000003,16000074,16000015,16000064,16000093,20260406T144554.000Z
15000548,1,16000046,16000003,16000074,16000015,16000064,16000093,20260406T144314.000Z
15000548,0,16000046,16000003,16000074,16000015,16000064,16000093,20260406T144128.000Z
15000005,0,16000042,16000071,16000079,16000015,16000029,16000036,20260406T143357.000Z
15000005,0,16000042,16000071,16000079,16000015,16000029,16000036,20260406T143310.000Z
15000306,0,16000011,16000099,16000030,16000085,16000014,16000059,20260406T143008.000Z
15000306,0,16000011,16000099,16000030,16000085,16000014,16000059,20260406T142824.000Z
15000018,1,16000025,16000001,16000075,16000081,16000012,16000003,20260406T142347.000Z
15000018,0,16000025,16000001,16000075,16000081,16000012,16000003,20260406T142223.000Z
15000018,1,16000025,16000001,16000075,16000081,16000012,16000003,20260406T142043.000Z
15000132,1,16000047,16000089,16000099,16000029,16000001,16000005,20260406T141206.000Z
15000132,1,16000047,16000089,16000099,16000029,16000001,16000005,20260406T140848.000Z
15000132,0,16000047,16000089,16000099,16000029,16000001,16000005,20260406T140656.000Z
15000025,1,16000001,16000004,16000086,16000102,16000059,16000020,20260406T123303.000Z
15000025,1,16000001,16000004,16000086,16000102,16000059,16000020,20260406T123207.000Z
15000368,1,16000066,16000042,16000064,16000074,16000005,16000003,20260406T121728.000Z
15000368,0,16000066,16000042,16000064,16000074,16000005,16000003,20260406T121527.000Z
15000368,1,16000066,16000042,16000064,16000074,16000005,16000003,20260406T121214.000Z
15000292,1,16000074,16000006,16000011,16000080,16000103,16000013,20260406T120610.000Z
15000292,1,16000074,16000006,16000011,16000080,16000103,16000013,20260406T120443.000Z
15000050,0,16000095,16000074,16000005,16000028,16000063,16000023,20260406T115841.000Z
15000050,0,16000095,16000074,16000005,16000028,16000063,16000023,20260406T115615.000Z
15000050,1,16000095,16000074,16000005,16000028,16000063,16000023,20260406T115330.000Z
15000011,0,16000014,16000097,16000026,16000001,16000023,16000029,20260406T175745.000Z
15000011,0,16000014,16000097,16000026,16000001,16000023,16000029,20260406T175555.000Z
15000143,1,16000020,16000063,16000023,16000074,16000045,16000012,20260406T175156.000Z
15000143,1,16000020,16000063,16000023,16000074,16000045,16000012,20260406T174928.000Z
15000010,0,16000099,16000017,16000005,16000063,16000011,16000074,20260406T174359.000Z
15000010,0,16000099,16000017,16000005,16000063,16000011,16000074,20260406T174142.000Z
15000703,1,16000021,16000023,16000046,16000037,16000099,16000061,20260406T173541.000Z
15000005,0,16000094,16000064,16000012,16000011,16000042,16000099,20260406T073754.000Z
15000005,0,16000094,16000064,16000012,16000011,16000042,16000099,20260406T073609.000Z
15000300,1,16000074,16000001,16000023,16000005,16000029,16000083,20260406T070204.000Z
15000300,1,16000074,16000001,16000023,16000005,16000029,16000083,20260406T070008.000Z
15000050,0,16000097,16000050,16000001,16000004,16000030,16000005,20260406T160323.000Z
15000050,0,16000097,16000050,16000001,16000004,16000030,16000005,20260406T160143.000Z
15000548,1,16000076,16000011,16000042,16000012,16000074,16000003,20260406T155325.000Z
15000548,1,16000076,16000011,16000042,16000012,16000074,16000003,20260406T155203.000Z
15000368,1,16000094,16000023,16000099,16000061,16000015,16000003,20260406T154706.000Z
15000368,1,16000094,16000023,16000099,16000061,16000015,16000003,20260406T154443.000Z
15000368,0,16000094,16000023,16000099,16000061,16000015,16000003,20260406T154323.000Z
15000440,0,16000037,16000065,16000064,16000047,16000079,16000099,20260404T151002.000Z
15000440,1,16000037,16000065,16000064,16000047,16000079,16000099,20260404T150722.000Z
15000440,0,16000037,16000065,16000064,16000047,16000079,16000099,20260404T150500.000Z
15000083,0,16000003,16000021,16000099,16000046,16000011,16000064,20260404T144808.000Z
15000083,0,16000003,16000021,16000099,16000046,16000011,16000064,20260404T144550.000Z
15000083,1,16000003,16000021,16000099,16000046,16000011,16000064,20260404T144332.000Z
15000011,1,16000103,16000017,16000040,16000023,16000083,16000076,20260404T143838.000Z
15000011,1,16000103,16000017,16000040,16000023,16000083,16000076,20260404T143701.000Z
15000143,0,16000023,16000059,16000001,16000089,16000005,16000012,20260404T143131.000Z
15000143,0,16000023,16000059,16000001,16000089,16000005,16000012,20260404T142816.000Z
15001021,0,16000011,16000044,16000023,16000004,16000059,16000085,20260404T142247.000Z
15001021,0,16000011,16000044,16000023,16000004,16000059,16000085,20260404T142146.000Z
15001021,1,16000011,16000044,16000023,16000004,16000059,16000085,20260404T142000.000Z
15000306,1,16000030,16000040,16000029,16000059,16000083,16000011,20260406T180026.000Z
15000306,1,16000030,16000040,16000029,16000059,16000083,16000011,20260406T175852.000Z
15000293,0,16000005,16000026,16000070,16000063,16000085,16000023,20260406T174430.000Z
15000293,0,16000005,16000026,16000070,16000063,16000085,16000023,20260406T174311.000Z
15000050,1,16000001,16000029,16000063,16000044,16000004,16000005,20260406T173603.000Z
15000050,0,16000001,16000029,16000063,16000044,16000004,16000005,20260406T173332.000Z
15000050,1,16000001,16000029,16000063,16000044,16000004,16000005,20260406T173037.000Z
15000011,0,16000023,16000063,16000017,16000028,16000001,16000074,20260406T172317.000Z
15000011,0,16000023,16000063,16000017,16000028,16000001,16000074,20260406T172116.000Z
15000072,1,16000040,16000001,16000012,16000079,16000046,16000036,20260406T171412.000Z
15000072,1,16000040,16000001,16000012,16000079,16000046,16000036,20260406T171235.000Z
15000050,0,16000099,16000030,16000011,16000063,16000102,16000004,20260406T165809.000Z
15000050,0,16000099,16000030,16000011,16000063,16000102,16000004,20260406T165702.000Z
15000022,0,16000074,16000003,16000000,16000012,16000103,16000099,20260406T164040.000Z
15000022,0,16000074,16000003,16000000,16000012,16000103,16000099,20260406T163921.000Z
15000007,0,16000028,16000099,16000008,16000074,16000011,16000004,20260406T162854.000Z
15000007,0,16000028,16000099,16000008,16000074,16000011,16000004,20260406T162633.000Z
15000300,0,16000099,16000011,16000002,16000014,16000023,16000083,20260406T161928.000Z
15000300,0,16000099,16000011,16000002,16000014,16000023,16000083,20260406T161735.000Z
15000132,1,16000008,16000102,16000012,16000081,16000084,16000023,20260406T161303.000Z
15000132,1,16000008,16000102,16000012,16000081,16000084,16000023,20260406T161202.000Z
15000132,0,16000023,16000074,16000103,16000083,16000095,16000017,20260406T160502.000Z
15000132,0,16000023,16000074,16000103,16000083,16000095,16000017,20260406T160346.000Z
15000440,0,16000099,16000074,16000021,16000064,16000005,16000030,20260406T045225.000Z
15000440,0,16000099,16000074,16000021,16000064,16000005,16000030,20260406T045046.000Z
15000005,1,16000042,16000025,16000015,16000036,16000099,16000064,20260406T044450.000Z
15000005,1,16000042,16000025,16000015,16000036,16000099,16000064,20260406T044232.000Z
15000007,1,16000002,16000011,16000012,16000004,16000030,16000102,20260406T043038.000Z
15000007,1,16000002,16000011,16000012,16000004,16000030,16000102,20260406T042818.000Z
15000082,0,16000098,16000023,16000081,16000100,16000026,16000059,20260406T145519.000Z
15000082,0,16000098,16000023,16000081,16000100,16000026,16000059,20260406T145337.000Z
15000703,1,16000074,16000003,16000101,16000081,16000001,16000005,20260406T144814.000Z
15000703,0,16000074,16000003,16000101,16000081,16000001,16000005,20260406T144546.000Z
15000703,1,16000074,16000003,16000101,16000081,16000001,16000005,20260406T144405.000Z
15000292,0,16000083,16000044,16000099,16000014,16000064,16000030,20260406T143658.000Z
15000292,0,16000083,16000044,16000099,16000014,16000064,16000030,20260406T143450.000Z
15000007,1,16000044,16000030,16000000,16000011,16000012,16000076,20260406T175955.000Z
15000007,1,16000044,16000030,16000000,16000011,16000012,16000076,20260406T175748.000Z
15000018,1,16000079,16000083,16000014,16000027,16000012,16000001,20260406T175100.000Z
15000018,1,16000079,16000083,16000014,16000027,16000012,16000001,20260406T174815.000Z
15000072,0,16000056,16000012,16000015,16000079,16000001,16000103,20260406T135036.000Z
15000072,1,16000056,16000012,16000015,16000079,16000001,16000103,20260406T134819.000Z
15000072,0,16000056,16000012,16000015,16000079,16000001,16000103,20260406T134531.000Z
15000007,0,16000074,16000002,16000004,16000044,16000081,16000099,20260406T133905.000Z
15000007,0,16000074,16000002,16000004,16000044,16000081,16000099,20260406T133724.000Z
15000053,0,16000050,16000073,16000005,16000004,16000070,16000002,20260406T133444.000Z
15000053,0,16000050,16000073,16000005,16000004,16000070,16000002,20260406T133244.000Z
15000300,0,16000017,16000014,16000012,16000059,16000044,16000019,20260406T132759.000Z
15000300,0,16000017,16000014,16000012,16000059,16000044,16000019,20260406T132454.000Z
15000300,1,16000017,16000014,16000012,16000059,16000044,16000019,20260406T132243.000Z
15000115,1,16000074,16000063,16000040,16000059,16000023,16000011,20260406T131724.000Z
15000115,1,16000074,16000063,16000040,16000059,16000023,16000011,20260406T131407.000Z
15000306,1,16000019,16000099,16000012,16000014,16000040,16000078,20260406T130804.000Z
15000306,1,16000019,16000099,16000012,16000014,16000040,16000078,20260406T130614.000Z
15000019,1,16000046,16000012,16000058,16000025,16000001,16000014,20260406T130034.000Z
15000019,0,16000046,16000012,16000058,16000025,16000001,16000014,20260406T125746.000Z
15000019,1,16000046,16000012,16000058,16000025,16000001,16000014,20260406T125457.000Z
15000019,0,16000018,16000001,16000003,16000025,16000099,16000012,20260406T125005.000Z
15000019,0,16000018,16000001,16000003,16000025,16000099,16000012,20260406T124813.000Z
15000306,1,16000019,16000023,16000099,16000014,16000074,16000097,20260406T124316.000Z
15000306,0,16000019,16000023,16000099,16000014,16000074,16000097,20260406T124034.000Z
15000306,1,16000019,16000023,16000099,16000014,16000074,16000097,20260406T123808.000Z
15000022,0,16000046,16000079,16000042,16000015,16000036,16000001,20260406T133254.000Z
15000022,0,16000046,16000079,16000042,16000015,16000036,16000001,20260406T133036.000Z
15000022,1,16000046,16000079,16000042,16000015,16000036,16000001,20260406T132818.000Z
15000292,0,16000011,16000030,16000026,16000005,16000070,16000012,20260405T171242.000Z
15000292,0,16000011,16000030,16000026,16000005,16000070,16000012,20260405T171044.000Z
15000292,1,16000011,16000030,16000026,16000005,16000070,16000012,20260405T170839.000Z
15000025,0,16000009,16000086,16000099,16000034,16000012,16000074,20260405T170342.000Z
15000025,0,16000009,16000086,16000099,16000034,16000012,16000074,20260405T170001.000Z
15000118,1,16000009,16000004,16000002,16000063,16000012,16000050,20260405T165605.000Z
15000118,0,16000009,16000004,16000002,16000063,16000012,16000050,20260405T165350.000Z
15000118,1,16000009,16000004,16000002,16000063,16000012,16000050,20260405T165002.000Z
15000018,0,16000079,16000078,16000001,16000081,16000023,16000012,20260405T164535.000Z
15000018,0,16000079,16000078,16000001,16000081,16000023,16000012,20260405T164331.000Z
15000018,1,16000079,16000078,16000001,16000081,16000023,16000012,20260405T164140.000Z
15000025,0,16000083,16000001,16000012,16000089,16000067,16000023,20260406T175617.000Z
15000025,0,16000083,16000001,16000012,16000089,16000067,16000023,20260406T175513.000Z
15000022,0,16000036,16000003,16000042,16000074,16000099,16000032,20260406T174401.000Z
15000022,0,16000036,16000003,16000042,16000074,16000099,16000032,20260406T174246.000Z
15000072,1,16000079,16000001,16000099,16000098,16000101,16000010,20260406T173721.000Z
15000072,1,16000079,16000001,16000099,16000098,16000101,16000010,20260406T173622.000Z
15001021,0,16000099,16000089,16000023,16000074,16000083,16000005,20260406T173137.000Z
15001021,0,16000099,16000089,16000023,16000074,16000083,16000005,20260406T172905.000Z
15001021,1,16000099,16000089,16000023,16000074,16000083,16000005,20260406T172705.000Z
15000018,1,16000099,16000012,16000094,16000005,16000040,16000079,20260406T170655.000Z
15000018,1,16000099,16000012,16000094,16000005,16000040,16000079,20260406T170407.000Z
15000050,0,16000099,16000025,16000083,16000030,16000074,16000017,20260406T165514.000Z
15000050,0,16000099,16000025,16000083,16000030,16000074,16000017,20260406T165226.000Z
15000293,1,16000102,16000023,16000070,16000089,16000002,16000076,20260406T163841.000Z
15000293,1,16000102,16000023,16000070,16000089,16000002,16000076,20260406T163702.000Z
15000053,0,16000074,16000073,16000026,16000001,16000070,16000012,20260406T163258.000Z
15000053,0,16000074,16000073,16000026,16000001,16000070,16000012,20260406T163127.000Z
15000053,1,16000074,16000073,16000026,16000001,16000070,16000012,20260406T162952.000Z
15000019,1,16000003,16000005,16000002,16000075,16000012,16000001,20260406T162221.000Z
15000019,1,16000003,16000005,16000002,16000075,16000012,16000001,20260406T162024.000Z
15000118,1,16000099,16000020,16000063,16000001,16000030,16000070,20260406T161056.000Z
15000118,1,16000099,16000020,16000063,16000001,16000030,16000070,20260406T160947.000Z
15000368,1,16000042,16000090,16000046,16000094,16000036,16000003,20260406T184200.000Z
15000368,1,16000042,16000090,16000046,16000094,16000036,16000003,20260406T184022.000Z
15000011,1,16000011,16000017,16000012,16000059,16000001,16000005,20260406T183513.000Z
15000011,1,16000011,16000017,16000012,16000059,16000001,16000005,20260406T183218.000Z
15000011,0,16000057,16000004,16000063,16000098,16000005,16000089,20260406T182707.000Z
15000011,0,16000057,16000004,16000063,16000098,16000005,16000089,20260406T182512.000Z
15000132,0,16000089,16000059,16000030,16000098,16000002,16000005,20260406T181951.000Z
15000132,0,16000089,16000059,16000030,16000098,16000002,16000005,20260406T181851.000Z
15000292,1,16000006,16000096,16000023,16000092,16000083,16000044,20260406T181254.000Z
15000292,1,16000006,16000096,16000023,16000092,16000083,16000044,20260406T181055.000Z
15000292,0,16000006,16000096,16000023,16000092,16000083,16000044,20260406T180916.000Z
15000082,1,16000074,16000094,16000004,16000006,16000005,16000089,20260406T180340.000Z
15000082,1,16000074,16000094,16000004,16000006,16000005,16000089,20260406T180123.000Z
15000007,1,16000076,16000001,16000023,16000099,16000063,16000004,20260406T175615.000Z
15000007,1,16000076,16000001,16000023,16000099,16000063,16000004,20260406T175333.000Z
15000011,1,16000011,16000061,16000005,16000099,16000063,16000057,20260406T174916.000Z
15000011,1,16000011,16000061,16000005,16000099,16000063,16000057,20260406T174733.000Z
15000083,1,16000005,16000061,16000003,16000020,16000042,16000079,20260406T174258.000Z
15000083,0,16000005,16000061,16000003,16000020,16000042,16000079,20260406T174041.000Z
15000083,1,16000005,16000061,16000003,16000020,16000042,16000079,20260406T173823.000Z
15000018,0,16000046,16000025,16000074,16000005,16000012,16000002,20260406T173349.000Z
15000018,0,16000046,16000025,16000074,16000005,16000012,16000002,20260406T173118.000Z
15000018,1,16000046,16000025,16000074,16000005,16000012,16000002,20260406T172856.000Z
15000019,1,16000102,16000001,16000003,16000025,16000019,16000036,20260406T153613.000Z
15000019,1,16000102,16000001,16000003,16000025,16000019,16000036,20260406T153416.000Z
15000019,0,16000102,16000001,16000003,16000025,16000019,16000036,20260406T153128.000Z
15000072,1,16000014,16000094,16000083,16000012,16000023,16000042,20260406T152445.000Z
15000072,1,16000014,16000094,16000083,16000012,16000023,16000042,20260406T152256.000Z
15000115,0,16000100,16000011,16000059,16000002,16000005,16000004,20260406T054629.000Z
15000115,0,16000100,16000011,16000059,16000002,16000005,16000004,20260406T054400.000Z
15000115,1,16000100,16000011,16000059,16000002,16000005,16000004,20260406T054155.000Z
15000022,0,16000012,16000036,16000048,16000064,16000021,16000042,20260406T053744.000Z
15000022,0,16000012,16000036,16000048,16000064,16000021,16000042,20260406T053525.000Z
15000292,0,16000063,16000047,16000030,16000011,16000026,16000029,20260406T051705.000Z
15000292,0,16000063,16000047,16000030,16000011,16000026,16000029,20260406T051511.000Z
15000053,1,16000026,16000012,16000063,16000059,16000078,16000082,20260406T051011.000Z
15000053,1,16000026,16000012,16000063,16000059,16000078,16000082,20260406T050829.000Z
15000007,1,16000026,16000049,16000083,16000103,16000000,16000005,20260406T050310.000Z
15000007,0,16000026,16000049,16000083,16000103,16000000,16000005,20260406T050049.000Z
15000007,1,16000026,16000049,16000083,16000103,16000000,16000005,20260406T045850.000Z
15000118,1,16000026,16000023,16000032,16000059,16000063,16000001,20260406T083918.000Z
15000118,1,16000026,16000023,16000032,16000059,16000063,16000001,20260406T083827.000Z
15000118,0,16000026,16000023,16000032,16000059,16000063,16000001,20260406T083724.000Z
15000083,1,16000099,16000023,16000042,16000064,16000102,16000081,20260406T083135.000Z
15000083,0,16000099,16000023,16000042,16000064,16000102,16000081,20260406T082918.000Z
15000083,1,16000099,16000023,16000042,16000064,16000102,16000081,20260406T082700.000Z
15000368,1,16000047,16000021,16000023,16000012,16000074,16000003,20260406T082203.000Z
15000368,1,16000047,16000021,16000023,16000012,16000074,16000003,20260406T082006.000Z
15000368,0,16000047,16000021,16000023,16000012,16000074,16000003,20260406T081809.000Z
15000300,0,16000014,16000002,16000005,16000012,16000011,16000044,20260406T124706.000Z
15000300,0,16000014,16000002,16000005,16000012,16000011,16000044,20260406T124441.000Z
15000368,0,16000011,16000003,16000064,16000042,16000002,16000036,20260406T122822.000Z
15000368,1,16000011,16000003,16000064,16000042,16000002,16000036,20260406T122419.000Z
15000368,0,16000011,16000003,16000064,16000042,16000002,16000036,20260406T122143.000Z
15000118,1,16000087,16000002,16000012,16000074,16000008,16000004,20260406T121608.000Z
15000118,0,16000087,16000002,16000012,16000074,16000008,16000004,20260406T121320.000Z
15000118,1,16000087,16000002,16000012,16000074,16000008,16000004,20260406T120945.000Z
15000053,0,16000102,16000005,16000002,16000009,16000012,16000081,20260406T083031.000Z
15000053,0,16000102,16000005,16000002,16000009,16000012,16000081,20260406T082836.000Z
15000053,1,16000102,16000005,16000002,16000009,16000012,16000081,20260406T082605.000Z
15000440,0,16000103,16000023,16000042,16000030,16000074,16000011,20260406T081633.000Z
15000440,0,16000103,16000023,16000042,16000030,16000074,16000011,20260406T081431.000Z
15000011,0,16000011,16000081,16000030,16000063,16000012,16000095,20260406T080943.000Z
15000011,0,16000011,16000081,16000030,16000063,16000012,16000095,20260406T080756.000Z
15000011,0,16000074,16000008,16000023,16000045,16000083,16000040,20260406T080302.000Z
15000011,0,16000074,16000008,16000023,16000045,16000083,16000040,20260406T080001.000Z
15000368,1,16000011,16000070,16000003,16000071,16000064,16000004,20260406T091135.000Z
15000368,1,16000011,16000070,16000003,16000071,16000064,16000004,20260406T090816.000Z
15000368,0,16000011,16000070,16000003,16000071,16000064,16000004,20260406T090443.000Z
15000007,1,16000095,16000019,16000047,16000040,16000012,16000102,20260406T085939.000Z
15000007,1,16000095,16000019,16000047,16000040,16000012,16000102,20260406T085722.000Z
15000007,0,16000095,16000019,16000047,16000040,16000012,16000102,20260406T085517.000Z
15000368,1,16000037,16000001,16000011,16000023,16000064,16000042,20260406T084817.000Z
15000368,0,16000037,16000001,16000011,16000023,16000064,16000042,20260406T084441.000Z
15000368,1,16000037,16000001,16000011,16000023,16000064,16000042,20260406T084052.000Z
15000050,1,16000026,16000067,16000029,16000040,16000023,16000086,20260406T083451.000Z
15000050,1,16000026,16000067,16000029,16000040,16000023,16000086,20260406T083344.000Z
15000025,0,16000023,16000067,16000089,16000030,16000063,16000081,20260406T160144.000Z
15000025,0,16000023,16000067,16000089,16000030,16000063,16000081,20260406T160017.000Z
15000010,0,16000004,16000074,16000086,16000059,16000011,16000083,20260406T155550.000Z
15000010,0,16000004,16000074,16000086,16000059,16000011,16000083,20260406T155404.000Z
15000132,1,16000074,16000102,16000005,16000001,16000012,16000098,20260406T184057.000Z
15000132,0,16000074,16000102,16000005,16000001,16000012,16000098,20260406T183751.000Z
15000132,1,16000074,16000102,16000005,16000001,16000012,16000098,20260406T183503.000Z
15000072,1,16000023,16000014,16000099,16000003,16000012,16000056,20260406T182908.000Z
15000072,1,16000023,16000014,16000099,16000003,16000012,16000056,20260406T182718.000Z
15000118,1,16000067,16000029,16000011,16000045,16000002,16000023,20260406T180935.000Z
15000118,1,16000067,16000029,16000011,16000045,16000002,16000023,20260406T180721.000Z
15000050,1,16000013,16000005,16000020,16000004,16000000,16000012,20260405T232211.000Z
15000050,1,16000013,16000005,16000020,16000004,16000000,16000012,20260405T232114.000Z
15000292,1,16000063,16000074,16000005,16000083,16000023,16000012,20260405T224317.000Z
15000292,1,16000063,16000074,16000005,16000083,16000023,16000012,20260405T224052.000Z
15000132,1,16000047,16000083,16000103,16000074,16000011,16000012,20260405T103459.000Z
15000132,1,16000047,16000083,16000103,16000074,16000011,16000012,20260405T103225.000Z
15000132,0,16000047,16000083,16000103,16000074,16000011,16000012,20260405T102855.000Z
15000083,1,16000023,16000020,16000099,16000064,16000097,16000071,20260405T102423.000Z
15000083,0,16000023,16000020,16000099,16000064,16000097,16000071,20260405T102256.000Z
15000083,1,16000023,16000020,16000099,16000064,16000097,16000071,20260405T102037.000Z
15000703,1,16000064,16000032,16000099,16000079,16000044,16000003,20260405T073728.000Z
15000703,1,16000064,16000032,16000099,16000079,16000044,16000003,20260405T073523.000Z
15000440,0,16000012,16000065,16000021,16000101,16000029,16000003,20260405T073105.000Z
15000440,1,16000012,16000065,16000021,16000101,16000029,16000003,20260405T072905.000Z
15000440,0,16000012,16000065,16000021,16000101,16000029,16000003,20260405T072546.000Z
15000132,1,16000041,16000011,16000063,16000004,16000002,16000059,20260405T071938.000Z
15000132,0,16000041,16000011,16000063,16000004,16000002,16000059,20260405T071841.000Z
15000132,1,16000041,16000011,16000063,16000004,16000002,16000059,20260405T071648.000Z
15000118,0,16000029,16000102,16000001,16000011,16000059,16000030,20260406T170730.000Z
15000118,0,16000029,16000102,16000001,16000011,16000059,16000030,20260406T170506.000Z
15000050,0,16000084,16000017,16000005,16000089,16000062,16000030,20260406T165735.000Z
15000050,0,16000084,16000017,16000005,16000089,16000062,16000030,20260406T165617.000Z
15000050,0,16000084,16000017,16000005,16000089,16000062,16000030,20260406T165442.000Z
15000005,1,16000031,16000036,16000046,16000021,16000061,16000042,20260406T163857.000Z
15000005,1,16000031,16000036,16000046,16000021,16000061,16000042,20260406T163639.000Z
15000005,0,16000042,16000011,16000037,16000003,16000079,16000002,20260406T163012.000Z
15000005,0,16000042,16000011,16000037,16000003,16000079,16000002,20260406T162758.000Z
15000072,1,16000079,16000015,16000094,16000003,16000004,16000075,20260406T162044.000Z
15000072,1,16000079,16000015,16000094,16000003,16000004,16000075,20260406T161838.000Z
15000072,0,16000079,16000015,16000094,16000003,16000004,16000075,20260406T161717.000Z
15000022,0,16000075,16000005,16000003,16000042,16000036,16000064,20260406T161230.000Z
15000022,0,16000075,16000005,16000003,16000042,16000036,16000064,20260406T161013.000Z
15000300,1,16000005,16000040,16000011,16000023,16000019,16000099,20260406T160449.000Z
15000300,1,16000005,16000040,16000011,16000023,16000019,16000099,20260406T160219.000Z
15000292,0,16000063,16000074,16000083,16000099,16000011,16000030,20260406T155447.000Z
15000292,1,16000063,16000074,16000083,16000099,16000011,16000030,20260406T155313.000Z
15000292,0,16000063,16000074,16000083,16000099,16000011,16000030,20260406T155054.000Z
15000368,0,16000064,16000071,16000079,16000061,16000021,16000102,20260406T154456.000Z
15000368,0,16000064,16000071,16000079,16000061,16000021,16000102,20260406T154314.000Z
15000368,1,16000064,16000071,16000079,16000061,16000021,16000102,20260406T154137.000Z
15000115,0,16000011,16000057,16000063,16000085,16000030,16000051,20260406T153533.000Z
15000115,1,16000011,16000057,16000063,16000085,16000030,16000051,20260406T153355.000Z
15000115,0,16000011,16000057,16000063,16000085,16000030,16000051,20260406T153209.000Z
15000548,1,16000070,16000056,16000042,16000026,16000076,16000103,20260406T051145.000Z
15000548,1,16000070,16000056,16000042,16000026,16000076,16000103,20260406T050923.000Z
15000053,0,16000076,16000094,16000023,16000026,16000082,16000012,20260406T050241.000Z
15000053,0,16000076,16000094,16000023,16000026,16000082,16000012,20260406T050033.000Z
15000022,1,16000021,16000023,16000003,16000012,16000099,16000001,20260406T045515.000Z
15000022,1,16000021,16000023,16000003,16000012,16000099,16000001,20260406T045410.000Z
15000306,1,16000074,16000014,16000012,16000098,16000089,16000099,20260406T044919.000Z
15000306,1,16000074,16000014,16000012,16000098,16000089,16000099,20260406T044659.000Z
15000115,1,16000002,16000011,16000083,16000000,16000098,16000023,20260406T044111.000Z
15000115,1,16000002,16000011,16000083,16000000,16000098,16000023,20260406T043905.000Z
15000019,1,16000094,16000097,16000012,16000008,16000046,16000001,20260406T043139.000Z
15000019,1,16000094,16000097,16000012,16000008,16000046,16000001,20260406T042851.000Z
15000019,0,16000094,16000097,16000012,16000008,16000046,16000001,20260406T042654.000Z
15000072,0,16000001,16000043,16000082,16000002,16000023,16000040,20260406T042049.000Z
15000072,0,16000001,16000043,16000082,16000002,16000023,16000040,20260406T041937.000Z
15000025,1,16000006,16000030,16000023,16000077,16000084,16000063,20260406T041324.000Z
15000025,1,16000006,16000030,16000023,16000077,16000084,16000063,20260406T041125.000Z
15000050,1,16000025,16000045,16000083,16000063,16000059,16000004,20260406T040434.000Z
15000050,1,16000025,16000045,16000083,16000063,16000059,16000004,20260406T040320.000Z
15000010,0,16000103,16000011,16000063,16000012,16000026,16000095,20260406T113946.000Z
15000010,1,16000103,16000011,16000063,16000012,16000026,16000095,20260406T113752.000Z
15000010,0,16000103,16000011,16000063,16000012,16000026,16000095,20260406T113553.000Z
15000118,1,16000083,16000012,16000002,16000103,16000005,16000074,20260406T113201.000Z
15000118,1,16000083,16000012,16000002,16000103,16000005,16000074,20260406T112912.000Z
15000018,0,16000079,16000075,16000103,16000099,16000002,16000102,20260406T112401.000Z
15000018,0,16000079,16000075,16000103,16000099,16000002,16000102,20260406T112204.000Z
15000025,0,16000009,16000023,16000004,16000074,16000002,16000030,20260405T192038.000Z
15000025,0,16000009,16000023,16000004,16000074,16000002,16000030,20260405T191944.000Z
15000019,1,16000074,16000001,16000073,16000025,16000099,16000066,20260405T191353.000Z
15000019,1,16000074,16000001,16000073,16000025,16000099,16000066,20260405T191151.000Z
15000011,1,16000099,16000005,16000095,16000063,16000014,16000057,20260405T190628.000Z
15000011,1,16000099,16000005,16000095,16000063,16000014,16000057,20260405T190443.000Z
15000011,0,16000099,16000005,16000095,16000063,16000014,16000057,20260405T190231.000Z
15000703,1,16000036,16000061,16000099,16000005,16000064,16000042,20260403T204617.000Z
15000703,1,16000036,16000061,16000099,16000005,16000064,16000042,20260403T204314.000Z
15000118,0,16000020,16000011,16000004,16000075,16000063,16000070,20260403T203655.000Z
15000118,1,16000020,16000011,16000004,16000075,16000063,16000070,20260403T203407.000Z
15000118,0,16000020,16000011,16000004,16000075,16000063,16000070,20260403T203120.000Z
15000368,1,16000099,16000003,16000064,16000061,16000005,16000004,20260405T152142.000Z
15000368,1,16000099,16000003,16000064,16000061,16000005,16000004,20260405T151928.000Z
15000010,0,16000102,16000023,16000070,16000083,16000011,16000026,20260405T151343.000Z
15000010,1,16000102,16000023,16000070,16000083,16000011,16000026,20260405T151107.000Z
15000010,0,16000102,16000023,16000070,16000083,16000011,16000026,20260405T150922.000Z
15000018,1,16000012,16000094,16000074,16000002,16000014,16000079,20260406T184501.000Z
15000018,1,16000012,16000094,16000074,16000002,16000014,16000079,20260406T184218.000Z
15000010,0,16000004,16000063,16000103,16000012,16000011,16000025,20260406T183638.000Z
15000010,0,16000004,16000063,16000103,16000012,16000011,16000025,20260406T183329.000Z
15000010,1,16000004,16000063,16000103,16000012,16000011,16000025,20260406T183126.000Z
15000293,0,16000099,16000059,16000012,16000011,16000102,16000023,20260406T182643.000Z
15000293,0,16000099,16000059,16000012,16000011,16000102,16000023,20260406T182459.000Z
15000703,1,16000003,16000042,16000099,16000005,16000036,16000015,20260406T182033.000Z
15000703,1,16000003,16000042,16000099,16000005,16000036,16000015,20260406T181704.000Z
15000368,1,16000099,16000021,16000061,16000097,16000064,16000042,20260406T181157.000Z
15000368,1,16000099,16000021,16000061,16000097,16000064,16000042,20260406T181024.000Z
15000053,0,16000094,16000059,16000075,16000074,16000070,16000012,20260406T100158.000Z
15000053,0,16000094,16000059,16000075,16000074,16000070,16000012,20260406T100000.000Z
15000010,1,16000074,16000002,16000012,16000008,16000063,16000081,20260406T095049.000Z
15000010,1,16000074,16000002,16000012,16000008,16000063,16000081,20260406T094837.000Z
15000143,0,16000084,16000102,16000074,16000012,16000030,16000077,20260406T094315.000Z
15000143,0,16000084,16000102,16000074,16000012,16000030,16000077,20260406T094027.000Z
15000050,1,16000030,16000012,16000083,16000004,16000044,16000063,20260406T093552.000Z
15000050,1,16000030,16000012,16000083,16000004,16000044,16000063,20260406T093242.000Z
15000050,0,16000026,16000063,16000001,16000000,16000084,16000008,20260406T092723.000Z
15000050,1,16000026,16000063,16000001,16000000,16000084,16000008,20260406T092402.000Z
15000050,0,16000026,16000063,16000001,16000000,16000084,16000008,20260406T092226.000Z
15000548,0,16000011,16000012,16000042,16000005,16000003,16000099,20260406T091339.000Z
15000548,0,16000011,16000012,16000042,16000005,16000003,16000099,20260406T091025.000Z
15000018,0,16000070,16000078,16000099,16000040,16000095,16000023,20260406T090409.000Z
15000018,0,16000070,16000078,16000099,16000040,16000095,16000023,20260406T090156.000Z
15000082,1,16000070,16000002,16000059,16000074,16000099,16000095,20260406T085730.000Z
15000082,1,16000070,16000002,16000059,16000074,16000099,16000095,20260406T085512.000Z
15000132,1,16000049,16000030,16000102,16000026,16000098,16000023,20260406T062211.000Z
15000132,1,16000049,16000030,16000102,16000026,16000098,16000023,20260406T062102.000Z
15000132,0,16000049,16000030,16000102,16000026,16000098,16000023,20260406T061908.000Z
15000440,1,16000085,16000012,16000005,16000011,16000064,16000003,20260406T061355.000Z
15000440,1,16000085,16000012,16000005,16000011,16000064,16000003,20260406T061059.000Z
15000053,1,16000026,16000099,16000012,16000004,16000005,16000001,20260406T060505.000Z
15000053,1,16000026,16000099,16000012,16000004,16000005,16000001,20260406T060220.000Z
15000053,0,16000026,16000099,16000012,16000004,16000005,16000001,20260406T055942.000Z
15000005,1,16000042,16000021,16000094,16000031,16000023,16000036,20260405T142647.000Z
15000005,0,16000042,16000021,16000094,16000031,16000023,16000036,20260405T142429.000Z
15000005,1,16000042,16000021,16000094,16000031,16000023,16000036,20260405T142211.000Z
15000293,1,16000087,16000012,16000063,16000070,16000086,16000077,20260405T141708.000Z
15000293,1,16000087,16000012,16000063,16000070,16000086,16000077,20260405T141450.000Z
15000440,1,16000090,16000074,16000003,16000065,16000022,16000099,20260405T140835.000Z
15000440,0,16000090,16000074,16000003,16000065,16000022,16000099,20260405T140456.000Z
15000440,1,16000090,16000074,16000003,16000065,16000022,16000099,20260405T140205.000Z
15000083,0,16000003,16000042,16000005,16000099,16000093,16000021,20260405T134848.000Z
15000083,0,16000003,16000042,16000005,16000099,16000093,16000021,20260405T134630.000Z
15000368,0,16000003,16000011,16000083,16000099,16000002,16000061,20260406T160824.000Z
15000368,0,16000003,16000011,16000083,16000099,16000002,16000061,20260406T160534.000Z
15000025,1,16000000,16000030,16000011,16000100,16000009,16000004,20260406T155933.000Z
15000025,1,16000000,16000030,16000011,16000100,16000009,16000004,20260406T155805.000Z
15000022,1,16000015,16000102,16000061,16000011,16000046,16000099,20260406T155400.000Z
15000022,1,16000015,16000102,16000061,16000011,16000046,16000099,20260406T155142.000Z
15000022,0,16000015,16000102,16000061,16000011,16000046,16000099,20260406T154923.000Z
15000548,0,16000064,16000012,16000061,16000042,16000003,16000074,20260406T154452.000Z
15000548,0,16000064,16000012,16000061,16000042,16000003,16000074,20260406T154329.000Z
15000005,1,16000079,16000065,16000042,16000066,16000054,16000015,20260406T153842.000Z
15000005,0,16000079,16000065,16000042,16000066,16000054,16000015,20260406T153624.000Z
15000005,1,16000079,16000065,16000042,16000066,16000054,16000015,20260406T153406.000Z
15000018,0,16000094,16000070,16000012,16000008,16000081,16000003,20260406T110257.000Z
15000018,1,16000094,16000070,16000012,16000008,16000081,16000003,20260406T110032.000Z
15000018,0,16000094,16000070,16000012,16000008,16000081,16000003,20260406T105744.000Z
15000010,1,16000102,16000012,16000002,16000008,16000089,16000005,20260406T145406.000Z
15000010,0,16000102,16000012,16000002,16000008,16000089,16000005,20260406T145223.000Z
15000010,1,16000102,16000012,16000002,16000008,16000089,16000005,20260406T144928.000Z
15000132,1,16000063,16000074,16000004,16000023,16000098,16000068,20260406T144237.000Z
15000132,1,16000063,16000074,16000004,16000023,16000098,16000068,20260406T144041.000Z
15000440,0,16000040,16000064,16000065,16000074,16000003,16000062,20260406T143424.000Z
15000440,0,16000040,16000064,16000065,16000074,16000003,16000062,20260406T143108.000Z
15000072,1,16000001,16000040,16000078,16000094,16000054,16000027,20260406T142709.000Z
15000072,0,16000001,16000040,16000078,16000094,16000054,16000027,20260406T142533.000Z
15000072,1,16000001,16000040,16000078,16000094,16000054,16000027,20260406T142323.000Z
15000018,1,16000002,16000007,16000050,16000095,16000103,16000049,20260406T130217.000Z
15000018,1,16000002,16000007,16000050,16000095,16000103,16000049,20260406T130100.000Z
15000022,1,16000011,16000103,16000016,16000022,16000023,16000068,20260406T125750.000Z
15000022,0,16000011,16000103,16000016,16000022,16000023,16000068,20260406T125531.000Z
15000022,1,16000011,16000103,16000016,16000022,16000023,16000068,20260406T125312.000Z
15000005,1,16000015,16000065,16000023,16000101,16000036,16000011,20260406T124905.000Z
15000005,1,16000015,16000065,16000023,16000101,16000036,16000011,20260406T124654.000Z
15000083,1,16000099,16000011,16000003,16000102,16000005,16000063,20260406T184458.000Z
15000083,1,16000099,16000011,16000003,16000102,16000005,16000063,20260406T184305.000Z
15000010,1,16000059,16000057,16000089,16000005,16000017,16000081,20260406T183812.000Z
15000010,1,16000059,16000057,16000089,16000005,16000017,16000081,20260406T183516.000Z
15000300,1,16000005,16000023,16000019,16000085,16000063,16000074,20260406T182941.000Z
15000300,1,16000005,16000023,16000019,16000085,16000063,16000074,20260406T182745.000Z
15000300,0,16000005,16000023,16000019,16000085,16000063,16000074,20260406T182601.000Z
15000440,1,16000023,16000064,16000046,16000089,16000003,16000042,20260406T182058.000Z
15000440,1,16000023,16000064,16000046,16000089,16000003,16000042,20260406T181738.000Z
15000440,0,16000023,16000064,16000046,16000089,16000003,16000042,20260406T181427.000Z
15000072,0,16000074,16000014,16000036,16000002,16000023,16000001,20260406T180921.000Z
15000072,0,16000074,16000014,16000036,16000002,16000023,16000001,20260406T180657.000Z
15000115,0,16000074,16000095,16000083,16000063,16000040,16000019,20260406T180207.000Z
15000115,0,16000074,16000095,16000083,16000063,16000040,16000019,20260406T175948.000Z
15000115,1,16000074,16000095,16000083,16000063,16000040,16000019,20260406T175725.000Z
15000018,0,16000027,16000012,16000001,16000079,16000083,16000014,20260406T175100.000Z
15000018,0,16000027,16000012,16000001,16000079,16000083,16000014,20260406T174815.000Z
15000053,1,16000102,16000002,16000030,16000099,16000012,16000004,20260406T173859.000Z
15000053,1,16000102,16000002,16000030,16000099,16000012,16000004,20260406T173614.000Z
15000053,0,16000102,16000002,16000030,16000099,16000012,16000004,20260406T173348.000Z
15001021,1,16000059,16000102,16000001,16000004,16000098,16000005,20260406T172836.000Z
15001021,1,16000059,16000102,16000001,16000004,16000098,16000005,20260406T172642.000Z
15001021,0,16000059,16000102,16000001,16000004,16000098,16000005,20260406T172504.000Z
15000011,1,16000030,16000059,16000103,16000051,16000083,16000074,20260406T171628.000Z
15000011,1,16000030,16000059,16000103,16000051,16000083,16000074,20260406T171350.000Z
15000083,1,16000014,16000023,16000074,16000099,16000061,16000012,20260406T172958.000Z
15000083,1,16000014,16000023,16000074,16000099,16000061,16000012,20260406T172740.000Z
15000083,0,16000014,16000023,16000074,16000099,16000061,16000012,20260406T172535.000Z
15000293,1,16000006,16000023,16000083,16000084,16000089,16000087,20260406T081424.000Z
15000293,1,16000006,16000023,16000083,16000084,16000089,16000087,20260406T081128.000Z
15000293,0,16000006,16000023,16000083,16000084,16000089,16000087,20260406T080919.000Z
15000306,0,16000014,16000098,16000005,16000012,16000019,16000085,20260405T205059.000Z
15000306,0,16000014,16000098,16000005,16000012,16000019,16000085,20260405T204924.000Z
15000292,0,16000005,16000014,16000091,16000023,16000026,16000063,20260405T204429.000Z
15000292,0,16000005,16000014,16000091,16000023,16000026,16000063,20260405T204222.000Z
15000292,1,16000005,16000014,16000091,16000023,16000026,16000063,20260405T204050.000Z
15000143,0,16000067,16000083,16000074,16000040,16000023,16000063,20260405T203310.000Z
15000143,0,16000067,16000083,16000074,16000040,16000023,16000063,20260405T202956.000Z
15000143,1,16000067,16000083,16000074,16000040,16000023,16000063,20260405T202708.000Z
15000050,1,16000023,16000098,16000044,16000049,16000005,16000103,20260405T201824.000Z
15000050,1,16000023,16000098,16000044,16000049,16000005,16000103,20260405T201736.000Z
15000022,1,16000014,16000021,16000086,16000036,16000046,16000094,20260405T201146.000Z
15000022,1,16000014,16000021,16000086,16000036,16000046,16000094,20260405T200929.000Z
15001021,1,16000098,16000026,16000012,16000102,16000003,16000059,20260405T200140.000Z
15001021,1,16000098,16000026,16000012,16000102,16000003,16000059,20260405T200010.000Z
15000118,1,16000026,16000102,16000009,16000023,16000074,16000085,20260405T195604.000Z
15000118,1,16000026,16000102,16000009,16000023,16000074,16000085,20260405T195459.000Z
15000010,0,16000076,16000094,16000083,16000102,16000070,16000004,20260405T195136.000Z
15000010,1,16000076,16000094,16000083,16000102,16000070,16000004,20260405T194958.000Z
15000010,0,16000076,16000094,16000083,16000102,16000070,16000004,20260405T194819.000Z
15000368,1,16000090,16000023,16000061,16000003,16000012,16000074,20260406T132300.000Z
15000368,1,16000090,16000023,16000061,16000003,16000012,16000074,20260406T132045.000Z
15000083,1,16000021,16000037,16000005,16000099,16000046,16000102,20260405T135758.000Z
15000083,1,16000021,16000037,16000005,16000099,16000046,16000102,20260405T135607.000Z
15000019,1,16000001,16000079,16000025,16000005,16000099,16000078,20260405T134932.000Z
15000019,1,16000001,16000079,16000025,16000005,16000099,16000078,20260405T134747.000Z
15000368,1,16000093,16000042,16000046,16000004,16000079,16000003,20260406T145302.000Z
15000368,1,16000093,16000042,16000046,16000004,16000079,16000003,20260406T145003.000Z
15000300,0,16000098,16000064,16000002,16000041,16000023,16000000,20260406T144356.000Z
15000300,0,16000098,16000064,16000002,16000041,16000023,16000000,20260406T144151.000Z
15000072,0,16000012,16000073,16000001,16000027,16000040,16000056,20260406T143456.000Z
15000072,0,16000012,16000073,16000001,16000027,16000040,16000056,20260406T143348.000Z
15000300,0,16000063,16000040,16000099,16000012,16000083,16000044,20260406T142925.000Z
15000300,0,16000063,16000040,16000099,16000012,16000083,16000044,20260406T142637.000Z
15000368,1,16000029,16000004,16000061,16000042,16000063,16000024,20260406T141425.000Z
15000368,1,16000029,16000004,16000061,16000042,16000063,16000024,20260406T141332.000Z
15000053,0,16000049,16000080,16000103,16000040,16000030,16000026,20260406T132539.000Z
15000053,0,16000049,16000080,16000103,16000040,16000030,16000026,20260406T132418.000Z
15000005,0,16000042,16000061,16000077,16000046,16000099,16000023,20260406T045114.000Z
15000005,0,16000042,16000061,16000077,16000046,16000099,16000023,20260406T044911.000Z
15000132,1,16000030,16000012,16000001,16000023,16000002,16000004,20260406T044031.000Z
15000132,1,16000030,16000012,16000001,16000023,16000002,16000004,20260406T043856.000Z
15000018,0,16000076,16000079,16000029,16000094,16000099,16000001,20260406T043019.000Z
15000018,0,16000076,16000079,16000029,16000094,16000099,16000001,20260406T042731.000Z
15000115,0,16000059,16000008,16000083,16000004,16000074,16000011,20260406T042047.000Z
15000115,0,16000059,16000008,16000083,16000004,16000074,16000011,20260406T041806.000Z
15000306,1,16000044,16000074,16000098,16000084,16000030,16000012,20260405T210709.000Z
15000306,1,16000044,16000074,16000098,16000084,16000030,16000012,20260405T210418.000Z
15000306,0,16000044,16000074,16000098,16000084,16000030,16000012,20260405T210224.000Z
15000072,1,16000005,16000001,16000036,16000040,16000002,16000079,20260405T205218.000Z
15000072,1,16000005,16000001,16000036,16000040,16000002,16000079,20260405T205032.000Z
15000292,1,16000087,16000005,16000102,16000004,16000030,16000023,20260406T184051.000Z
15000292,1,16000087,16000005,16000102,16000004,16000030,16000023,20260406T183856.000Z
15000011,1,16000098,16000005,16000089,16000057,16000004,16000063,20260406T182707.000Z
15000011,1,16000098,16000005,16000089,16000057,16000004,16000063,20260406T182512.000Z
15000293,1,16000059,16000011,16000005,16000102,16000089,16000073,20260406T181553.000Z
15000293,1,16000059,16000011,16000005,16000102,16000089,16000073,20260406T181242.000Z
15000010,1,16000074,16000005,16000095,16000012,16000004,16000002,20260406T163527.000Z
15000010,1,16000074,16000005,16000095,16000012,16000004,16000002,20260406T163234.000Z
15000082,0,16000067,16000004,16000012,16000023,16000098,16000074,20260406T160708.000Z
15000082,0,16000067,16000004,16000012,16000023,16000098,16000074,20260406T160452.000Z
15000143,0,16000074,16000012,16000084,16000063,16000077,16000023,20260406T155541.000Z
15000143,0,16000074,16000012,16000084,16000063,16000077,16000023,20260406T155253.000Z
15000132,1,16000081,16000004,16000059,16000012,16000099,16000001,20260406T154438.000Z
15000132,1,16000081,16000004,16000059,16000012,16000099,16000001,20260406T154218.000Z
15000143,1,16000084,16000102,16000030,16000042,16000059,16000011,20260406T153157.000Z
15000143,1,16000084,16000102,16000030,16000042,16000059,16000011,20260406T153018.000Z
15000548,1,16000079,16000032,16000021,16000076,16000056,16000036,20260406T152327.000Z
15000548,1,16000079,16000032,16000021,16000076,16000056,16000036,20260406T152125.000Z
15000440,0,16000003,16000081,16000071,16000102,16000030,16000001,20260406T151358.000Z
15000440,0,16000003,16000081,16000071,16000102,16000030,16000001,20260406T151237.000Z
15000007,1,16000004,16000059,16000074,16000081,16000023,16000030,20260406T150801.000Z
15000007,1,16000004,16000059,16000074,16000081,16000023,16000030,20260406T150600.000Z
15000007,0,16000004,16000059,16000074,16000081,16000023,16000030,20260406T150401.000Z
15000007,0,16000081,16000074,16000095,16000002,16000044,16000102,20260406T021735.000Z
15000007,0,16000081,16000074,16000095,16000002,16000044,16000102,20260406T021523.000Z
15000005,1,16000015,16000045,16000046,16000093,16000003,16000042,20260402T120301.000Z
15000005,1,16000015,16000045,16000046,16000093,16000003,16000042,20260402T120043.000Z
15000005,0,16000015,16000045,16000046,16000093,16000003,16000042,20260402T115825.000Z
15000007,1,16000011,16000012,16000004,16000026,16000044,16000099,20260402T115150.000Z
15000007,1,16000011,16000012,16000004,16000026,16000044,16000099,20260402T114924.000Z
15000007,1,16000004,16000045,16000023,16000000,16000012,16000089,20260402T114413.000Z
15000007,1,16000004,16000045,16000023,16000000,16000012,16000089,20260402T114143.000Z
15000050,0,16000026,16000063,16000080,16000051,16000000,16000023,20260402T113729.000Z
15000050,0,16000026,16000063,16000080,16000051,16000000,16000023,20260402T113552.000Z
15000019,1,16000059,16000079,16000073,16000012,16000094,16000001,20260402T113057.000Z
15000019,1,16000059,16000079,16000073,16000012,16000094,16000001,20260402T112936.000Z
15000072,1,16000012,16000075,16000042,16000003,16000015,16000074,20260402T112310.000Z
15000072,1,16000012,16000075,16000042,16000003,16000015,16000074,20260402T112154.000Z
15000703,1,16000099,16000064,16000001,16000037,16000061,16000003,20260402T111005.000Z
15000703,1,16000099,16000064,16000001,16000037,16000061,16000003,20260402T110654.000Z
15000300,1,16000019,16000101,16000074,16000059,16000046,16000083,20260402T105816.000Z
15000300,1,16000019,16000101,16000074,16000059,16000046,16000083,20260402T105628.000Z
15000115,0,16000051,16000004,16000014,16000083,16000063,16000057,20260405T154912.000Z
15000115,0,16000051,16000004,16000014,16000083,16000063,16000057,20260405T154711.000Z
15000115,1,16000051,16000004,16000014,16000083,16000063,16000057,20260405T154532.000Z
15000143,0,16000030,16000008,16000012,16000045,16000063,16000023,20260406T085830.000Z
15000143,0,16000030,16000008,16000012,16000045,16000063,16000023,20260406T085717.000Z
15000143,1,16000030,16000008,16000012,16000045,16000063,16000023,20260406T085432.000Z
15000368,1,16000021,16000005,16000046,16000003,16000079,16000042,20260406T084816.000Z
15000368,0,16000021,16000005,16000046,16000003,16000079,16000042,20260406T084531.000Z
15000368,1,16000021,16000005,16000046,16000003,16000079,16000042,20260406T084402.000Z
15000025,0,16000005,16000030,16000009,16000011,16000059,16000102,20260406T083902.000Z
15000025,0,16000005,16000030,16000009,16000011,16000059,16000102,20260406T083614.000Z
15000132,0,16000100,16000005,16000089,16000030,16000023,16000004,20260406T125500.000Z
15000132,1,16000100,16000005,16000089,16000030,16000023,16000004,20260406T125242.000Z
15000132,0,16000100,16000005,16000089,16000030,16000023,16000004,20260406T124956.000Z
15000143,1,16000009,16000005,16000070,16000002,16000022,16000023,20260405T171215.000Z
15000143,1,16000009,16000005,16000070,16000002,16000022,16000023,20260405T170926.000Z
15000548,1,16000005,16000079,16000074,16000021,16000093,16000099,20260405T172330.000Z
15000548,0,16000005,16000079,16000074,16000021,16000093,16000099,20260405T171947.000Z
15000548,1,16000005,16000079,16000074,16000021,16000093,16000099,20260405T171641.000Z
15000292,1,16000103,16000063,16000030,16000006,16000011,16000023,20260405T171034.000Z
15000292,0,16000103,16000063,16000030,16000006,16000011,16000023,20260405T170824.000Z
15000292,1,16000103,16000063,16000030,16000006,16000011,16000023,20260405T170542.000Z
15000010,1,16000095,16000005,16000012,16000057,16000023,16000063,20260405T163330.000Z
15000010,1,16000095,16000005,16000012,16000057,16000023,16000063,20260405T163101.000Z
15000703,1,16000042,16000003,16000098,16000036,16000005,16000021,20260405T162518.000Z
15000703,1,16000042,16000003,16000098,16000036,16000005,16000021,20260405T162350.000Z
15000703,0,16000042,16000003,16000098,16000036,16000005,16000021,20260405T162020.000Z
15000010,1,16000081,16000102,16000004,16000070,16000002,16000014,20260405T161459.000Z
15000010,1,16000081,16000102,16000004,16000070,16000002,16000014,20260405T161318.000Z
15000306,1,16000045,16000102,16000012,16000089,16000063,16000019,20260405T160836.000Z
15000306,1,16000045,16000102,16000012,16000089,16000063,16000019,20260405T160607.000Z
15000010,1,16000081,16000102,16000059,16000002,16000099,16000004,20260405T160109.000Z
15000010,1,16000081,16000102,16000059,16000002,16000099,16000004,20260405T155851.000Z
15000082,1,16000002,16000023,16000094,16000026,16000011,16000099,20260405T155418.000Z
15000082,1,16000002,16000023,16000094,16000026,16000011,16000099,20260405T155242.000Z
15000132,0,16000059,16000023,16000004,16000005,16000063,16000011,20260405T180659.000Z
15000132,0,16000059,16000023,16000004,16000005,16000063,16000011,20260405T180409.000Z
15000083,1,16000093,16000094,16000061,16000003,16000074,16000021,20260405T161330.000Z
15000083,1,16000093,16000094,16000061,16000003,16000074,16000021,20260405T161111.000Z
15000005,1,16000079,16000021,16000029,16000064,16000036,16000046,20260405T160546.000Z
15000005,1,16000079,16000021,16000029,16000064,16000036,16000046,20260405T160409.000Z
15000300,1,16000095,16000063,16000061,16000040,16000097,16000012,20260405T155949.000Z
15000300,1,16000095,16000063,16000061,16000040,16000097,16000012,20260405T155751.000Z
15000300,0,16000012,16000014,16000061,16000083,16000029,16000042,20260405T155144.000Z
15000300,0,16000012,16000014,16000061,16000083,16000029,16000042,20260405T154954.000Z
15000022,0,16000003,16000094,16000021,16000036,16000011,16000061,20260405T154355.000Z
15000022,0,16000003,16000094,16000021,16000036,16000011,16000061,20260405T154136.000Z
15000022,1,16000003,16000094,16000021,16000036,16000011,16000061,20260405T153918.000Z
15000025,1,16000086,16000002,16000012,16000098,16000063,16000070,20260406T175710.000Z
15000025,1,16000086,16000002,16000012,16000098,16000063,16000070,20260406T175406.000Z
15000005,1,16000021,16000005,16000098,16000065,16000079,16000019,20260406T174606.000Z
15000005,1,16000021,16000005,16000098,16000065,16000079,16000019,20260406T174433.000Z
15000440,1,16000102,16000042,16000011,16000098,16000064,16000066,20260406T173933.000Z
15000440,0,16000102,16000042,16000011,16000098,16000064,16000066,20260406T173729.000Z
15000440,1,16000102,16000042,16000011,16000098,16000064,16000066,20260406T173351.000Z
15000440,1,16000071,16000099,16000103,16000102,16000065,16000081,20260406T172804.000Z
15000440,0,16000071,16000099,16000103,16000102,16000065,16000081,20260406T172552.000Z
15000440,1,16000071,16000099,16000103,16000102,16000065,16000081,20260406T172247.000Z
15000022,1,16000042,16000023,16000103,16000099,16000011,16000003,20260406T171627.000Z
15000022,1,16000042,16000023,16000103,16000099,16000011,16000003,20260406T171420.000Z
15000293,1,16000002,16000067,16000012,16000070,16000026,16000087,20260406T171000.000Z
15000293,1,16000002,16000067,16000012,16000070,16000026,16000087,20260406T170823.000Z
15000293,1,16000103,16000063,16000002,16000070,16000030,16000044,20260406T165900.000Z
15000293,1,16000103,16000063,16000002,16000070,16000030,16000044,20260406T165720.000Z
15000050,0,16000095,16000011,16000004,16000103,16000102,16000010,20260406T165210.000Z
15000050,0,16000095,16000011,16000004,16000103,16000102,16000010,20260406T165011.000Z
15000050,1,16000095,16000011,16000004,16000103,16000102,16000010,20260406T164843.000Z
15000010,0,16000005,16000012,16000084,16000081,16000014,16000063,20260406T164421.000Z
15000010,0,16000005,16000012,16000084,16000081,16000014,16000063,20260406T164234.000Z
15000011,0,16000102,16000005,16000012,16000001,16000091,16000063,20260406T163822.000Z
15000011,0,16000102,16000005,16000012,16000001,16000091,16000063,20260406T163623.000Z
15000115,1,16000023,16000050,16000030,16000071,16000035,16000040,20260405T173947.000Z
15000115,1,16000023,16000050,16000030,16000071,16000035,16000040,20260405T173744.000Z
15000019,1,16000001,16000081,16000065,16000050,16000012,16000014,20260406T181421.000Z
15000072,0,16000012,16000026,16000099,16000075,16000079,16000065,20260331T094103.000Z
15000072,0,16000012,16000026,16000099,16000075,16000079,16000065,20260331T093935.000Z
15000007,0,16000063,16000005,16000002,16000023,16000014,16000044,20260331T093550.000Z
15000007,1,16000063,16000005,16000002,16000023,16000014,16000044,20260331T093247.000Z
15000007,0,16000063,16000005,16000002,16000023,16000014,16000044,20260331T093057.000Z
15000703,1,16000062,16000064,16000093,16000023,16000075,16000099,20260406T113552.000Z
15000703,1,16000062,16000064,16000093,16000023,16000075,16000099,20260406T113358.000Z
15000143,1,16000045,16000070,16000083,16000001,16000017,16000012,20260406T140934.000Z
15000143,1,16000045,16000070,16000083,16000001,16000017,16000012,20260406T140703.000Z
15000143,0,16000045,16000070,16000083,16000001,16000017,16000012,20260406T140358.000Z
15000011,1,16000089,16000000,16000029,16000012,16000004,16000095,20260406T135906.000Z
15000011,1,16000089,16000000,16000029,16000012,16000004,16000095,20260406T135725.000Z
15000022,1,16000099,16000012,16000089,16000064,16000021,16000079,20260406T135314.000Z
15000022,1,16000099,16000012,16000089,16000064,16000021,16000079,20260406T135111.000Z
15000053,1,16000030,16000004,16000026,16000096,16000008,16000070,20260406T134642.000Z
15000053,1,16000030,16000004,16000026,16000096,16000008,16000070,20260406T134502.000Z
15000053,0,16000030,16000004,16000026,16000096,16000008,16000070,20260406T134214.000Z
15000306,1,16000012,16000087,16000099,16000077,16000014,16000092,20260406T133654.000Z
15000306,1,16000012,16000087,16000099,16000077,16000014,16000092,20260406T133517.000Z
15000548,0,16000046,16000047,16000015,16000036,16000003,16000061,20260406T133118.000Z
15000548,0,16000046,16000047,16000015,16000036,16000003,16000061,20260406T132927.000Z
15000300,1,16000023,16000014,16000099,16000044,16000041,16000085,20260406T131059.000Z
15000300,1,16000023,16000014,16000099,16000044,16000041,16000085,20260406T130853.000Z
15000082,1,16000087,16000019,16000025,16000089,16000011,16000012,20260406T130459.000Z
15000082,1,16000087,16000019,16000025,16000089,16000011,16000012,20260406T130241.000Z
15000368,1,16000047,16000064,16000021,16000005,16000077,16000003,20260406T125814.000Z
15000368,1,16000047,16000064,16000021,16000005,16000077,16000003,20260406T125633.000Z
15000022,0,16000021,16000061,16000015,16000003,16000046,16000023,20260405T192944.000Z
15000022,0,16000021,16000061,16000015,16000003,16000046,16000023,20260405T192730.000Z
15000022,0,16000015,16000079,16000001,16000021,16000036,16000061,20260404T204759.000Z
15000022,0,16000015,16000079,16000001,16000021,16000036,16000061,20260404T204540.000Z
15000022,1,16000015,16000079,16000001,16000021,16000036,16000061,20260404T204321.000Z
15000132,0,16000001,16000012,16000045,16000083,16000005,16000004,20260404T203835.000Z
15000132,0,16000001,16000012,16000045,16000083,16000005,16000004,20260404T203653.000Z
15000053,1,16000077,16000007,16000081,16000014,16000098,16000059,20260406T151148.000Z
15000053,1,16000077,16000007,16000081,16000014,16000098,16000059,20260406T150939.000Z
15000053,0,16000077,16000007,16000081,16000014,16000098,16000059,20260406T150823.000Z
15000118,0,16000005,16000023,16000070,16000012,16000059,16000099,20260406T151341.000Z
15000118,0,16000005,16000023,16000070,16000012,16000059,16000099,20260406T151136.000Z
15000132,0,16000004,16000097,16000023,16000002,16000001,16000025,20260406T150247.000Z
15000132,0,16000004,16000097,16000023,16000002,16000001,16000025,20260406T150056.000Z
15000132,1,16000004,16000097,16000023,16000002,16000001,16000025,20260406T145802.000Z
15000368,1,16000102,16000023,16000005,16000048,16000012,16000099,20260406T145312.000Z
15000368,1,16000102,16000023,16000005,16000048,16000012,16000099,20260406T145120.000Z
15000368,0,16000102,16000023,16000005,16000048,16000012,16000099,20260406T144938.000Z
15000050,0,16000012,16000004,16000023,16000026,16000001,16000083,20260406T141753.000Z
15000050,0,16000012,16000004,16000023,16000026,16000001,16000083,20260406T141415.000Z
15000703,1,16000044,16000005,16000003,16000021,16000046,16000047,20260406T140957.000Z
15000703,1,16000044,16000005,16000003,16000021,16000046,16000047,20260406T140704.000Z
15000440,0,16000003,16000099,16000070,16000023,16000021,16000098,20260406T140251.000Z
15000440,0,16000003,16000099,16000070,16000023,16000021,16000098,20260406T140126.000Z
15000083,0,16000003,16000012,16000042,16000046,16000098,16000023,20260406T135703.000Z
15000083,0,16000003,16000012,16000042,16000046,16000098,16000023,20260406T135455.000Z
15000025,1,16000005,16000006,16000083,16000059,16000030,16000077,20260406T131532.000Z
15000025,1,16000005,16000006,16000083,16000059,16000030,16000077,20260406T131242.000Z
15000019,1,16000039,16000001,16000005,16000012,16000014,16000003,20260406T130615.000Z
15000019,1,16000039,16000001,16000005,16000012,16000014,16000003,20260406T130327.000Z
15000292,0,16000023,16000097,16000102,16000044,16000012,16000030,20260406T124759.000Z
15000292,0,16000023,16000097,16000102,16000044,16000012,16000030,20260406T124524.000Z
15000143,1,16000012,16000046,16000102,16000011,16000040,16000025,20260406T123918.000Z
15000143,0,16000012,16000046,16000102,16000011,16000040,16000025,20260406T123753.000Z
15000143,1,16000012,16000046,16000102,16000011,16000040,16000025,20260406T123404.000Z
15000143,1,16000000,16000012,16000067,16000102,16000030,16000026,20260406T154326.000Z
15000143,1,16000000,16000012,16000067,16000102,16000030,16000026,20260406T154136.000Z
15000143,0,16000000,16000012,16000067,16000102,16000030,16000026,20260406T153924.000Z
15000115,1,16000085,16000038,16000059,16000063,16000023,16000011,20260406T153338.000Z
15000115,0,16000085,16000038,16000059,16000063,16000023,16000011,20260406T153005.000Z
15000115,1,16000085,16000038,16000059,16000063,16000023,16000011,20260406T152734.000Z
15000019,1,16000073,16000063,16000103,16000059,16000019,16000078,20260406T152116.000Z
15000019,0,16000073,16000063,16000103,16000059,16000019,16000078,20260406T151827.000Z
15000019,1,16000073,16000063,16000103,16000059,16000019,16000078,20260406T151547.000Z
15000118,1,16000023,16000026,16000103,16000001,16000012,16000034,20260406T151104.000Z
15000118,1,16000023,16000026,16000103,16000001,16000012,16000034,20260406T150917.000Z
15001021,0,16000044,16000011,16000012,16000023,16000099,16000102,20260406T150600.000Z
15001021,1,16000044,16000011,16000012,16000023,16000099,16000102,20260406T150312.000Z
15001021,0,16000044,16000011,16000012,16000023,16000099,16000102,20260406T150022.000Z
15000143,0,16000063,16000001,16000026,16000038,16000102,16000012,20260406T184641.000Z
15000018,1,16000001,16000012,16000059,16000094,16000003,16000099,20260406T184245.000Z
15000018,1,16000001,16000012,16000059,16000094,16000003,16000099,20260406T183956.000Z
15000011,1,16000102,16000070,16000012,16000089,16000063,16000005,20260406T183332.000Z
15000011,1,16000102,16000070,16000012,16000089,16000063,16000005,20260406T183146.000Z
15000368,1,16000061,16000036,16000046,16000003,16000074,16000065,20260406T170946.000Z
15000368,1,16000061,16000036,16000046,16000003,16000074,16000065,20260406T170728.000Z
15000132,1,16000023,16000103,16000063,16000030,16000005,16000047,20260406T152412.000Z
15000132,1,16000023,16000103,16000063,16000030,16000005,16000047,20260406T152255.000Z
15000083,1,16000102,16000099,16000059,16000003,16000087,16000094,20260406T151659.000Z
15000083,1,16000102,16000099,16000059,16000003,16000087,16000094,20260406T151446.000Z
15000010,0,16000030,16000012,16000004,16000061,16000077,16000023,20260406T150943.000Z
15000010,1,16000030,16000012,16000004,16000061,16000077,16000023,20260406T150744.000Z
15000010,0,16000030,16000012,16000004,16000061,16000077,16000023,20260406T150600.000Z
15000022,0,16000021,16000036,16000032,16000042,16000023,16000029,20260406T150008.000Z
15000022,0,16000021,16000036,16000032,16000042,16000023,16000029,20260406T145826.000Z
15000548,1,16000099,16000079,16000012,16000021,16000047,16000042,20260406T145402.000Z
15000548,1,16000099,16000079,16000012,16000021,16000047,16000042,20260406T145218.000Z
15000548,0,16000099,16000079,16000012,16000021,16000047,16000042,20260406T145033.000Z
15000368,0,16000037,16000079,16000099,16000004,16000023,16000042,20260406T144529.000Z
15000368,1,16000037,16000079,16000099,16000004,16000023,16000042,20260406T144405.000Z
15000368,0,16000037,16000079,16000099,16000004,16000023,16000042,20260406T144120.000Z
15000011,1,16000102,16000017,16000005,16000012,16000025,16000059,20260406T143433.000Z
15000011,1,16000102,16000017,16000005,16000012,16000025,16000059,20260406T143140.000Z
15000306,0,16000098,16000023,16000025,16000081,16000012,16000063,20260406T142615.000Z
15000306,0,16000098,16000023,16000025,16000081,16000012,16000063,20260406T142414.000Z
15000050,1,16000004,16000045,16000005,16000089,16000001,16000059,20260406T141234.000Z
15000050,1,16000004,16000045,16000005,16000089,16000001,16000059,20260406T141131.000Z
15000072,1,16000103,16000079,16000015,16000005,16000001,16000046,20260406T140404.000Z
15000072,1,16000103,16000079,16000015,16000005,16000001,16000046,20260406T140232.000Z
15000083,1,16000102,16000005,16000042,16000094,16000103,16000061,20260406T135646.000Z
15000083,1,16000102,16000005,16000042,16000094,16000103,16000061,20260406T135428.000Z
15000019,1,16000078,16000025,16000079,16000019,16000081,16000012,20260406T165556.000Z
15000019,0,16000078,16000025,16000079,16000019,16000081,16000012,20260406T165316.000Z
15000019,1,16000078,16000025,16000079,16000019,16000081,16000012,20260406T165034.000Z
15000368,1,16000042,16000061,16000021,16000097,16000064,16000015,20260406T164426.000Z
15000368,1,16000042,16000061,16000021,16000097,16000064,16000015,20260406T164221.000Z
15000010,1,16000012,16000099,16000059,16000005,16000081,16000014,20260406T125015.000Z
15000010,1,16000012,16000099,16000059,16000005,16000081,16000014,20260406T124806.000Z
15000010,0,16000012,16000099,16000059,16000005,16000081,16000014,20260406T124551.000Z
15000072,1,16000079,16000094,16000012,16000036,16000046,16000003,20260406T124117.000Z
15000072,1,16000079,16000094,16000012,16000036,16000046,16000003,20260406T123829.000Z
15000053,1,16000008,16000012,16000075,16000001,16000002,16000078,20260406T123324.000Z
15000053,1,16000008,16000012,16000075,16000001,16000002,16000078,20260406T123132.000Z
15000011,1,16000095,16000063,16000061,16000070,16000005,16000012,20260406T122449.000Z
15000011,1,16000095,16000063,16000061,16000070,16000005,16000012,20260406T122257.000Z
15000011,0,16000095,16000063,16000061,16000070,16000005,16000012,20260406T122107.000Z
15000306,1,16000023,16000103,16000012,16000083,16000102,16000026,20260406T121618.000Z
15000306,0,16000023,16000103,16000012,16000083,16000102,16000026,20260406T121418.000Z
15000306,1,16000023,16000103,16000012,16000083,16000102,16000026,20260406T121159.000Z
15000050,1,16000001,16000099,16000005,16000025,16000023,16000004,20260406T095012.000Z
15000050,0,16000001,16000099,16000005,16000025,16000023,16000004,20260406T094800.000Z
15000050,1,16000001,16000099,16000005,16000025,16000023,16000004,20260406T094603.000Z
15000115,1,16000014,16000040,16000012,16000023,16000017,16000050,20260406T150105.000Z
15000115,1,16000014,16000040,16000012,16000023,16000017,16000050,20260406T145906.000Z
15000022,1,16000012,16000001,16000036,16000014,16000015,16000046,20260406T145415.000Z
15000022,1,16000012,16000001,16000036,16000014,16000015,16000046,20260406T145210.000Z
15000022,0,16000012,16000001,16000036,16000014,16000015,16000046,20260406T145027.000Z
15000306,1,16000002,16000022,16000005,16000081,16000006,16000073,20260406T144505.000Z
15000306,1,16000002,16000022,16000005,16000081,16000006,16000073,20260406T144307.000Z
15000010,1,16000004,16000026,16000014,16000070,16000040,16000017,20260406T143802.000Z
15000010,1,16000004,16000026,16000014,16000070,16000040,16000017,20260406T143624.000Z
15000053,1,16000002,16000030,16000004,16000026,16000007,16000014,20260406T142659.000Z
15000053,1,16000002,16000030,16000004,16000026,16000007,16000014,20260406T142420.000Z
15000292,1,16000038,16000014,16000005,16000072,16000050,16000025,20260406T140355.000Z
15000292,1,16000038,16000014,16000005,16000072,16000050,16000025,20260406T140132.000Z
15000548,1,16000056,16000042,16000054,16000061,16000103,16000003,20260406T135550.000Z
15000548,1,16000056,16000042,16000054,16000061,16000103,16000003,20260406T135423.000Z
15000019,1,16000005,16000056,16000001,16000103,16000065,16000025,20260406T112559.000Z
15000019,1,16000005,16000056,16000001,16000103,16000065,16000025,20260406T112310.000Z
15000019,1,16000019,16000014,16000005,16000065,16000094,16000079,20260406T095045.000Z
15000019,1,16000019,16000014,16000005,16000065,16000094,16000079,20260406T094855.000Z
15000300,1,16000028,16000026,16000077,16000001,16000030,16000070,20260405T171315.000Z
15000082,1,16000098,16000103,16000012,16000045,16000025,16000048,20260404T131624.000Z
15000082,1,16000098,16000103,16000012,16000045,16000025,16000048,20260404T131450.000Z
15000132,1,16000005,16000001,16000035,16000030,16000020,16000066,20260404T131049.000Z
15000132,1,16000005,16000001,16000035,16000030,16000020,16000066,20260404T130935.000Z
15000300,1,16000079,16000098,16000023,16000028,16000103,16000012,20260404T130522.000Z
15000300,0,16000079,16000098,16000023,16000028,16000103,16000012,20260404T130316.000Z
15000300,1,16000079,16000098,16000023,16000028,16000103,16000012,20260404T130050.000Z
15000548,1,16000023,16000001,16000079,16000036,16000061,16000042,20260404T125529.000Z
15000548,1,16000023,16000001,16000079,16000036,16000061,16000042,20260404T125224.000Z
15000306,0,16000035,16000030,16000026,16000011,16000098,16000004,20260404T124828.000Z
15000306,0,16000035,16000030,16000026,16000011,16000098,16000004,20260404T124656.000Z
15000050,0,16000023,16000103,16000008,16000002,16000004,16000059,20260406T184321.000Z
15000050,1,16000023,16000103,16000008,16000002,16000004,16000059,20260406T184125.000Z
15000050,0,16000023,16000103,16000008,16000002,16000004,16000059,20260406T184010.000Z
15000143,0,16000094,16000103,16000063,16000023,16000098,16000011,20260406T174029.000Z
15000143,0,16000094,16000103,16000063,16000023,16000098,16000011,20260406T173832.000Z
15000143,1,16000094,16000103,16000063,16000023,16000098,16000011,20260406T173735.000Z
15000082,1,16000097,16000023,16000098,16000011,16000086,16000005,20260406T165741.000Z
15000082,1,16000097,16000023,16000098,16000011,16000086,16000005,20260406T165601.000Z
15000050,1,16000099,16000011,16000002,16000028,16000074,16000004,20260406T165145.000Z
15000050,0,16000099,16000011,16000002,16000028,16000074,16000004,20260406T164800.000Z
15000050,1,16000099,16000011,16000002,16000028,16000074,16000004,20260406T164511.000Z
15000368,1,16000102,16000002,16000042,16000011,16000061,16000064,20260406T163944.000Z
15000368,1,16000102,16000002,16000042,16000011,16000061,16000064,20260406T163850.000Z
15000019,0,16000079,16000019,16000099,16000001,16000012,16000075,20260406T163432.000Z
15000019,0,16000079,16000019,16000099,16000001,16000012,16000075,20260406T163256.000Z
15000019,1,16000079,16000019,16000099,16000001,16000012,16000075,20260406T163011.000Z
15000306,0,16000030,16000011,16000045,16000008,16000097,16000044,20260406T162411.000Z
15000306,0,16000030,16000011,16000045,16000008,16000097,16000044,20260406T162241.000Z
15000072,1,16000099,16000036,16000078,16000015,16000023,16000079,20260406T161550.000Z
15000300,1,16000101,16000002,16000099,16000011,16000023,16000083,20260406T161153.000Z
15000300,1,16000101,16000002,16000099,16000011,16000023,16000083,20260406T161020.000Z
15000300,0,16000101,16000002,16000099,16000011,16000023,16000083,20260406T160820.000Z
15000050,0,16000045,16000005,16000002,16000012,16000008,16000083,20260406T160351.000Z
15000050,0,16000045,16000005,16000002,16000012,16000008,16000083,20260406T160103.000Z
15000022,1,16000094,16000021,16000079,16000042,16000100,16000015,20260406T105005.000Z
15000022,1,16000094,16000021,16000079,16000042,16000100,16000015,20260406T104832.000Z
15000440,0,16000093,16000090,16000023,16000063,16000022,16000049,20260406T104318.000Z
15000440,0,16000093,16000090,16000023,16000063,16000022,16000049,20260406T104041.000Z
15000306,1,16000005,16000023,16000012,16000063,16000014,16000083,20260406T103305.000Z
15000306,1,16000005,16000023,16000012,16000063,16000014,16000083,20260406T103121.000Z
15000018,0,16000099,16000056,16000036,16000079,16000095,16000001,20260406T102135.000Z
15000018,1,16000099,16000056,16000036,16000079,16000095,16000001,20260406T101846.000Z
15000018,0,16000099,16000056,16000036,16000079,16000095,16000001,20260406T101558.000Z
15000007,1,16000023,16000004,16000035,16000038,16000049,16000020,20260406T073025.000Z
15000007,1,16000023,16000004,16000035,16000038,16000049,16000020,20260406T072818.000Z
15000007,1,16000012,16000070,16000014,16000075,16000038,16000030,20260406T072503.000Z
15000007,1,16000012,16000070,16000014,16000075,16000038,16000030,20260406T072318.000Z
15000132,1,16000092,16000103,16000059,16000063,16000030,16000023,20260406T095431.000Z
15000132,1,16000092,16000103,16000059,16000063,16000030,16000023,20260406T095115.000Z
15000292,1,16000011,16000059,16000098,16000002,16000083,16000014,20260406T094237.000Z
15000292,1,16000011,16000059,16000098,16000002,16000083,16000014,20260406T094109.000Z
15000292,0,16000011,16000059,16000098,16000002,16000083,16000014,20260406T093939.000Z
15000005,1,16000021,16000015,16000066,16000061,16000046,16000036,20260406T093435.000Z
15000005,1,16000021,16000015,16000066,16000061,16000046,16000036,20260406T093224.000Z
15000005,1,16000021,16000061,16000015,16000011,16000027,16000042,20260406T092719.000Z
15000005,1,16000021,16000061,16000015,16000011,16000027,16000042,20260406T092501.000Z
15001021,1,16000093,16000012,16000044,16000001,16000074,16000063,20260406T160900.000Z
15001021,1,16000093,16000012,16000044,16000001,16000074,16000063,20260406T160730.000Z
15001021,0,16000093,16000012,16000044,16000001,16000074,16000063,20260406T160453.000Z
15000703,1,16000097,16000042,16000005,16000061,16000003,16000046,20260403T233520.000Z
15000703,1,16000097,16000042,16000005,16000061,16000003,16000046,20260403T233329.000Z
15000010,1,16000059,16000099,16000020,16000095,16000074,16000063,20260403T232852.000Z
15000010,1,16000059,16000099,16000020,16000095,16000074,16000063,20260403T232704.000Z
15000011,1,16000059,16000044,16000102,16000004,16000063,16000040,20260403T232227.000Z
15000011,1,16000059,16000044,16000102,16000004,16000063,16000040,20260403T231936.000Z
15000011,0,16000063,16000085,16000083,16000102,16000074,16000023,20260403T231047.000Z
15000011,0,16000063,16000085,16000083,16000102,16000074,16000023,20260403T230817.000Z
15000011,1,16000063,16000085,16000083,16000102,16000074,16000023,20260403T230626.000Z
15000368,0,16000099,16000098,16000004,16000079,16000015,16000042,20260403T225932.000Z
15000368,0,16000099,16000098,16000004,16000079,16000015,16000042,20260403T225702.000Z
15000007,1,16000081,16000012,16000029,16000002,16000004,16000089,20260403T225130.000Z
15000007,1,16000081,16000012,16000029,16000002,16000004,16000089,20260403T224936.000Z
15000118,0,16000004,16000077,16000001,16000063,16000006,16000030,20260404T091129.000Z
15000118,0,16000004,16000077,16000001,16000063,16000006,16000030,20260404T090914.000Z
15000293,1,16000082,16000089,16000066,16000005,16000002,16000004,20260403T071446.000Z
15000293,1,16000082,16000089,16000066,16000005,16000002,16000004,20260403T071227.000Z
15000293,0,16000082,16000089,16000066,16000005,16000002,16000004,20260403T071019.000Z
15000440,1,16000011,16000005,16000077,16000103,16000048,16000065,20260406T174618.000Z
15000440,1,16000011,16000005,16000077,16000103,16000048,16000065,20260406T174251.000Z
15000072,0,16000019,16000099,16000042,16000053,16000056,16000094,20260406T173815.000Z
15000072,0,16000019,16000099,16000042,16000053,16000056,16000094,20260406T173537.000Z
15000115,0,16000083,16000005,16000063,16000038,16000014,16000021,20260406T173327.000Z
15000115,1,16000083,16000005,16000063,16000038,16000014,16000021,20260406T173124.000Z
15000115,0,16000083,16000005,16000063,16000038,16000014,16000021,20260406T172815.000Z
15000007,1,16000017,16000011,16000023,16000030,16000103,16000026,20260406T172337.000Z
15000007,1,16000017,16000011,16000023,16000030,16000103,16000026,20260406T172117.000Z
15000007,0,16000017,16000011,16000023,16000030,16000103,16000026,20260406T171853.000Z
15000082,1,16000012,16000075,16000005,16000031,16000019,16000047,20260406T171310.000Z
15000082,1,16000012,16000075,16000005,16000031,16000019,16000047,20260406T171101.000Z
15000010,0,16000012,16000034,16000030,16000002,16000040,16000089,20260406T170615.000Z
15000010,0,16000012,16000034,16000030,16000002,16000040,16000089,20260406T170434.000Z
15000118,1,16000012,16000075,16000030,16000009,16000023,16000063,20260406T165922.000Z
15000118,1,16000012,16000075,16000030,16000009,16000023,16000063,20260406T165601.000Z
15000018,0,16000012,16000014,16000001,16000005,16000083,16000103,20260406T165041.000Z
15000018,0,16000012,16000014,16000001,16000005,16000083,16000103,20260406T164854.000Z
15000548,1,16000012,16000021,16000092,16000046,16000061,16000023,20260406T164306.000Z
15000548,0,16000012,16000021,16000092,16000046,16000061,16000023,20260406T164048.000Z
15000548,1,16000012,16000021,16000092,16000046,16000061,16000023,20260406T163913.000Z
15000132,1,16000012,16000001,16000030,16000035,16000023,16000014,20260406T163043.000Z
15000132,1,16000012,16000001,16000030,16000035,16000023,16000014,20260406T162755.000Z
15000132,1,16000012,16000002,16000030,16000057,16000005,16000023,20260406T162259.000Z
15000132,1,16000012,16000002,16000030,16000057,16000005,16000023,20260406T162049.000Z
15000050,1,16000012,16000077,16000030,16000004,16000063,16000005,20260406T161655.000Z
15000050,1,16000012,16000077,16000030,16000004,16000063,16000005,20260406T161412.000Z
15000082,1,16000012,16000081,16000074,16000025,16000005,16000019,20260406T160827.000Z
15000082,1,16000012,16000081,16000074,16000025,16000005,16000019,20260406T160630.000Z
15000022,0,16000012,16000005,16000023,16000061,16000079,16000021,20260406T160114.000Z
15000022,0,16000012,16000005,16000023,16000061,16000079,16000021,20260406T155855.000Z
15000022,1,16000012,16000005,16000023,16000061,16000079,16000021,20260406T155636.000Z
15000300,1,16000012,16000011,16000052,16000005,16000092,16000022,20260406T155210.000Z
15000300,0,16000012,16000011,16000052,16000005,16000092,16000022,20260406T154946.000Z
15000300,1,16000012,16000011,16000052,16000005,16000092,16000022,20260406T154753.000Z
15000132,1,16000057,16000025,16000103,16000012,16000063,16000011,20260406T184659.000Z
15000132,1,16000057,16000025,16000103,16000012,16000063,16000011,20260406T184443.000Z
15000132,0,16000057,16000025,16000103,16000012,16000063,16000011,20260406T184313.000Z
15000022,0,16000001,16000065,16000012,16000098,16000036,16000042,20260406T183632.000Z
15000022,1,16000001,16000065,16000012,16000098,16000036,16000042,20260406T183413.000Z
15000022,0,16000001,16000065,16000012,16000098,16000036,16000042,20260406T183155.000Z
15000293,1,16000089,16000102,16000002,16000074,16000063,16000026,20260406T182705.000Z
15000293,1,16000089,16000102,16000002,16000074,16000063,16000026,20260406T182518.000Z
15000293,0,16000089,16000102,16000002,16000074,16000063,16000026,20260406T182314.000Z
15000440,0,16000030,16000012,16000061,16000071,16000065,16000064,20260406T184744.000Z
15000292,0,16000099,16000025,16000005,16000092,16000049,16000023,20260405T235258.000Z
15000292,0,16000099,16000025,16000005,16000092,16000049,16000023,20260405T235022.000Z
15000132,0,16000062,16000047,16000044,16000004,16000085,16000063,20260405T234043.000Z
15000132,1,16000062,16000047,16000044,16000004,16000085,16000063,20260405T233856.000Z
15000132,0,16000062,16000047,16000044,16000004,16000085,16000063,20260405T233645.000Z
15000306,1,16000040,16000014,16000085,16000026,16000023,16000025,20260405T233022.000Z
15000306,1,16000040,16000014,16000085,16000026,16000023,16000025,20260405T232814.000Z
15000010,0,16000061,16000051,16000004,16000012,16000063,16000083,20260405T225113.000Z
15000010,0,16000061,16000051,16000004,16000012,16000063,16000083,20260405T224850.000Z
15000083,1,16000094,16000098,16000042,16000099,16000012,16000065,20260406T153730.000Z
15000083,1,16000094,16000098,16000042,16000099,16000012,16000065,20260406T153511.000Z
15000050,0,16000005,16000004,16000017,16000012,16000098,16000023,20260406T184436.000Z
15000050,0,16000005,16000004,16000017,16000012,16000098,16000023,20260406T184227.000Z
15000011,1,16000074,16000103,16000002,16000014,16000059,16000045,20260406T175742.000Z
15000011,1,16000074,16000103,16000002,16000014,16000059,16000045,20260406T175552.000Z
15000007,1,16000005,16000044,16000002,16000025,16000081,16000089,20260406T174945.000Z
15000007,1,16000005,16000044,16000002,16000025,16000081,16000089,20260406T174806.000Z
15000132,0,16000098,16000102,16000004,16000035,16000063,16000023,20260406T173425.000Z
15000132,0,16000098,16000102,16000004,16000035,16000063,16000023,20260406T173202.000Z
15000022,0,16000042,16000029,16000046,16000021,16000064,16000015,20260406T172620.000Z
15000022,0,16000042,16000029,16000046,16000021,16000064,16000015,20260406T172401.000Z
15000293,0,16000063,16000085,16000005,16000044,16000081,16000102,20260406T171854.000Z
15000293,0,16000063,16000085,16000005,16000044,16000081,16000102,20260406T171636.000Z
15000072,1,16000046,16000078,16000079,16000036,16000012,16000005,20260406T171127.000Z
15000072,1,16000046,16000078,16000079,16000036,16000012,16000005,20260406T170952.000Z
15000019,0,16000025,16000046,16000099,16000012,16000019,16000094,20260406T161854.000Z
15000019,0,16000025,16000046,16000099,16000012,16000019,16000094,20260406T161616.000Z
15000019,1,16000025,16000046,16000099,16000012,16000019,16000094,20260406T161328.000Z
15000440,0,16000095,16000064,16000099,16000003,16000061,16000021,20260406T160804.000Z
15000440,0,16000095,16000064,16000099,16000003,16000061,16000021,20260406T160616.000Z
15000440,1,16000003,16000061,16000037,16000099,16000087,16000023,20260406T155921.000Z
15000440,1,16000003,16000061,16000037,16000099,16000087,16000023,20260406T155801.000Z
15000082,0,16000089,16000094,16000005,16000102,16000023,16000044,20260406T155244.000Z
15000082,0,16000089,16000094,16000005,16000102,16000023,16000044,20260406T155108.000Z
15000300,1,16000041,16000029,16000011,16000012,16000005,16000070,20260406T172551.000Z
15000300,0,16000041,16000029,16000011,16000012,16000005,16000070,20260406T172324.000Z
15000300,1,16000041,16000029,16000011,16000012,16000005,16000070,20260406T172114.000Z
15000072,0,16000078,16000056,16000012,16000015,16000014,16000065,20260406T171609.000Z
15000072,0,16000078,16000056,16000012,16000015,16000014,16000065,20260406T171321.000Z
15000010,1,16000004,16000095,16000099,16000028,16000014,16000057,20260406T170319.000Z
15000010,1,16000004,16000095,16000099,16000028,16000014,16000057,20260406T170112.000Z
15000010,0,16000004,16000095,16000099,16000028,16000014,16000057,20260406T165834.000Z
15000005,1,16000036,16000042,16000048,16000094,16000064,16000015,20260406T165418.000Z
15000005,1,16000036,16000042,16000048,16000094,16000064,16000015,20260406T165201.000Z
15000005,0,16000036,16000042,16000048,16000094,16000064,16000015,20260406T164945.000Z
15000010,0,16000095,16000014,16000040,16000019,16000038,16000005,20260406T164244.000Z
15000010,0,16000095,16000014,16000040,16000019,16000038,16000005,20260406T164035.000Z
15000010,1,16000095,16000014,16000040,16000019,16000038,16000005,20260406T163840.000Z
15000548,1,16000001,16000065,16000099,16000089,16000021,16000003,20260406T163323.000Z
15000548,1,16000001,16000065,16000099,16000089,16000021,16000003,20260406T163138.000Z
15000548,0,16000001,16000065,16000099,16000089,16000021,16000003,20260406T162936.000Z
15000011,1,16000012,16000059,16000023,16000005,16000011,16000014,20260406T162358.000Z
15000011,1,16000012,16000059,16000023,16000005,16000011,16000014,20260406T162214.000Z
15000306,1,16000083,16000063,16000085,16000014,16000002,16000067,20260406T161042.000Z
15000306,1,16000083,16000063,16000085,16000014,16000002,16000067,20260406T160840.000Z
15000293,0,16000071,16000005,16000063,16000070,16000030,16000002,20260406T142437.000Z
15000293,0,16000071,16000005,16000063,16000070,16000030,16000002,20260406T142246.000Z
15000118,0,16000044,16000019,16000006,16000067,16000059,16000086,20260406T141809.000Z
15000118,0,16000044,16000019,16000006,16000067,16000059,16000086,20260406T141520.000Z
15000007,1,16000026,16000014,16000012,16000063,16000005,16000023,20260406T165952.000Z
15000007,1,16000026,16000014,16000012,16000063,16000005,16000023,20260406T165732.000Z
15000053,0,16000003,16000103,16000030,16000025,16000001,16000081,20260406T165104.000Z
15000053,0,16000003,16000103,16000030,16000025,16000001,16000081,20260406T164819.000Z
15000019,1,16000014,16000012,16000073,16000099,16000002,16000001,20260406T164302.000Z
15000019,1,16000014,16000012,16000073,16000099,16000002,16000001,20260406T164053.000Z
15000072,0,16000014,16000079,16000078,16000001,16000036,16000056,20260406T163537.000Z
15000072,0,16000014,16000079,16000078,16000001,16000036,16000056,20260406T163258.000Z
15000072,1,16000014,16000079,16000078,16000001,16000036,16000056,20260406T163020.000Z
15000703,0,16000098,16000012,16000005,16000042,16000074,16000003,20260406T162516.000Z
15000703,0,16000098,16000012,16000005,16000042,16000074,16000003,20260406T162355.000Z
15000005,0,16000013,16000042,16000003,16000061,16000037,16000046,20260406T172943.000Z
15000005,0,16000013,16000042,16000003,16000061,16000037,16000046,20260406T172806.000Z
15000011,0,16000063,16000002,16000012,16000083,16000081,16000014,20260406T163915.000Z
15000011,0,16000063,16000002,16000012,16000083,16000081,16000014,20260406T163737.000Z
15000050,1,16000026,16000030,16000063,16000012,16000044,16000023,20260406T163241.000Z
15000050,1,16000026,16000030,16000063,16000012,16000044,16000023,20260406T163054.000Z
15001021,1,16000089,16000072,16000062,16000083,16000086,16000020,20260406T113704.000Z
15001021,1,16000089,16000072,16000062,16000083,16000086,16000020,20260406T113414.000Z
15000053,0,16000083,16000006,16000103,16000030,16000082,16000004,20260406T112827.000Z
15000053,0,16000083,16000006,16000103,16000030,16000082,16000004,20260406T112608.000Z
15000053,1,16000083,16000006,16000103,16000030,16000082,16000004,20260406T112408.000Z
15000022,1,16000011,16000001,16000036,16000064,16000098,16000021,20260406T112015.000Z
15000022,1,16000011,16000001,16000036,16000064,16000098,16000021,20260406T111804.000Z
15000025,0,16000004,16000089,16000075,16000098,16000012,16000005,20260406T111334.000Z
15000025,0,16000004,16000089,16000075,16000098,16000012,16000005,20260406T111107.000Z
15000132,1,16000023,16000103,16000083,16000005,16000001,16000051,20260406T162102.000Z
15000132,0,16000023,16000103,16000083,16000005,16000001,16000051,20260406T161843.000Z
15000132,1,16000023,16000103,16000083,16000005,16000001,16000051,20260406T161749.000Z
15000143,1,16000103,16000012,16000026,16000063,16000017,16000002,20260406T161049.000Z
15000143,1,16000103,16000012,16000026,16000063,16000017,16000002,20260406T160846.000Z
15000118,0,16000005,16000004,16000001,16000012,16000077,16000044,20260406T155654.000Z
15000118,0,16000005,16000004,16000001,16000012,16000077,16000044,20260406T155405.000Z
15000293,0,16000006,16000087,16000103,16000070,16000069,16000026,20260406T154628.000Z
15000293,0,16000006,16000087,16000103,16000070,16000069,16000026,20260406T154420.000Z
15000293,1,16000006,16000087,16000103,16000070,16000069,16000026,20260406T154141.000Z
15000010,0,16000063,16000067,16000083,16000030,16000005,16000012,20260406T153722.000Z
15000010,1,16000063,16000067,16000083,16000030,16000005,16000012,20260406T153544.000Z
15000010,0,16000063,16000067,16000083,16000030,16000005,16000012,20260406T153224.000Z
15000293,1,16000011,16000030,16000083,16000012,16000009,16000102,20260406T152835.000Z
15000293,1,16000011,16000030,16000083,16000012,16000009,16000102,20260406T152635.000Z
15000072,1,16000001,16000007,16000012,16000042,16000036,16000003,20260404T185230.000Z
15000072,1,16000001,16000007,16000012,16000042,16000036,16000003,20260404T185012.000Z
15000083,1,16000005,16000036,16000014,16000025,16000042,16000047,20260404T183859.000Z
15000083,1,16000005,16000036,16000014,16000025,16000042,16000047,20260404T183700.000Z
15000022,1,16000103,16000022,16000012,16000065,16000039,16000061,20260404T183228.000Z
15000022,1,16000103,16000022,16000012,16000065,16000039,16000061,20260404T183018.000Z
15000368,1,16000021,16000022,16000043,16000070,16000023,16000009,20260404T182414.000Z
15000300,1,16000022,16000014,16000005,16000022,16000012,16000081,20260404T182151.000Z
15000082,1,16000098,16000081,16000023,16000012,16000023,16000001,20260404T181747.000Z
15000118,1,16000026,16000028,16000013,16000041,16000054,16000026,20260404T172918.000Z
15000368,0,16000075,16000011,16000076,16000022,16000089,16000045,20260404T172451.000Z
15000143,0,16000005,16000020,16000009,16000008,16000023,16000002,20260404T161820.000Z
15000703,1,16000021,16000015,16000103,16000043,16000023,16000081,20260404T160832.000Z
15000083,1,16000004,16000003,16000001,16000103,16000099,16000001,20260404T160443.000Z
15000005,1,16000036,16000012,16000015,16000045,16000031,16000075,20260404T160157.000Z
15000010,1,16000028,16000024,16000023,16000070,16000103,16000014,20260406T154437.000Z
15000010,0,16000028,16000024,16000023,16000070,16000103,16000014,20260406T154219.000Z
15000010,1,16000028,16000024,16000023,16000070,16000103,16000014,20260406T154007.000Z
15000010,1,16000024,16000070,16000026,16000012,16000086,16000071,20260406T153601.000Z
15000010,1,16000024,16000070,16000026,16000012,16000086,16000071,20260406T153328.000Z
15000306,1,16000043,16000026,16000022,16000030,16000048,16000009,20260406T152744.000Z
15000306,1,16000043,16000026,16000022,16000030,16000048,16000009,20260406T152607.000Z
15000368,1,16000042,16000021,16000004,16000046,16000099,16000064,20260406T181909.000Z
15000368,1,16000042,16000021,16000004,16000046,16000099,16000064,20260406T181700.000Z
15000368,0,16000042,16000021,16000004,16000046,16000099,16000064,20260406T181341.000Z
15000005,1,16000079,16000003,16000023,16000036,16000046,16000021,20260406T180810.000Z
15000005,1,16000079,16000003,16000023,16000036,16000046,16000021,20260406T180551.000Z
15000050,0,16000030,16000074,16000070,16000083,16000026,16000005,20260406T175706.000Z
15000050,0,16000030,16000074,16000070,16000083,16000026,16000005,20260406T175418.000Z
15000005,1,16000015,16000079,16000042,16000011,16000103,16000061,20260406T172918.000Z
15000005,0,16000015,16000079,16000042,16000011,16000103,16000061,20260406T172659.000Z
15000005,1,16000015,16000079,16000042,16000011,16000103,16000061,20260406T172441.000Z
15000293,1,16000012,16000087,16000002,16000023,16000026,16000089,20260406T171024.000Z
15000293,0,16000012,16000087,16000002,16000023,16000026,16000089,20260406T170907.000Z
15000293,1,16000012,16000087,16000002,16000023,16000026,16000089,20260406T170715.000Z
15000083,1,16000047,16000023,16000054,16000046,16000059,16000005,20260406T184837.000Z
15000083,1,16000047,16000023,16000054,16000046,16000059,16000005,20260406T184619.000Z
15000306,0,16000044,16000098,16000005,16000089,16000023,16000019,20260406T184105.000Z
15000306,0,16000044,16000098,16000005,16000089,16000023,16000019,20260406T183847.000Z
15000132,0,16000017,16000023,16000012,16000089,16000095,16000059,20260406T184325.000Z
15000132,0,16000017,16000023,16000012,16000089,16000095,16000059,20260406T184216.000Z
15000548,1,16000047,16000079,16000064,16000074,16000021,16000042,20260406T183737.000Z
15000548,1,16000047,16000079,16000064,16000074,16000021,16000042,20260406T183617.000Z
15000011,0,16000032,16000012,16000023,16000052,16000019,16000103,20260406T174725.000Z
15000011,1,16000032,16000012,16000023,16000052,16000019,16000103,20260406T174538.000Z
15000011,0,16000032,16000012,16000023,16000052,16000019,16000103,20260406T174257.000Z
15000010,0,16000095,16000070,16000059,16000083,16000020,16000023,20260406T173758.000Z
15000010,0,16000095,16000070,16000059,16000083,16000020,16000023,20260406T173612.000Z
15000010,1,16000095,16000070,16000059,16000083,16000020,16000023,20260406T173434.000Z
15000082,0,16000021,16000029,16000011,16000002,16000044,16000023,20260406T173020.000Z
15000082,1,16000021,16000029,16000011,16000002,16000044,16000023,20260406T172809.000Z
15000082,0,16000021,16000029,16000011,16000002,16000044,16000023,20260406T172555.000Z
15000018,1,16000029,16000078,16000099,16000074,16000102,16000025,20260406T172109.000Z
15000018,1,16000029,16000078,16000099,16000074,16000102,16000025,20260406T171821.000Z
15000018,0,16000029,16000078,16000099,16000074,16000102,16000025,20260406T171601.000Z
15000143,1,16000023,16000063,16000030,16000084,16000059,16000101,20260406T170845.000Z
15000143,1,16000023,16000063,16000030,16000084,16000059,16000101,20260406T170556.000Z
15000132,1,16000012,16000025,16000103,16000005,16000011,16000004,20260406T170119.000Z
15000132,1,16000012,16000025,16000103,16000005,16000011,16000004,20260406T165831.000Z
15000132,0,16000012,16000025,16000103,16000005,16000011,16000004,20260406T165636.000Z
15000548,1,16000023,16000061,16000046,16000021,16000005,16000074,20260406T164812.000Z
15000548,1,16000023,16000061,16000046,16000021,16000005,16000074,20260406T164452.000Z
15000548,0,16000023,16000061,16000046,16000021,16000005,16000074,20260406T164059.000Z
15000292,1,16000099,16000045,16000063,16000044,16000012,16000005,20260406T184818.000Z
15000292,1,16000099,16000045,16000063,16000044,16000012,16000005,20260406T184529.000Z
15000022,0,16000003,16000029,16000061,16000036,16000012,16000046,20260406T183847.000Z
15000022,1,16000003,16000029,16000061,16000036,16000012,16000046,20260406T183629.000Z
15000022,0,16000003,16000029,16000061,16000036,16000012,16000046,20260406T183439.000Z
15000293,0,16000002,16000101,16000087,16000026,16000012,16000070,20260406T182956.000Z
15000293,0,16000002,16000101,16000087,16000026,16000012,16000070,20260406T182822.000Z
15000703,1,16000005,16000011,16000021,16000023,16000046,16000037,20260406T181735.000Z
15000703,1,16000005,16000011,16000021,16000023,16000046,16000037,20260406T181357.000Z
15000703,0,16000005,16000011,16000021,16000023,16000046,16000037,20260406T181155.000Z
15000368,0,16000064,16000099,16000004,16000079,16000023,16000011,20260406T180636.000Z
15000368,0,16000064,16000099,16000004,16000079,16000023,16000011,20260406T180538.000Z
15000072,1,16000079,16000002,16000015,16000075,16000099,16000095,20260406T180141.000Z
15000072,1,16000079,16000002,16000015,16000075,16000099,16000095,20260406T180003.000Z
15000072,0,16000079,16000002,16000015,16000075,16000099,16000095,20260406T175832.000Z
15000007,1,16000051,16000005,16000044,16000030,16000099,16000023,20260406T175326.000Z
15000007,1,16000051,16000005,16000044,16000030,16000099,16000023,20260406T175111.000Z
15000050,0,16000059,16000002,16000097,16000004,16000096,16000068,20260406T174504.000Z
15000050,0,16000059,16000002,16000097,16000004,16000096,16000068,20260406T174215.000Z
15000025,0,16000012,16000008,16000006,16000023,16000030,16000067,20260406T173745.000Z
15000025,1,16000012,16000008,16000006,16000023,16000030,16000067,20260406T173457.000Z
15000025,0,16000012,16000008,16000006,16000023,16000030,16000067,20260406T173205.000Z
15000083,1,16000019,16000029,16000099,16000042,16000046,16000094,20260406T172537.000Z
15000083,1,16000019,16000029,16000099,16000042,16000046,16000094,20260406T172319.000Z
15000083,0,16000019,16000029,16000099,16000042,16000046,16000094,20260406T172125.000Z
15000022,0,16000054,16000065,16000023,16000061,16000020,16000012,20260406T103444.000Z
15000022,0,16000054,16000065,16000023,16000061,16000020,16000012,20260406T103231.000Z
15000022,1,16000054,16000065,16000023,16000061,16000020,16000012,20260406T103013.000Z
15000005,0,16000047,16000036,16000046,16000023,16000065,16000012,20260406T102547.000Z
15000005,0,16000047,16000036,16000046,16000023,16000065,16000012,20260406T102329.000Z
15000053,1,16000030,16000006,16000001,16000039,16000012,16000103,20260406T101836.000Z
15000053,1,16000030,16000006,16000001,16000039,16000012,16000103,20260406T101731.000Z
15000118,1,16000045,16000089,16000004,16000001,16000014,16000083,20260406T101307.000Z
15000118,1,16000045,16000089,16000004,16000001,16000014,16000083,20260406T101115.000Z
15000118,0,16000045,16000089,16000004,16000001,16000014,16000083,20260406T101011.000Z
15000007,0,16000004,16000014,16000102,16000061,16000026,16000095,20260404T000939.000Z
15000007,0,16000004,16000014,16000102,16000061,16000026,16000095,20260404T000746.000Z
15000018,0,16000078,16000103,16000079,16000075,16000005,16000074,20260403T235719.000Z
15000018,1,16000078,16000103,16000079,16000075,16000005,16000074,20260403T235530.000Z
15000018,0,16000078,16000103,16000079,16000075,16000005,16000074,20260403T235323.000Z
15000025,1,16000097,16000063,16000086,16000099,16000028,16000008,20260403T234138.000Z
15000025,0,16000097,16000063,16000086,16000099,16000028,16000008,20260403T234045.000Z
15000025,1,16000097,16000063,16000086,16000099,16000028,16000008,20260403T233736.000Z
15000703,0,16000044,16000023,16000079,16000099,16000064,16000005,20260403T233049.000Z
15000703,0,16000044,16000023,16000079,16000099,16000064,16000005,20260403T232710.000Z
15000703,1,16000044,16000023,16000079,16000099,16000064,16000005,20260403T232354.000Z
15000143,1,16000002,16000012,16000063,16000023,16000070,16000026,20260403T231534.000Z
15000143,0,16000002,16000012,16000063,16000023,16000070,16000026,20260403T231244.000Z
15000143,1,16000002,16000012,16000063,16000023,16000070,16000026,20260403T230955.000Z
15000018,1,16000103,16000001,16000025,16000005,16000079,16000095,20260403T230219.000Z
15000018,1,16000103,16000001,16000025,16000005,16000079,16000095,20260403T230006.000Z
15000082,1,16000046,16000099,16000012,16000044,16000064,16000095,20260403T225222.000Z
15000082,1,16000046,16000099,16000012,16000044,16000064,16000095,20260403T225037.000Z
15000082,0,16000026,16000087,16000099,16000074,16000081,16000005,20260403T224459.000Z
15000082,0,16000026,16000087,16000099,16000074,16000081,16000005,20260403T224240.000Z
15000007,1,16000023,16000012,16000063,16000030,16000004,16000059,20260403T223544.000Z
15000007,1,16000023,16000012,16000063,16000030,16000004,16000059,20260403T223242.000Z
15000082,1,16000012,16000002,16000006,16000011,16000065,16000077,20260406T182953.000Z
15000082,1,16000012,16000002,16000006,16000011,16000065,16000077,20260406T182831.000Z
15000018,1,16000077,16000040,16000012,16000030,16000027,16000004,20260406T182525.000Z
15000018,1,16000077,16000040,16000012,16000030,16000027,16000004,20260406T182300.000Z
15000018,0,16000077,16000040,16000012,16000030,16000027,16000004,20260406T182052.000Z
15000300,1,16000103,16000008,16000007,16000012,16000018,16000071,20260406T181623.000Z
15000300,1,16000103,16000008,16000007,16000012,16000018,16000071,20260406T181459.000Z
15000007,0,16000063,16000095,16000021,16000002,16000023,16000099,20260406T184616.000Z
15000007,0,16000063,16000095,16000021,16000002,16000023,16000099,20260406T184433.000Z
15000025,0,16000011,16000043,16000012,16000102,16000002,16000023,20260406T184348.000Z
15000025,0,16000011,16000043,16000012,16000102,16000002,16000023,20260406T184249.000Z
15000300,1,16000102,16000063,16000012,16000029,16000005,16000014,20260406T182923.000Z
15000300,1,16000102,16000063,16000012,16000029,16000005,16000014,20260406T182753.000Z
15000007,1,16000002,16000004,16000074,16000098,16000012,16000095,20260406T181826.000Z
15000007,0,16000002,16000004,16000074,16000098,16000012,16000095,20260406T181544.000Z
15000007,1,16000002,16000004,16000074,16000098,16000012,16000095,20260406T181353.000Z
15000018,1,16000074,16000083,16000001,16000040,16000079,16000059,20260406T172126.000Z
15000018,1,16000074,16000083,16000001,16000040,16000079,16000059,20260406T172000.000Z
15000010,1,16000063,16000011,16000005,16000102,16000012,16000044,20260406T005631.000Z
15000010,1,16000063,16000011,16000005,16000102,16000012,16000044,20260406T005424.000Z
15000010,0,16000063,16000011,16000005,16000102,16000012,16000044,20260406T005201.000Z
15000010,0,16000063,16000051,16000030,16000011,16000089,16000012,20260406T004229.000Z
15000010,0,16000063,16000051,16000030,16000011,16000089,16000012,20260406T004047.000Z
15000368,0,16000061,16000079,16000011,16000002,16000042,16000003,20260406T003441.000Z
15000368,0,16000061,16000079,16000011,16000002,16000042,16000003,20260406T003137.000Z
15000440,0,16000047,16000005,16000023,16000044,16000011,16000012,20260406T002527.000Z
15000440,0,16000047,16000005,16000023,16000044,16000011,16000012,20260406T002309.000Z
15000132,0,16000004,16000063,16000028,16000005,16000023,16000003,20260405T222816.000Z
15000132,0,16000004,16000063,16000028,16000005,16000023,16000003,20260405T222542.000Z
15000306,1,16000074,16000011,16000099,16000077,16000040,16000103,20260405T215406.000Z
15000306,1,16000074,16000011,16000099,16000077,16000040,16000103,20260405T215223.000Z
15000053,1,16000004,16000073,16000059,16000081,16000070,16000077,20260403T201135.000Z
15000053,1,16000004,16000073,16000059,16000081,16000070,16000077,20260403T200904.000Z
15000053,0,16000004,16000073,16000059,16000081,16000070,16000077,20260403T200709.000Z
15001021,1,16000026,16000099,16000059,16000002,16000004,16000103,20260403T200207.000Z
15001021,0,16000026,16000099,16000059,16000002,16000004,16000103,20260403T200015.000Z
15001021,1,16000026,16000099,16000059,16000002,16000004,16000103,20260403T195816.000Z
15000293,0,16000059,16000087,16000011,16000002,16000070,16000089,20260403T195334.000Z
15000293,0,16000059,16000087,16000011,16000002,16000070,16000089,20260403T195016.000Z
15000022,1,16000042,16000098,16000021,16000061,16000046,16000012,20260403T194251.000Z
15000022,1,16000042,16000098,16000021,16000061,16000046,16000012,20260403T194032.000Z
15000300,1,16000103,16000023,16000042,16000012,16000011,16000014,20260403T193556.000Z
15000300,0,16000103,16000023,16000042,16000012,16000011,16000014,20260403T193323.000Z
15000300,1,16000103,16000023,16000042,16000012,16000011,16000014,20260403T193127.000Z
15000115,1,16000103,16000063,16000017,16000059,16000095,16000014,20260403T191835.000Z
15000115,1,16000103,16000063,16000017,16000059,16000095,16000014,20260403T191604.000Z
15000115,0,16000103,16000063,16000017,16000059,16000095,16000014,20260403T191252.000Z
15000025,1,16000089,16000098,16000011,16000068,16000086,16000102,20260403T190555.000Z
15000025,1,16000089,16000098,16000011,16000068,16000086,16000102,20260403T190253.000Z
15000548,1,16000023,16000042,16000047,16000099,16000062,16000065,20260403T185752.000Z
15000548,0,16000023,16000042,16000047,16000099,16000062,16000065,20260403T185616.000Z
15000548,1,16000023,16000042,16000047,16000099,16000062,16000065,20260403T185421.000Z
15000703,0,16000042,16000023,16000064,16000074,16000021,16000036,20260403T184948.000Z
15000703,1,16000042,16000023,16000064,16000074,16000021,16000036,20260403T184716.000Z
15000703,0,16000042,16000023,16000064,16000074,16000021,16000036,20260403T184534.000Z
15000072,0,16000015,16000094,16000056,16000039,16000001,16000078,20260406T181437.000Z
15000072,0,16000015,16000094,16000056,16000039,16000001,16000078,20260406T181159.000Z
15000292,1,16000092,16000012,16000102,16000040,16000070,16000014,20260406T180624.000Z
15000292,1,16000092,16000012,16000102,16000040,16000070,16000014,20260406T180443.000Z
15000548,1,16000042,16000056,16000023,16000012,16000025,16000081,20260406T180042.000Z
15000548,1,16000042,16000056,16000023,16000012,16000025,16000081,20260406T175827.000Z
15000548,0,16000003,16000001,16000012,16000023,16000061,16000042,20260406T175315.000Z
15000548,0,16000003,16000001,16000012,16000023,16000061,16000042,20260406T175055.000Z
15000548,1,16000003,16000001,16000012,16000023,16000061,16000042,20260406T174730.000Z
15000368,1,16000005,16000004,16000066,16000064,16000067,16000059,20260406T075251.000Z
15000368,1,16000005,16000004,16000066,16000064,16000067,16000059,20260406T074959.000Z
15000053,0,16000009,16000049,16000044,16000001,16000030,16000008,20260406T074543.000Z
15000053,0,16000009,16000049,16000044,16000001,16000030,16000008,20260406T074356.000Z
15000143,0,16000025,16000011,16000099,16000044,16000045,16000002,20260403T201122.000Z
15000143,0,16000025,16000011,16000099,16000044,16000045,16000002,20260403T200911.000Z
15000005,1,16000061,16000005,16000023,16000042,16000012,16000046,20260403T200617.000Z
15000005,1,16000061,16000005,16000023,16000042,16000012,16000046,20260403T200417.000Z
15000292,0,16000103,16000002,16000023,16000063,16000001,16000026,20260403T195951.000Z
15000292,0,16000103,16000002,16000023,16000063,16000001,16000026,20260403T195802.000Z
15000293,1,16000002,16000070,16000089,16000059,16000087,16000011,20260403T195334.000Z
15000293,1,16000002,16000070,16000089,16000059,16000087,16000011,20260403T195016.000Z
15000025,1,16000030,16000012,16000084,16000023,16000063,16000002,20260403T194457.000Z
15000025,1,16000030,16000012,16000084,16000023,16000063,16000002,20260403T194324.000Z
15000703,1,16000021,16000011,16000046,16000061,16000064,16000015,20260403T193901.000Z
15000703,0,16000021,16000011,16000046,16000061,16000064,16000015,20260403T193659.000Z
15000703,1,16000021,16000011,16000046,16000061,16000064,16000015,20260403T193419.000Z
15000050,0,16000059,16000012,16000004,16000102,16000083,16000011,20260406T023324.000Z
15000050,0,16000059,16000012,16000004,16000102,16000083,16000011,20260406T023009.000Z
15000050,1,16000059,16000012,16000004,16000102,16000083,16000011,20260406T022750.000Z
15000007,1,16000005,16000099,16000086,16000023,16000029,16000017,20260406T184828.000Z
15000007,1,16000005,16000099,16000086,16000023,16000029,16000017,20260406T184556.000Z
15000007,0,16000005,16000099,16000086,16000023,16000029,16000017,20260406T184329.000Z
15000053,1,16000005,16000086,16000012,16000004,16000025,16000094,20260406T183834.000Z
15000053,1,16000005,16000086,16000012,16000004,16000025,16000094,20260406T183658.000Z
15000025,1,16000063,16000005,16000012,16000038,16000089,16000011,20260406T183206.000Z
15000025,1,16000063,16000005,16000012,16000038,16000089,16000011,20260406T183028.000Z
15000011,1,16000023,16000074,16000005,16000012,16000014,16000063,20260406T182634.000Z
15000011,1,16000023,16000074,16000005,16000012,16000014,16000063,20260406T182351.000Z
15000011,0,16000023,16000074,16000005,16000012,16000014,16000063,20260406T182107.000Z
15000025,1,16000023,16000005,16000012,16000004,16000059,16000098,20260406T181524.000Z
15000025,1,16000023,16000005,16000012,16000004,16000059,16000098,20260406T181353.000Z
15000019,0,16000079,16000015,16000012,16000056,16000001,16000099,20260406T175335.000Z
15000019,0,16000079,16000015,16000012,16000056,16000001,16000099,20260406T175047.000Z
15000368,1,16000004,16000023,16000005,16000061,16000003,16000047,20260406T174516.000Z
15000368,1,16000004,16000023,16000005,16000061,16000003,16000047,20260406T174213.000Z
15000025,0,16000096,16000023,16000038,16000063,16000102,16000086,20260406T173642.000Z
15000025,1,16000096,16000023,16000038,16000063,16000102,16000086,20260406T173417.000Z
15000025,0,16000096,16000023,16000038,16000063,16000102,16000086,20260406T173044.000Z
15000072,0,16000015,16000027,16000083,16000101,16000026,16000012,20260406T171631.000Z
15000072,0,16000015,16000027,16000083,16000101,16000026,16000012,20260406T171407.000Z
15000115,1,16000051,16000023,16000095,16000011,16000063,16000097,20260406T170925.000Z
15000115,0,16000051,16000023,16000095,16000011,16000063,16000097,20260406T170658.000Z
15000115,1,16000051,16000023,16000095,16000011,16000063,16000097,20260406T170448.000Z
15000005,0,16000046,16000015,16000003,16000079,16000061,16000065,20260406T171653.000Z
15000005,0,16000046,16000015,16000003,16000079,16000061,16000065,20260406T171435.000Z
15000010,1,16000063,16000005,16000044,16000045,16000103,16000040,20260406T170956.000Z
15000010,1,16000063,16000005,16000044,16000045,16000103,16000040,20260406T170750.000Z
15000292,0,16000019,16000014,16000059,16000102,16000011,16000052,20260406T170118.000Z
15000292,0,16000019,16000014,16000059,16000102,16000011,16000052,20260406T165835.000Z
15000005,1,16000003,16000036,16000015,16000046,16000025,16000079,20260406T164955.000Z
15000005,1,16000003,16000036,16000015,16000046,16000025,16000079,20260406T164739.000Z
15000050,0,16000047,16000063,16000005,16000099,16000002,16000059,20260406T164227.000Z
15000050,1,16000047,16000063,16000005,16000099,16000002,16000059,20260406T164103.000Z
15000050,0,16000047,16000063,16000005,16000099,16000002,16000059,20260406T163934.000Z
15000118,1,16000063,16000023,16000045,16000102,16000012,16000099,20260406T163250.000Z
15000118,0,16000063,16000023,16000045,16000102,16000012,16000099,20260406T163038.000Z
15000118,1,16000063,16000023,16000045,16000102,16000012,16000099,20260406T162750.000Z
15000050,0,16000063,16000030,16000005,16000004,16000023,16000059,20260406T162008.000Z
15000050,0,16000063,16000030,16000005,16000004,16000023,16000059,20260406T161720.000Z
15000007,0,16000005,16000092,16000023,16000012,16000011,16000063,20260406T161138.000Z
15000007,1,16000005,16000092,16000023,16000012,16000011,16000063,20260406T160921.000Z
15000007,0,16000005,16000092,16000023,16000012,16000011,16000063,20260406T160652.000Z
15000082,0,16000005,16000003,16000047,16000064,16000021,16000065,20260406T160206.000Z
15000082,1,16000005,16000003,16000047,16000064,16000021,16000065,20260406T155947.000Z
15000082,0,16000005,16000003,16000047,16000064,16000021,16000065,20260406T155728.000Z
15000703,1,16000003,16000093,16000065,16000015,16000021,16000061,20260406T155225.000Z
15000703,1,16000003,16000093,16000065,16000015,16000021,16000061,20260406T154956.000Z
15000132,0,16000000,16000023,16000044,16000026,16000004,16000010,20260406T184925.000Z
15000368,0,16000072,16000023,16000103,16000021,16000003,16000011,20260406T184524.000Z
15000368,0,16000072,16000023,16000103,16000021,16000003,16000011,20260406T184334.000Z
15000368,1,16000021,16000061,16000098,16000005,16000064,16000079,20260406T183850.000Z
15000368,1,16000021,16000061,16000098,16000005,16000064,16000079,20260406T183628.000Z
15000306,0,16000083,16000063,16000023,16000081,16000074,16000012,20260406T183105.000Z
15000306,0,16000083,16000063,16000023,16000081,16000074,16000012,20260406T182922.000Z
15000440,0,16000011,16000072,16000047,16000023,16000061,16000066,20260406T182409.000Z
15000440,0,16000011,16000072,16000047,16000023,16000061,16000066,20260406T182157.000Z
15000440,1,16000011,16000072,16000047,16000023,16000061,16000066,20260406T181917.000Z
15000082,1,16000070,16000075,16000047,16000089,16000022,16000012,20260406T181230.000Z
15000082,1,16000070,16000075,16000047,16000089,16000022,16000012,20260406T181011.000Z
15000300,1,16000040,16000023,16000011,16000099,16000047,16000029,20260406T184900.000Z
15000300,0,16000085,16000092,16000101,16000059,16000040,16000019,20260406T184427.000Z
15000300,0,16000085,16000092,16000101,16000059,16000040,16000019,20260406T184301.000Z
15000118,1,16000012,16000025,16000067,16000063,16000023,16000077,20260406T183734.000Z
15000118,1,16000012,16000025,16000067,16000063,16000023,16000077,20260406T183613.000Z
15000132,0,16000023,16000012,16000102,16000083,16000004,16000081,20260406T183055.000Z
15000132,0,16000023,16000012,16000102,16000083,16000004,16000081,20260406T182904.000Z
15000082,1,16000089,16000061,16000048,16000070,16000005,16000011,20260406T182433.000Z
15000082,1,16000089,16000061,16000048,16000070,16000005,16000011,20260406T182227.000Z
15000083,0,16000061,16000047,16000081,16000012,16000089,16000021,20260406T182021.000Z
15000083,0,16000061,16000047,16000081,16000012,16000089,16000021,20260406T181818.000Z
15000053,1,16000012,16000086,16000001,16000075,16000039,16000004,20260406T181244.000Z
15000053,1,16000012,16000086,16000001,16000075,16000039,16000004,20260406T181107.000Z
15000025,1,16000012,16000086,16000063,16000077,16000054,16000030,20260406T180628.000Z
15000025,1,16000012,16000086,16000063,16000077,16000054,16000030,20260406T180425.000Z
15000143,1,16000083,16000012,16000020,16000102,16000025,16000017,20260406T175958.000Z
15000143,1,16000083,16000012,16000020,16000102,16000025,16000017,20260406T175719.000Z
15000050,0,16000063,16000102,16000012,16000038,16000034,16000099,20260406T174751.000Z
15000050,0,16000063,16000102,16000012,16000038,16000034,16000099,20260406T174540.000Z
15000072,1,16000078,16000012,16000025,16000005,16000003,16000007,20260406T174006.000Z
15000072,0,16000078,16000012,16000025,16000005,16000003,16000007,20260406T173804.000Z
15000072,1,16000078,16000012,16000025,16000005,16000003,16000007,20260406T173515.000Z
15000293,0,16000012,16000087,16000005,16000008,16000038,16000077,20260406T172943.000Z
15000293,1,16000012,16000087,16000005,16000008,16000038,16000077,20260406T172625.000Z
15000293,0,16000012,16000087,16000005,16000008,16000038,16000077,20260406T172314.000Z
15000072,0,16000012,16000001,16000099,16000036,16000042,16000039,20260406T164020.000Z
15000072,0,16000012,16000001,16000099,16000036,16000042,16000039,20260406T163838.000Z
15000306,1,16000014,16000103,16000023,16000063,16000002,16000092,20260406T184319.000Z
15000306,1,16000014,16000103,16000023,16000063,16000002,16000092,20260406T184102.000Z
15000053,1,16000073,16000002,16000005,16000004,16000070,16000044,20260406T180725.000Z
15000053,0,16000073,16000002,16000005,16000004,16000070,16000044,20260406T180548.000Z
15000053,1,16000073,16000002,16000005,16000004,16000070,16000044,20260406T180438.000Z
15000300,1,16000083,16000061,16000023,16000063,16000078,16000099,20260406T172020.000Z
15000300,1,16000083,16000061,16000023,16000063,16000078,16000099,20260406T171839.000Z
15000300,0,16000083,16000061,16000023,16000063,16000078,16000099,20260406T171631.000Z
15000022,1,16000021,16000029,16000003,16000015,16000099,16000093,20260406T170453.000Z
15000022,1,16000021,16000029,16000003,16000015,16000099,16000093,20260406T170322.000Z
15000115,0,16000030,16000085,16000102,16000084,16000040,16000023,20260406T165430.000Z
15000115,0,16000030,16000085,16000102,16000084,16000040,16000023,20260406T165217.000Z
15000025,1,16000063,16000002,16000077,16000083,16000005,16000030,20260406T164636.000Z
15000025,0,16000063,16000002,16000077,16000083,16000005,16000030,20260406T164425.000Z
15000025,1,16000063,16000002,16000077,16000083,16000005,16000030,20260406T164148.000Z
15000053,0,16000073,16000030,16000081,16000083,16000009,16000004,20260406T163432.000Z
15000053,0,16000073,16000030,16000081,16000083,16000009,16000004,20260406T163309.000Z
15000368,0,16000003,16000103,16000001,16000043,16000004,16000076,20260406T162053.000Z
15000368,0,16000003,16000103,16000001,16000043,16000004,16000076,20260406T161908.000Z
15000050,1,16000049,16000026,16000020,16000005,16000000,16000030,20260406T161510.000Z
15000050,1,16000049,16000026,16000020,16000005,16000000,16000030,20260406T161252.000Z
15000018,0,16000001,16000070,16000050,16000059,16000039,16000073,20260406T160841.000Z
15000018,0,16000001,16000070,16000050,16000059,16000039,16000073,20260406T160642.000Z
15000548,1,16000025,16000003,16000065,16000015,16000023,16000066,20260406T160111.000Z
15000548,1,16000025,16000003,16000065,16000015,16000023,16000066,20260406T155934.000Z
15000293,1,16000075,16000070,16000066,16000103,16000030,16000006,20260406T155502.000Z
15000293,1,16000075,16000070,16000066,16000103,16000030,16000006,20260406T155327.000Z
15000018,1,16000001,16000002,16000026,16000078,16000029,16000012,20260406T154915.000Z
15000018,1,16000001,16000002,16000026,16000078,16000029,16000012,20260406T154632.000Z
15000053,0,16000009,16000008,16000066,16000075,16000026,16000025,20260406T154202.000Z
15000053,0,16000009,16000008,16000066,16000075,16000026,16000025,20260406T154049.000Z
15000053,1,16000009,16000008,16000066,16000075,16000026,16000025,20260406T153907.000Z
15000005,1,16000093,16000029,16000015,16000021,16000065,16000046,20260406T152726.000Z
15000005,1,16000093,16000029,16000015,16000021,16000065,16000046,20260406T152508.000Z
15000005,0,16000093,16000029,16000015,16000021,16000065,16000046,20260406T152249.000Z
15000019,0,16000079,16000087,16000001,16000019,16000056,16000012,20260406T151720.000Z
15000019,1,16000079,16000087,16000001,16000019,16000056,16000012,20260406T151439.000Z
15000019,0,16000079,16000087,16000001,16000019,16000056,16000012,20260406T151150.000Z
15000011,0,16000061,16000063,16000103,16000017,16000070,16000095,20260406T163633.000Z
15000011,0,16000061,16000063,16000103,16000017,16000070,16000095,20260406T163435.000Z
15000011,1,16000061,16000063,16000103,16000017,16000070,16000095,20260406T163229.000Z
15000083,1,16000021,16000103,16000042,16000023,16000012,16000077,20260406T162754.000Z
15000083,1,16000021,16000103,16000042,16000023,16000012,16000077,20260406T162613.000Z
15000292,1,16000063,16000098,16000011,16000064,16000023,16000005,20260406T151235.000Z
15000292,1,16000063,16000098,16000011,16000064,16000023,16000005,20260406T151023.000Z
15000703,0,16000037,16000099,16000021,16000044,16000042,16000023,20260406T124021.000Z
15000703,0,16000037,16000099,16000021,16000044,16000042,16000023,20260406T123739.000Z
15000368,0,16000003,16000066,16000046,16000076,16000023,16000005,20260406T123302.000Z
15000368,1,16000003,16000066,16000046,16000076,16000023,16000005,20260406T122955.000Z
15000368,0,16000003,16000066,16000046,16000076,16000023,16000005,20260406T122713.000Z
15000293,1,16000102,16000070,16000002,16000008,16000006,16000014,20260406T121852.000Z
15000293,1,16000102,16000070,16000002,16000008,16000006,16000014,20260406T121718.000Z
15000010,1,16000063,16000081,16000099,16000030,16000042,16000023,20260406T121105.000Z
15000010,1,16000063,16000081,16000099,16000030,16000042,16000023,20260406T120906.000Z
15000011,1,16000044,16000099,16000023,16000012,16000026,16000063,20260406T120349.000Z
15000011,1,16000044,16000099,16000023,16000012,16000026,16000063,20260406T120155.000Z
15001021,1,16000098,16000099,16000005,16000044,16000012,16000001,20260406T115505.000Z
15001021,1,16000098,16000099,16000005,16000044,16000012,16000001,20260406T115217.000Z
15001021,0,16000098,16000099,16000005,16000044,16000012,16000001,20260406T115121.000Z
15000053,0,16000007,16000075,16000078,16000026,16000099,16000030,20260406T170654.000Z
15000053,0,16000007,16000075,16000078,16000026,16000099,16000030,20260406T170551.000Z
15000132,0,16000044,16000035,16000085,16000004,16000032,16000038,20260406T135535.000Z
15000132,0,16000044,16000035,16000085,16000004,16000032,16000038,20260406T135410.000Z
15000132,1,16000044,16000035,16000085,16000004,16000032,16000038,20260406T135215.000Z
15000300,0,16000016,16000061,16000023,16000014,16000005,16000012,20260406T175936.000Z
15000300,0,16000016,16000061,16000023,16000014,16000005,16000012,20260406T175810.000Z
15000011,1,16000002,16000001,16000099,16000095,16000083,16000044,20260406T175126.000Z
15000011,1,16000002,16000001,16000099,16000095,16000083,16000044,20260406T174935.000Z
15000300,0,16000014,16000099,16000059,16000092,16000081,16000029,20260406T174153.000Z
15000300,1,16000014,16000099,16000059,16000092,16000081,16000029,20260406T173934.000Z
15000300,0,16000014,16000099,16000059,16000092,16000081,16000029,20260406T173717.000Z
15000019,1,16000040,16000079,16000019,16000046,16000005,16000001,20260406T173248.000Z
15000019,1,16000040,16000079,16000019,16000046,16000005,16000001,20260406T172757.000Z
15000053,0,16000002,16000008,16000005,16000073,16000070,16000001,20260406T172357.000Z
15000053,0,16000002,16000008,16000005,16000073,16000070,16000001,20260406T172221.000Z
15000132,1,16000001,16000040,16000005,16000044,16000048,16000070,20260406T171749.000Z
15000132,1,16000001,16000040,16000005,16000044,16000048,16000070,20260406T171528.000Z
15000022,1,16000011,16000015,16000023,16000012,16000064,16000002,20260406T170944.000Z
15000022,1,16000011,16000015,16000023,16000012,16000064,16000002,20260406T170750.000Z
15000368,1,16000064,16000003,16000061,16000099,16000046,16000077,20260406T170246.000Z
15000368,0,16000064,16000003,16000061,16000099,16000046,16000077,20260406T165921.000Z
15000368,1,16000064,16000003,16000061,16000099,16000046,16000077,20260406T165653.000Z
15000115,1,16000012,16000002,16000017,16000014,16000095,16000024,20260406T165019.000Z
15000115,0,16000012,16000002,16000017,16000014,16000095,16000024,20260406T164801.000Z
15000115,1,16000012,16000002,16000017,16000014,16000095,16000024,20260406T164556.000Z
15000019,0,16000012,16000094,16000040,16000005,16000001,16000042,20260406T164042.000Z
15000019,1,16000012,16000094,16000040,16000005,16000001,16000042,20260406T163753.000Z
15000019,0,16000012,16000094,16000040,16000005,16000001,16000042,20260406T163517.000Z
15000083,0,16000011,16000023,16000036,16000029,16000021,16000065,20260405T025237.000Z
15000083,0,16000011,16000023,16000036,16000029,16000021,16000065,20260405T025030.000Z
15000083,1,16000012,16000099,16000074,16000002,16000042,16000065,20260405T024554.000Z
15000083,1,16000012,16000099,16000074,16000002,16000042,16000065,20260405T024408.000Z
15000025,1,16000063,16000069,16000011,16000102,16000041,16000089,20260405T023935.000Z
15000025,0,16000063,16000069,16000011,16000102,16000041,16000089,20260405T023657.000Z
15000025,1,16000063,16000069,16000011,16000102,16000041,16000089,20260405T023409.000Z
15000143,1,16000023,16000045,16000004,16000005,16000001,16000070,20260405T022946.000Z
15000143,1,16000023,16000045,16000004,16000005,16000001,16000070,20260405T022750.000Z
15000292,1,16000016,16000030,16000011,16000008,16000023,16000002,20260405T022148.000Z
15000292,0,16000016,16000030,16000011,16000008,16000023,16000002,20260405T022010.000Z
15000292,1,16000016,16000030,16000011,16000008,16000023,16000002,20260405T021756.000Z
15001021,1,16000044,16000011,16000063,16000002,16000099,16000089,20260405T021037.000Z
15001021,1,16000044,16000011,16000063,16000002,16000099,16000089,20260405T020741.000Z
15000022,0,16000097,16000064,16000023,16000032,16000061,16000021,20260406T184942.000Z
15000022,0,16000003,16000032,16000036,16000042,16000012,16000094,20260406T184515.000Z
15000022,0,16000003,16000032,16000036,16000042,16000012,16000094,20260406T184256.000Z
15000368,0,16000065,16000026,16000082,16000098,16000011,16000089,20260406T183738.000Z
15000368,1,16000065,16000026,16000082,16000098,16000011,16000089,20260406T183505.000Z
15000368,0,16000065,16000026,16000082,16000098,16000011,16000089,20260406T183305.000Z
15000050,0,16000001,16000004,16000000,16000070,16000083,16000035,20260406T175243.000Z
15000050,1,16000001,16000004,16000000,16000070,16000083,16000035,20260406T174945.000Z
15000050,0,16000001,16000004,16000000,16000070,16000083,16000035,20260406T174656.000Z
15000306,0,16000026,16000019,16000009,16000012,16000002,16000011,20260406T174117.000Z
15000306,0,16000026,16000019,16000009,16000012,16000002,16000011,20260406T173927.000Z
15000306,1,16000070,16000097,16000003,16000093,16000099,16000029,20260406T165405.000Z
15000306,1,16000070,16000097,16000003,16000093,16000099,16000029,20260406T165206.000Z
15000072,1,16000078,16000065,16000039,16000079,16000036,16000001,20260405T214013.000Z
15000072,1,16000078,16000065,16000039,16000079,16000036,16000001,20260405T213815.000Z
15000440,1,16000002,16000042,16000065,16000022,16000011,16000099,20260405T213426.000Z
15000440,1,16000002,16000042,16000065,16000022,16000011,16000099,20260405T213245.000Z
15000007,0,16000040,16000070,16000103,16000050,16000023,16000090,20260405T212709.000Z
15000007,0,16000040,16000070,16000103,16000050,16000023,16000090,20260405T212438.000Z
15000007,1,16000040,16000070,16000103,16000050,16000023,16000090,20260405T212215.000Z
15000143,0,16000070,16000038,16000009,16000051,16000005,16000012,20260405T211819.000Z
15000143,1,16000070,16000038,16000009,16000051,16000005,16000012,20260405T211659.000Z
15000143,0,16000070,16000038,16000009,16000051,16000005,16000012,20260405T211410.000Z
15000132,1,16000032,16000070,16000103,16000014,16000001,16000050,20260405T210827.000Z
15000132,1,16000032,16000070,16000103,16000014,16000001,16000050,20260405T210625.000Z
15000132,1,16000103,16000070,16000030,16000026,16000097,16000063,20260405T210232.000Z
15000132,1,16000103,16000070,16000030,16000026,16000097,16000063,20260405T205933.000Z
15000368,1,16000011,16000042,16000065,16000077,16000048,16000089,20260405T205328.000Z
15000368,1,16000011,16000042,16000065,16000077,16000048,16000089,20260405T205116.000Z
15000368,0,16000011,16000042,16000065,16000077,16000048,16000089,20260405T204901.000Z
15000007,1,16000070,16000040,16000005,16000021,16000026,16000004,20260405T204439.000Z
15000007,1,16000070,16000040,16000005,16000021,16000026,16000004,20260405T204240.000Z
15001021,0,16000025,16000074,16000083,16000059,16000030,16000004,20260405T203457.000Z
15001021,0,16000025,16000074,16000083,16000059,16000030,16000004,20260405T203312.000Z
15000143,0,16000029,16000083,16000020,16000026,16000039,16000038,20260405T202720.000Z
15000143,0,16000029,16000083,16000020,16000026,16000039,16000038,20260405T202546.000Z
15000143,1,16000029,16000083,16000020,16000026,16000039,16000038,20260405T202319.000Z
15000019,0,16000078,16000004,16000005,16000012,16000007,16000023,20260406T182909.000Z
15000019,0,16000078,16000004,16000005,16000012,16000007,16000023,20260406T182642.000Z
15000019,0,16000078,16000004,16000005,16000012,16000007,16000023,20260406T182354.000Z
15000132,0,16000000,16000026,16000050,16000012,16000071,16000004,20260406T181728.000Z
15000132,1,16000000,16000026,16000050,16000012,16000071,16000004,20260406T181515.000Z
15000132,0,16000000,16000026,16000050,16000012,16000071,16000004,20260406T181224.000Z
15000115,1,16000026,16000050,16000020,16000000,16000038,16000070,20260406T180908.000Z
15000115,1,16000026,16000050,16000020,16000000,16000038,16000070,20260406T180619.000Z
15000007,1,16000020,16000012,16000014,16000081,16000017,16000049,20260406T180206.000Z
15000007,1,16000020,16000012,16000014,16000081,16000017,16000049,20260406T175952.000Z
15000132,0,16000045,16000011,16000049,16000027,16000000,16000008,20260406T175552.000Z
15000132,0,16000045,16000011,16000049,16000027,16000000,16000008,20260406T175411.000Z
15000132,1,16000045,16000011,16000049,16000027,16000000,16000008,20260406T175309.000Z
15000072,0,16000040,16000039,16000103,16000012,16000003,16000001,20260406T174906.000Z
15000072,0,16000040,16000039,16000103,16000012,16000003,16000001,20260406T174629.000Z
15000115,0,16000005,16000017,16000076,16000012,16000011,16000016,20260406T174222.000Z
15000115,0,16000005,16000017,16000076,16000012,16000011,16000016,20260406T174010.000Z
15000050,1,16000017,16000002,16000023,16000070,16000076,16000050,20260406T173640.000Z
15000050,1,16000017,16000002,16000023,16000070,16000076,16000050,20260406T173421.000Z
15000548,1,16000072,16000103,16000005,16000023,16000061,16000001,20260406T173201.000Z
15000548,1,16000072,16000103,16000005,16000023,16000061,16000001,20260406T173040.000Z
15000143,1,16000017,16000023,16000005,16000020,16000054,16000012,20260406T172727.000Z
15000143,1,16000017,16000023,16000005,16000020,16000054,16000012,20260406T172355.000Z
15000053,0,16000073,16000005,16000018,16000059,16000026,16000094,20260405T195835.000Z
15000053,0,16000073,16000005,16000018,16000059,16000026,16000094,20260405T195632.000Z
15000050,1,16000040,16000030,16000012,16000086,16000089,16000063,20260405T195124.000Z
15000050,0,16000040,16000030,16000012,16000086,16000089,16000063,20260405T194818.000Z
15000050,1,16000040,16000030,16000012,16000086,16000089,16000063,20260405T194554.000Z
15000005,0,16000042,16000015,16000036,16000046,16000079,16000003,20260405T192250.000Z
15000005,0,16000042,16000015,16000036,16000046,16000079,16000003,20260405T192032.000Z
15000005,1,16000042,16000015,16000036,16000046,16000079,16000003,20260405T191813.000Z
15000072,1,16000001,16000073,16000005,16000012,16000094,16000059,20260405T190421.000Z
15000072,1,16000001,16000073,16000005,16000012,16000094,16000059,20260405T190238.000Z
15000306,0,16000019,16000085,16000023,16000008,16000002,16000014,20260406T171252.000Z
15000306,0,16000019,16000085,16000023,16000008,16000002,16000014,20260406T171100.000Z
15000022,1,16000042,16000036,16000103,16000079,16000001,16000015,20260406T170633.000Z
15000022,0,16000042,16000036,16000103,16000079,16000001,16000015,20260406T170415.000Z
15000022,1,16000042,16000036,16000103,16000079,16000001,16000015,20260406T170156.000Z
15000025,1,16000068,16000030,16000023,16000026,16000084,16000063,20260406T165717.000Z
15000025,1,16000068,16000030,16000023,16000026,16000084,16000063,20260406T165430.000Z
15000292,0,16000070,16000014,16000005,16000012,16000063,16000085,20260406T184303.000Z
15000292,0,16000070,16000014,16000005,16000012,16000063,16000085,20260406T184057.000Z
15000292,1,16000070,16000014,16000005,16000012,16000063,16000085,20260406T183820.000Z
15000005,0,16000015,16000003,16000066,16000087,16000001,16000023,20260406T180757.000Z
15000005,0,16000015,16000003,16000066,16000087,16000001,16000023,20260406T180538.000Z
15000019,0,16000015,16000023,16000012,16000075,16000099,16000005,20260406T175925.000Z
15000019,1,16000015,16000023,16000012,16000075,16000099,16000005,20260406T175637.000Z
15000019,0,16000015,16000023,16000012,16000075,16000099,16000005,20260406T175348.000Z
15000082,0,16000103,16000079,16000012,16000022,16000098,16000061,20260406T174834.000Z
15000082,1,16000103,16000079,16000012,16000022,16000098,16000061,20260406T174615.000Z
15000082,0,16000103,16000079,16000012,16000022,16000098,16000061,20260406T174356.000Z
15000118,1,16000057,16000001,16000103,16000002,16000059,16000005,20260406T173911.000Z
15000118,1,16000057,16000001,16000103,16000002,16000059,16000005,20260406T173737.000Z
15000143,1,16000083,16000057,16000012,16000063,16000089,16000005,20260406T173356.000Z
15000143,1,16000083,16000057,16000012,16000063,16000089,16000005,20260406T173053.000Z
15000143,0,16000083,16000057,16000012,16000063,16000089,16000005,20260406T172850.000Z
15000292,1,16000014,16000012,16000057,16000077,16000005,16000011,20260406T172358.000Z
15000292,0,16000014,16000012,16000057,16000077,16000005,16000011,20260406T172159.000Z
15000292,1,16000014,16000012,16000057,16000077,16000005,16000011,20260406T171910.000Z
15000306,1,16000023,16000012,16000048,16000061,16000005,16000047,20260406T171427.000Z
15000306,0,16000023,16000012,16000048,16000061,16000005,16000047,20260406T171248.000Z
15000306,1,16000023,16000012,16000048,16000061,16000005,16000047,20260406T171006.000Z
15000083,1,16000103,16000015,16000012,16000098,16000042,16000099,20260406T170449.000Z
15000083,1,16000103,16000015,16000012,16000098,16000042,16000099,20260406T170230.000Z
15000083,0,16000103,16000015,16000012,16000098,16000042,16000099,20260406T170025.000Z
15000018,1,16000023,16000004,16000012,16000004,16000035,16000007,20260403T214713.000Z
15000115,1,16000014,16000023,16000049,16000023,16000008,16000085,20260403T214333.000Z
15000011,0,16000081,16000001,16000074,16000004,16000005,16000062,20260403T214039.000Z
15000082,1,16000076,16000004,16000081,16000035,16000081,16000025,20260403T213727.000Z
15000082,1,16000081,16000011,16000037,16000005,16000048,16000004,20260403T213508.000Z
15000053,1,16000004,16000009,16000008,16000037,16000015,16000026,20260403T213213.000Z
15000306,1,16000009,16000011,16000013,16000038,16000009,16000040,20260403T213009.000Z
15000053,1,16000004,16000065,16000075,16000077,16000012,16000043,20260403T212717.000Z
15000368,1,16000022,16000021,16000027,16000081,16000077,16000006,20260403T212441.000Z
15000005,1,16000063,16000048,16000042,16000012,16000001,16000042,20260403T212150.000Z
15000083,0,16000042,16000009,16000081,16000048,16000002,16000004,20260403T211838.000Z
15000118,1,16000009,16000038,16000054,16000019,16000083,16000071,20260403T211532.000Z
15000368,1,16000077,16000103,16000021,16000089,16000065,16000030,20260403T211246.000Z
15000022,1,16000085,16000012,16000009,16000017,16000102,16000009,20260403T211015.000Z
15000025,1,16000008,16000038,16000009,16000026,16000012,16000054,20260403T210815.000Z
15000118,1,16000038,16000004,16000009,16000004,16000010,16000020,20260403T210658.000Z
15000083,1,16000097,16000011,16000046,16000009,16000077,16000001,20260406T171409.000Z
15000292,1,16000070,16000011,16000099,16000071,16000043,16000030,20260406T171228.000Z
15000011,1,16000004,16000011,16000061,16000030,16000099,16000013,20260406T171012.000Z
15000019,1,16000018,16000011,16000001,16000005,16000043,16000001,20260406T170733.000Z
15000293,1,16000011,16000034,16000081,16000008,16000043,16000071,20260406T170604.000Z
15000368,1,16000001,16000011,16000099,16000094,16000000,16000010,20260406T170341.000Z
15000118,1,16000002,16000011,16000061,16000071,16000063,16000043,20260406T170205.000Z
15000440,1,16000011,16000037,16000076,16000030,16000050,16000052,20260406T165939.000Z
15000019,1,16000011,16000018,16000001,16000015,16000001,16000007,20260406T165740.000Z
15000019,1,16000011,16000001,16000078,16000003,16000007,16000099,20260406T165518.000Z
15000025,1,16000002,16000011,16000004,16000070,16000001,16000098,20260406T164926.000Z
15000082,1,16000011,16000070,16000089,16000030,16000022,16000043,20260406T164808.000Z
15000018,1,16000012,16000095,16000025,16000079,16000001,16000005,20260406T155014.000Z
15000018,1,16000012,16000095,16000025,16000079,16000001,16000005,20260406T154726.000Z
15000019,1,16000019,16000001,16000046,16000094,16000003,16000099,20260406T154106.000Z
15000019,1,16000019,16000001,16000046,16000094,16000003,16000099,20260406T153824.000Z
15000300,1,16000013,16000004,16000063,16000019,16000005,16000083,20260406T153323.000Z
15000300,1,16000013,16000004,16000063,16000019,16000005,16000083,20260406T153042.000Z
15000300,0,16000013,16000004,16000063,16000019,16000005,16000083,20260406T152856.000Z
15000703,0,16000011,16000042,16000003,16000036,16000026,16000061,20260406T152319.000Z
15000703,0,16000011,16000042,16000003,16000036,16000026,16000061,20260406T152116.000Z
15000011,0,16000014,16000044,16000083,16000057,16000023,16000097,20260406T151643.000Z
15000011,1,16000014,16000044,16000083,16000057,16000023,16000097,20260406T151439.000Z
15000011,0,16000014,16000044,16000083,16000057,16000023,16000097,20260406T151153.000Z
15000050,1,16000013,16000011,16000059,16000004,16000044,16000070,20260406T150647.000Z
15000050,1,16000013,16000011,16000059,16000004,16000044,16000070,20260406T150533.000Z
15000007,1,16000044,16000002,16000029,16000004,16000083,16000011,20260406T150013.000Z
15000007,1,16000044,16000002,16000029,16000004,16000083,16000011,20260406T145818.000Z
15000072,1,16000042,16000001,16000078,16000040,16000039,16000065,20260406T145351.000Z
15000072,1,16000042,16000001,16000078,16000040,16000039,16000065,20260406T145221.000Z
15000025,1,16000002,16000004,16000035,16000002,16000075,16000070,20260406T182927.000Z
15000018,1,16000002,16000003,16000050,16000009,16000012,16000008,20260406T182724.000Z
15001021,1,16000018,16000002,16000070,16000017,16000050,16000020,20260406T182342.000Z
15000292,0,16000071,16000077,16000103,16000076,16000069,16000043,20260406T182218.000Z
15000022,1,16000023,16000022,16000011,16000005,16000050,16000015,20260406T181932.000Z
15000022,1,16000011,16000096,16000009,16000070,16000051,16000043,20260406T181701.000Z
15000118,0,16000020,16000004,16000099,16000026,16000030,16000001,20260406T151909.000Z
15000118,0,16000020,16000004,16000099,16000026,16000030,16000001,20260406T151742.000Z
15000019,0,16000039,16000003,16000074,16000005,16000027,16000007,20260406T151221.000Z
15000019,0,16000039,16000003,16000074,16000005,16000027,16000007,20260406T150954.000Z
15000019,1,16000039,16000003,16000074,16000005,16000027,16000007,20260406T150705.000Z
15000368,1,16000011,16000064,16000019,16000042,16000015,16000004,20260406T150146.000Z
15000368,1,16000011,16000064,16000019,16000042,16000015,16000004,20260406T145948.000Z
15000306,1,16000089,16000012,16000019,16000098,16000063,16000029,20260406T184641.000Z
15000306,1,16000089,16000012,16000019,16000098,16000063,16000029,20260406T184439.000Z
15000010,0,16000099,16000011,16000025,16000063,16000000,16000074,20260406T183453.000Z
15000010,1,16000099,16000011,16000025,16000063,16000000,16000074,20260406T183240.000Z
15000010,0,16000099,16000011,16000025,16000063,16000000,16000074,20260406T183050.000Z
15000368,1,16000037,16000023,16000046,16000012,16000005,16000011,20260406T182546.000Z
15000368,1,16000037,16000023,16000046,16000012,16000005,16000011,20260406T182413.000Z
15000132,1,16000059,16000012,16000023,16000044,16000099,16000001,20260406T181940.000Z
15000132,1,16000059,16000012,16000023,16000044,16000099,16000001,20260406T181647.000Z
15000143,0,16000005,16000012,16000001,16000040,16000023,16000084,20260406T181101.000Z
15000143,0,16000005,16000012,16000001,16000040,16000023,16000084,20260406T180812.000Z
15000050,0,16000004,16000063,16000012,16000014,16000001,16000023,20260406T175348.000Z
15000050,0,16000004,16000063,16000012,16000014,16000001,16000023,20260406T175201.000Z
15000050,1,16000023,16000004,16000086,16000020,16000063,16000008,20260406T172422.000Z
15000050,1,16000023,16000004,16000086,16000020,16000063,16000008,20260406T172325.000Z
15000050,0,16000023,16000004,16000086,16000020,16000063,16000008,20260406T172215.000Z
15000368,0,16000003,16000061,16000005,16000046,16000022,16000079,20260406T171711.000Z
15000368,0,16000003,16000061,16000005,16000046,16000022,16000079,20260406T171428.000Z
15000548,0,16000046,16000061,16000036,16000015,16000056,16000005,20260406T170811.000Z
15000548,0,16000046,16000061,16000036,16000015,16000056,16000005,20260406T170549.000Z
15000132,0,16000005,16000011,16000004,16000012,16000025,16000103,20260406T170119.000Z
15000132,0,16000005,16000011,16000004,16000012,16000025,16000103,20260406T165831.000Z
15000132,1,16000005,16000011,16000004,16000012,16000025,16000103,20260406T165636.000Z
15000306,0,16000063,16000103,16000005,16000011,16000012,16000098,20260406T162521.000Z
15000306,0,16000063,16000103,16000005,16000011,16000012,16000098,20260406T162317.000Z
15000306,1,16000063,16000103,16000005,16000011,16000012,16000098,20260406T162114.000Z
15000050,0,16000084,16000030,16000059,16000089,16000002,16000023,20260406T161528.000Z
15000050,1,16000084,16000030,16000059,16000089,16000002,16000023,20260406T161334.000Z
15000050,0,16000084,16000030,16000059,16000089,16000002,16000023,20260406T161223.000Z
15000010,1,16000063,16000086,16000099,16000004,16000002,16000089,20260406T160724.000Z
15000010,1,16000063,16000086,16000099,16000004,16000002,16000089,20260406T160540.000Z
15000118,1,16000086,16000102,16000012,16000059,16000011,16000023,20260406T160017.000Z
15000118,1,16000086,16000102,16000012,16000059,16000011,16000023,20260406T155917.000Z
15000019,1,16000081,16000056,16000001,16000103,16000015,16000078,20260406T153923.000Z
15000019,1,16000081,16000056,16000001,16000103,16000015,16000078,20260406T153700.000Z
15000548,0,16000036,16000042,16000003,16000061,16000079,16000021,20260406T153147.000Z
15000548,0,16000036,16000042,16000003,16000061,16000079,16000021,20260406T153036.000Z
15000703,1,16000019,16000023,16000012,16000021,16000003,16000102,20260406T185015.000Z
15000703,1,16000019,16000023,16000012,16000021,16000003,16000102,20260406T184831.000Z
15000293,1,16000008,16000103,16000083,16000026,16000023,16000070,20260406T184419.000Z
15000293,1,16000008,16000103,16000083,16000026,16000023,16000070,20260406T184218.000Z
15000050,0,16000070,16000083,16000087,16000023,16000063,16000029,20260406T183719.000Z
15000050,1,16000070,16000083,16000087,16000023,16000063,16000029,20260406T183623.000Z
15000050,0,16000070,16000083,16000087,16000023,16000063,16000029,20260406T183334.000Z
15000703,0,16000044,16000000,16000021,16000061,16000011,16000042,20260406T182929.000Z
15000703,0,16000044,16000000,16000021,16000061,16000011,16000042,20260406T182538.000Z
15000703,1,16000044,16000000,16000021,16000061,16000011,16000042,20260406T182402.000Z
15000019,1,16000005,16000012,16000019,16000078,16000001,16000027,20260406T181715.000Z
15000019,1,16000005,16000012,16000019,16000078,16000001,16000027,20260406T181500.000Z
15000019,0,16000005,16000012,16000019,16000078,16000001,16000027,20260406T181211.000Z
15000703,0,16000005,16000044,16000042,16000037,16000061,16000012,20260406T173353.000Z
15000703,0,16000005,16000044,16000042,16000037,16000061,16000012,20260406T173136.000Z
15000703,1,16000005,16000044,16000042,16000037,16000061,16000012,20260406T172907.000Z
15000010,0,16000026,16000083,16000017,16000005,16000095,16000103,20260406T172136.000Z
15000010,1,16000026,16000083,16000017,16000005,16000095,16000103,20260406T171935.000Z
15000083,0,16000065,16000044,16000099,16000015,16000089,16000021,20260406T171157.000Z
15000083,0,16000065,16000044,16000099,16000015,16000089,16000021,20260406T170938.000Z
15000018,1,16000083,16000079,16000025,16000095,16000023,16000001,20260406T170356.000Z
15000018,1,16000083,16000079,16000025,16000095,16000023,16000001,20260406T170108.000Z
15000292,0,16000099,16000005,16000059,16000098,16000044,16000012,20260406T165614.000Z
15000292,0,16000099,16000005,16000059,16000098,16000044,16000012,20260406T165442.000Z
15000132,1,16000014,16000002,16000102,16000001,16000025,16000083,20260406T184528.000Z
15000132,1,16000014,16000002,16000102,16000001,16000025,16000083,20260406T184420.000Z
15000072,0,16000078,16000003,16000005,16000004,16000015,16000079,20260406T183710.000Z
15000300,1,16000023,16000102,16000083,16000014,16000030,16000027,20260406T182947.000Z
15000300,1,16000023,16000102,16000083,16000014,16000030,16000027,20260406T182739.000Z
15000292,0,16000023,16000063,16000089,16000011,16000038,16000020,20260406T182250.000Z
15000292,0,16000023,16000063,16000089,16000011,16000038,16000020,20260406T182044.000Z
15000548,1,16000011,16000003,16000023,16000001,16000004,16000022,20260406T181559.000Z
15000548,1,16000011,16000003,16000023,16000001,16000004,16000022,20260406T181405.000Z
15000007,1,16000023,16000102,16000030,16000012,16000005,16000010,20260406T181018.000Z
15000007,1,16000023,16000102,16000030,16000012,16000005,16000010,20260406T180752.000Z
15000440,0,16000047,16000021,16000012,16000042,16000023,16000089,20260406T180241.000Z
15000440,0,16000047,16000021,16000012,16000042,16000023,16000089,20260406T175922.000Z
15000703,1,16000023,16000103,16000089,16000056,16000061,16000093,20260406T174850.000Z
15000703,1,16000023,16000103,16000089,16000056,16000061,16000093,20260406T174549.000Z
15000132,1,16000063,16000002,16000102,16000035,16000070,16000059,20260406T174145.000Z
15000132,1,16000063,16000002,16000102,16000035,16000070,16000059,20260406T173953.000Z
15000306,1,16000011,16000023,16000102,16000030,16000069,16000028,20260406T173525.000Z
15000306,1,16000011,16000023,16000102,16000030,16000069,16000028,20260406T173316.000Z
15000053,1,16000083,16000075,16000004,16000030,16000002,16000008,20260406T175422.000Z
15000053,0,16000083,16000075,16000004,16000030,16000002,16000008,20260406T175208.000Z
15000053,1,16000083,16000075,16000004,16000030,16000002,16000008,20260406T175010.000Z
15000440,1,16000047,16000074,16000026,16000090,16000025,16000061,20260406T174538.000Z
15000440,1,16000047,16000074,16000026,16000090,16000025,16000061,20260406T174411.000Z
15000072,1,16000074,16000036,16000001,16000042,16000025,16000046,20260406T173819.000Z
15000072,1,16000074,16000036,16000001,16000042,16000025,16000046,20260406T173531.000Z
15000072,0,16000001,16000073,16000029,16000075,16000074,16000012,20260406T172928.000Z
15000072,1,16000001,16000073,16000029,16000075,16000074,16000012,20260406T172723.000Z
15000072,0,16000001,16000073,16000029,16000075,16000074,16000012,20260406T172511.000Z
15000007,1,16000089,16000047,16000023,16000005,16000025,16000012,20260406T171952.000Z
15000007,1,16000089,16000047,16000023,16000005,16000025,16000012,20260406T171739.000Z
15000019,0,16000015,16000001,16000056,16000003,16000083,16000079,20260405T211633.000Z
15000019,0,16000015,16000001,16000056,16000003,16000083,16000079,20260405T211410.000Z
15000010,1,16000044,16000012,16000063,16000014,16000070,16000099,20260405T210641.000Z
15000010,1,16000044,16000012,16000063,16000014,16000070,16000099,20260405T210504.000Z
15000010,0,16000044,16000012,16000063,16000014,16000070,16000099,20260405T210305.000Z
15000440,1,16000003,16000021,16000023,16000071,16000047,16000046,20260405T205818.000Z
15000440,0,16000003,16000021,16000023,16000071,16000047,16000046,20260405T205541.000Z
15000440,1,16000003,16000021,16000023,16000071,16000047,16000046,20260405T205214.000Z
15000293,0,16000089,16000002,16000070,16000087,16000096,16000026,20260405T204542.000Z
15000293,0,16000089,16000002,16000070,16000087,16000096,16000026,20260405T204350.000Z
15000018,1,16000040,16000012,16000078,16000079,16000005,16000036,20260405T203811.000Z
15000018,1,16000040,16000012,16000078,16000079,16000005,16000036,20260405T203539.000Z
15000115,1,16000044,16000059,16000040,16000083,16000005,16000063,20260405T202929.000Z
15000115,1,16000044,16000059,16000040,16000083,16000005,16000063,20260405T202715.000Z
15000005,0,16000021,16000066,16000046,16000036,16000023,16000061,20260405T202213.000Z
15000005,0,16000021,16000066,16000046,16000036,16000023,16000061,20260405T201954.000Z
15000053,1,16000025,16000026,16000001,16000103,16000012,16000004,20260405T201355.000Z
15000053,1,16000025,16000026,16000001,16000103,16000012,16000004,20260405T201211.000Z
15000368,1,16000021,16000011,16000103,16000097,16000098,16000099,20260406T115310.000Z
15000368,1,16000021,16000011,16000103,16000097,16000098,16000099,20260406T115202.000Z
15001021,1,16000002,16000089,16000023,16000004,16000026,16000031,20260406T114525.000Z
15001021,1,16000002,16000089,16000023,16000004,16000026,16000031,20260406T114355.000Z
15000440,1,16000025,16000081,16000014,16000047,16000098,16000044,20260406T114003.000Z
15000440,1,16000025,16000081,16000014,16000047,16000098,16000044,20260406T113808.000Z
15000703,1,16000064,16000014,16000005,16000079,16000072,16000021,20260406T113447.000Z
15000703,1,16000064,16000014,16000005,16000079,16000072,16000021,20260406T113207.000Z
15000050,0,16000004,16000014,16000001,16000059,16000086,16000063,20260406T112655.000Z
15000050,0,16000004,16000014,16000001,16000059,16000086,16000063,20260406T112511.000Z
15000050,1,16000004,16000014,16000001,16000059,16000086,16000063,20260406T112412.000Z
15000368,0,16000031,16000075,16000042,16000099,16000048,16000003,20260406T111826.000Z
15000368,0,16000031,16000075,16000042,16000099,16000048,16000003,20260406T111545.000Z
15000083,1,16000046,16000005,16000026,16000022,16000019,16000003,20260406T110854.000Z
15000083,1,16000046,16000005,16000026,16000022,16000019,16000003,20260406T110651.000Z
15000115,1,16000011,16000083,16000029,16000014,16000102,16000042,20260406T110106.000Z
15000115,1,16000011,16000083,16000029,16000014,16000102,16000042,20260406T105858.000Z
15000072,0,16000001,16000004,16000003,16000040,16000079,16000046,20260406T065917.000Z
15000072,0,16000001,16000004,16000003,16000040,16000079,16000046,20260406T065634.000Z
15000115,0,16000103,16000023,16000070,16000014,16000063,16000011,20260406T064916.000Z
15000115,0,16000103,16000023,16000070,16000014,16000063,16000011,20260406T064707.000Z
15000703,0,16000061,16000002,16000097,16000043,16000023,16000012,20260406T061247.000Z
15000703,1,16000061,16000002,16000097,16000043,16000023,16000012,20260406T061059.000Z
15000703,0,16000061,16000002,16000097,16000043,16000023,16000012,20260406T060908.000Z
15000050,0,16000102,16000011,16000004,16000071,16000103,16000063,20260406T060326.000Z
15000050,0,16000102,16000011,16000004,16000071,16000103,16000063,20260406T060127.000Z
15000050,1,16000102,16000011,16000004,16000071,16000103,16000063,20260406T055915.000Z
15001021,1,16000005,16000011,16000012,16000038,16000066,16000102,20260406T055552.000Z
15001021,1,16000005,16000011,16000012,16000038,16000066,16000102,20260406T055259.000Z
15001021,0,16000005,16000011,16000012,16000038,16000066,16000102,20260406T055025.000Z
15000306,1,16000002,16000011,16000098,16000077,16000026,16000005,20260406T054409.000Z
15000306,1,16000002,16000011,16000098,16000077,16000026,16000005,20260406T054204.000Z
15000440,1,16000065,16000099,16000012,16000003,16000079,16000064,20260406T053539.000Z
15000440,0,16000065,16000099,16000012,16000003,16000079,16000064,20260406T053149.000Z
15000440,1,16000065,16000099,16000012,16000003,16000079,16000064,20260406T052943.000Z
15000306,1,16000012,16000085,16000001,16000050,16000077,16000097,20260406T052435.000Z
15000306,1,16000012,16000085,16000001,16000050,16000077,16000097,20260406T052246.000Z
15000018,0,16000005,16000001,16000042,16000002,16000099,16000036,20260406T051722.000Z
15000018,0,16000005,16000001,16000042,16000002,16000099,16000036,20260406T051435.000Z
15000143,1,16000004,16000023,16000001,16000090,16000012,16000045,20260406T171214.000Z
15000143,1,16000004,16000023,16000001,16000090,16000012,16000045,20260406T171107.000Z
15000143,1,16000012,16000011,16000005,16000063,16000089,16000099,20260406T175216.000Z
15000143,1,16000012,16000011,16000005,16000063,16000089,16000099,20260406T175107.000Z
15000115,0,16000012,16000063,16000059,16000005,16000052,16000023,20260406T174639.000Z
15000115,1,16000012,16000063,16000059,16000005,16000052,16000023,20260406T174444.000Z
15000115,0,16000012,16000063,16000059,16000005,16000052,16000023,20260406T174306.000Z
15001021,1,16000014,16000012,16000063,16000099,16000001,16000083,20260406T173737.000Z
15001021,1,16000014,16000012,16000063,16000099,16000001,16000083,20260406T173556.000Z
15000053,1,16000025,16000001,16000091,16000008,16000063,16000094,20260406T172901.000Z
15000053,1,16000025,16000001,16000091,16000008,16000063,16000094,20260406T172713.000Z
15000703,1,16000089,16000102,16000003,16000061,16000021,16000023,20260406T142255.000Z
15000703,0,16000089,16000102,16000003,16000061,16000021,16000023,20260406T142050.000Z
15000703,1,16000089,16000102,16000003,16000061,16000021,16000023,20260406T141733.000Z
15000022,0,16000012,16000099,16000074,16000064,16000023,16000005,20260406T141309.000Z
15000022,0,16000012,16000099,16000074,16000064,16000023,16000005,20260406T141051.000Z
15000300,1,16000012,16000092,16000095,16000042,16000005,16000086,20260406T112202.000Z
15000300,1,16000012,16000092,16000095,16000042,16000005,16000086,20260406T112025.000Z
15000300,0,16000012,16000092,16000095,16000042,16000005,16000086,20260406T111823.000Z
15000440,0,16000047,16000085,16000012,16000011,16000021,16000098,20260406T110711.000Z
15000440,0,16000047,16000085,16000012,16000011,16000021,16000098,20260406T110445.000Z
15000118,1,16000098,16000014,16000061,16000083,16000003,16000089,20260406T105927.000Z
15000118,0,16000098,16000014,16000061,16000083,16000003,16000089,20260406T105733.000Z
15000118,1,16000098,16000014,16000061,16000083,16000003,16000089,20260406T105458.000Z
15000019,0,16000094,16000079,16000025,16000056,16000018,16000005,20260406T104959.000Z
15000019,1,16000094,16000079,16000025,16000056,16000018,16000005,20260406T104711.000Z
15000019,0,16000094,16000079,16000025,16000056,16000018,16000005,20260406T104504.000Z
15000548,1,16000042,16000012,16000023,16000011,16000097,16000021,20260406T175357.000Z
15000548,1,16000042,16000012,16000023,16000011,16000097,16000021,20260406T175136.000Z
15000548,0,16000021,16000072,16000003,16000079,16000015,16000061,20260406T185059.000Z
15000548,1,16000021,16000072,16000003,16000079,16000015,16000061,20260406T184852.000Z
15000022,1,16000021,16000012,16000061,16000011,16000042,16000079,20260406T184358.000Z
15000022,1,16000021,16000012,16000061,16000011,16000042,16000079,20260406T184140.000Z
15001021,1,16000023,16000099,16000005,16000001,16000059,16000044,20260406T183455.000Z
15001021,1,16000023,16000099,16000005,16000001,16000059,16000044,20260406T183353.000Z
15001021,0,16000023,16000099,16000005,16000001,16000059,16000044,20260406T183202.000Z
15000010,0,16000002,16000014,16000061,16000004,16000012,16000011,20260406T182703.000Z
15000010,0,16000002,16000014,16000061,16000004,16000012,16000011,20260406T182507.000Z
15000025,1,16000012,16000023,16000030,16000044,16000026,16000005,20260406T181806.000Z
15000025,1,16000012,16000023,16000030,16000044,16000026,16000005,20260406T181644.000Z
15000005,0,16000079,16000023,16000064,16000046,16000001,16000021,20260406T181108.000Z
15000005,0,16000079,16000023,16000064,16000046,16000001,16000021,20260406T180850.000Z
15000005,1,16000079,16000023,16000064,16000046,16000001,16000021,20260406T180640.000Z
15000072,1,16000002,16000012,16000079,16000078,16000001,16000036,20260406T180209.000Z
15000072,1,16000002,16000012,16000079,16000078,16000001,16000036,20260406T180024.000Z
15000025,1,16000070,16000000,16000005,16000099,16000006,16000026,20260406T175700.000Z
15000025,1,16000070,16000000,16000005,16000099,16000006,16000026,20260406T175501.000Z
15000143,0,16000063,16000089,16000099,16000012,16000011,16000005,20260406T175216.000Z
15000143,0,16000063,16000089,16000099,16000012,16000011,16000005,20260406T175107.000Z
15000300,0,16000014,16000012,16000002,16000097,16000103,16000005,20260406T174534.000Z
15000300,0,16000014,16000012,16000002,16000097,16000103,16000005,20260406T174234.000Z
15000019,1,16000015,16000079,16000025,16000039,16000065,16000004,20260405T130341.000Z
15000019,1,16000015,16000079,16000025,16000039,16000065,16000004,20260405T130052.000Z
15000019,0,16000015,16000079,16000025,16000039,16000065,16000004,20260405T125803.000Z
15000053,0,16000004,16000082,16000026,16000073,16000001,16000070,20260406T032521.000Z
15000053,1,16000004,16000082,16000026,16000073,16000001,16000070,20260406T032347.000Z
15000053,0,16000004,16000082,16000026,16000073,16000001,16000070,20260406T032229.000Z
15000083,1,16000044,16000023,16000099,16000042,16000025,16000089,20260404T131439.000Z
15000083,1,16000044,16000023,16000099,16000042,16000025,16000089,20260404T131225.000Z
15000083,0,16000044,16000023,16000099,16000042,16000025,16000089,20260404T131029.000Z
15000143,0,16000089,16000005,16000077,16000012,16000098,16000002,20260406T185029.000Z
15000143,1,16000089,16000005,16000077,16000012,16000098,16000002,20260406T184739.000Z
15000143,0,16000089,16000005,16000077,16000012,16000098,16000002,20260406T184451.000Z
15000018,1,16000075,16000025,16000074,16000083,16000078,16000042,20260406T183847.000Z
15000018,1,16000075,16000025,16000074,16000083,16000078,16000042,20260406T183605.000Z
15000143,1,16000089,16000004,16000083,16000023,16000001,16000045,20260406T183100.000Z
15000143,1,16000089,16000004,16000083,16000023,16000001,16000045,20260406T182812.000Z
15000143,0,16000089,16000004,16000083,16000023,16000001,16000045,20260406T182616.000Z
15000132,1,16000063,16000012,16000044,16000001,16000005,16000023,20260406T182015.000Z
15000132,0,16000063,16000012,16000044,16000001,16000005,16000023,20260406T181727.000Z
15000132,1,16000063,16000012,16000044,16000001,16000005,16000023,20260406T181523.000Z
15000293,0,16000077,16000066,16000026,16000011,16000005,16000012,20260406T154226.000Z
15000293,0,16000077,16000066,16000026,16000011,16000005,16000012,20260406T154003.000Z
15000703,1,16000044,16000061,16000005,16000099,16000065,16000003,20260406T152620.000Z
15000703,0,16000044,16000061,16000005,16000099,16000065,16000003,20260406T152331.000Z
15000703,1,16000044,16000061,16000005,16000099,16000065,16000003,20260406T152018.000Z
15000022,0,16000023,16000036,16000015,16000029,16000046,16000012,20260406T151348.000Z
15000022,0,16000023,16000036,16000015,16000029,16000046,16000012,20260406T151130.000Z
15000022,1,16000023,16000036,16000015,16000029,16000046,16000012,20260406T150936.000Z
15000368,0,16000011,16000025,16000004,16000070,16000065,16000077,20260406T003215.000Z
15000368,0,16000011,16000025,16000004,16000070,16000065,16000077,20260406T002945.000Z
15000368,1,16000011,16000025,16000004,16000070,16000065,16000077,20260406T002710.000Z
15000018,0,16000056,16000103,16000075,16000004,16000012,16000083,20260406T002020.000Z
15000018,0,16000056,16000103,16000075,16000004,16000012,16000083,20260406T001841.000Z
15000082,0,16000059,16000075,16000089,16000005,16000064,16000071,20260406T001344.000Z
15000082,0,16000059,16000075,16000089,16000005,16000064,16000071,20260406T001147.000Z
15000019,1,16000078,16000103,16000005,16000025,16000014,16000012,20260406T000626.000Z
15000019,1,16000078,16000103,16000005,16000025,16000014,16000012,20260406T000414.000Z
15000018,1,16000056,16000070,16000001,16000011,16000079,16000075,20260405T235844.000Z
15000018,1,16000056,16000070,16000001,16000011,16000079,16000075,20260405T235557.000Z
15000018,0,16000056,16000070,16000001,16000011,16000079,16000075,20260405T235328.000Z
15000019,0,16000075,16000025,16000053,16000019,16000018,16000012,20260406T183501.000Z
15000019,0,16000075,16000025,16000053,16000019,16000018,16000012,20260406T183236.000Z
15000019,1,16000075,16000025,16000053,16000019,16000018,16000012,20260406T183018.000Z
15000306,0,16000005,16000098,16000089,16000014,16000047,16000026,20260406T182236.000Z
15000306,0,16000005,16000098,16000089,16000014,16000047,16000026,20260406T182014.000Z
15000005,0,16000036,16000021,16000083,16000042,16000061,16000023,20260406T181455.000Z
15000005,1,16000036,16000021,16000083,16000042,16000061,16000023,20260406T181237.000Z
15000005,0,16000036,16000021,16000083,16000042,16000061,16000023,20260406T181021.000Z
15000115,0,16000040,16000023,16000002,16000083,16000099,16000095,20260406T180441.000Z
15000115,0,16000040,16000023,16000002,16000083,16000099,16000095,20260406T180258.000Z
15000132,1,16000083,16000012,16000044,16000023,16000014,16000084,20260406T130622.000Z
15000132,1,16000083,16000012,16000044,16000023,16000014,16000084,20260406T130500.000Z
15000306,1,16000099,16000030,16000005,16000044,16000023,16000012,20260406T125757.000Z
15000306,1,16000099,16000030,16000005,16000044,16000023,16000012,20260406T125542.000Z
15000025,0,16000059,16000063,16000005,16000006,16000023,16000012,20260406T125019.000Z
15000025,0,16000059,16000063,16000005,16000006,16000023,16000012,20260406T124731.000Z
15000007,1,16000095,16000083,16000004,16000031,16000012,16000102,20260406T124120.000Z
15000007,1,16000095,16000083,16000004,16000031,16000012,16000102,20260406T123933.000Z
15000018,1,16000002,16000079,16000012,16000095,16000042,16000001,20260406T123443.000Z
15000018,1,16000002,16000079,16000012,16000095,16000042,16000001,20260406T123301.000Z
15000018,0,16000002,16000079,16000012,16000095,16000042,16000001,20260406T123030.000Z
15000005,1,16000065,16000015,16000036,16000042,16000021,16000061,20260406T091604.000Z
15000005,1,16000065,16000015,16000036,16000042,16000021,16000061,20260406T091358.000Z
15000005,0,16000065,16000015,16000036,16000042,16000021,16000061,20260406T091139.000Z
15000440,0,16000075,16000063,16000047,16000011,16000066,16000012,20260406T184700.000Z
15000440,0,16000075,16000063,16000047,16000011,16000066,16000012,20260406T184424.000Z
15000292,1,16000023,16000030,16000038,16000025,16000012,16000063,20260406T183833.000Z
15000292,1,16000023,16000030,16000038,16000025,16000012,16000063,20260406T183644.000Z
15000143,0,16000023,16000001,16000045,16000089,16000004,16000083,20260406T183100.000Z
15000143,0,16000023,16000001,16000045,16000089,16000004,16000083,20260406T182812.000Z
15000143,1,16000023,16000001,16000045,16000089,16000004,16000083,20260406T182616.000Z
15000306,0,16000084,16000023,16000012,16000061,16000030,16000029,20260406T182043.000Z
15000306,0,16000084,16000023,16000012,16000061,16000030,16000029,20260406T181815.000Z
15001021,0,16000001,16000089,16000020,16000026,16000102,16000045,20260406T174422.000Z
15001021,0,16000001,16000089,16000020,16000026,16000102,16000045,20260406T174135.000Z
15000050,1,16000020,16000099,16000001,16000068,16000004,16000102,20260406T173610.000Z
15000050,1,16000020,16000099,16000001,16000068,16000004,16000102,20260406T173401.000Z
15000083,1,16000061,16000042,16000011,16000099,16000089,16000064,20260406T172910.000Z
15000083,1,16000061,16000042,16000011,16000099,16000089,16000064,20260406T172700.000Z
15000368,0,16000001,16000023,16000011,16000102,16000022,16000004,20260406T172107.000Z
15000368,1,16000001,16000023,16000011,16000102,16000022,16000004,20260406T171725.000Z
15000292,1,16000016,16000026,16000030,16000023,16000014,16000001,20260405T143041.000Z
15000292,1,16000016,16000026,16000030,16000023,16000014,16000001,20260405T142836.000Z
15000132,1,16000045,16000063,16000083,16000005,16000059,16000049,20260405T142335.000Z
15000132,1,16000045,16000063,16000083,16000005,16000059,16000049,20260405T142152.000Z
15000132,0,16000045,16000063,16000083,16000005,16000059,16000049,20260405T141829.000Z
15000082,1,16000030,16000000,16000095,16000077,16000043,16000071,20260405T141217.000Z
15000082,1,16000030,16000000,16000095,16000077,16000043,16000071,20260405T141001.000Z
15000011,0,16000004,16000095,16000025,16000005,16000011,16000001,20260406T183949.000Z
15000011,1,16000004,16000095,16000025,16000005,16000011,16000001,20260406T183721.000Z
15000115,1,16000074,16000014,16000005,16000030,16000012,16000040,20260406T184653.000Z
15000115,1,16000074,16000014,16000005,16000030,16000012,16000040,20260406T184441.000Z
15000022,1,16000021,16000103,16000094,16000042,16000026,16000036,20260406T184020.000Z
15000703,0,16000079,16000021,16000036,16000098,16000003,16000042,20260406T155709.000Z
15000703,1,16000079,16000021,16000036,16000098,16000003,16000042,20260406T155409.000Z
15000703,0,16000079,16000021,16000036,16000098,16000003,16000042,20260406T155248.000Z
15000005,0,16000011,16000064,16000023,16000002,16000021,16000061,20260406T154848.000Z
15000005,0,16000011,16000064,16000023,16000002,16000021,16000061,20260406T154706.000Z
15000368,1,16000065,16000004,16000042,16000061,16000005,16000079,20260406T153858.000Z
15000368,0,16000065,16000004,16000042,16000061,16000005,16000079,20260406T153544.000Z
15000368,1,16000065,16000004,16000042,16000061,16000005,16000079,20260406T153313.000Z
15000306,0,16000077,16000014,16000044,16000019,16000063,16000011,20260406T152748.000Z
15000306,0,16000077,16000014,16000044,16000019,16000063,16000011,20260406T152612.000Z
15000019,1,16000056,16000018,16000019,16000078,16000014,16000075,20260406T151014.000Z
15000019,1,16000056,16000018,16000019,16000078,16000014,16000075,20260406T150846.000Z
15000072,1,16000001,16000078,16000040,16000059,16000079,16000036,20260406T150459.000Z
15000072,1,16000001,16000078,16000040,16000059,16000079,16000036,20260406T150211.000Z
15000083,1,16000103,16000042,16000046,16000036,16000005,16000061,20260406T101220.000Z
15000083,1,16000103,16000042,16000046,16000036,16000005,16000061,20260406T101023.000Z
15000019,1,16000001,16000095,16000012,16000047,16000003,16000025,20260406T095944.000Z
15000019,1,16000001,16000095,16000012,16000047,16000003,16000025,20260406T095711.000Z
15000368,1,16000023,16000042,16000003,16000037,16000004,16000012,20260406T095154.000Z
15000368,1,16000023,16000042,16000003,16000037,16000004,16000012,20260406T094848.000Z
15000005,0,16000042,16000015,16000036,16000023,16000061,16000003,20260406T093938.000Z
15000005,0,16000042,16000015,16000036,16000023,16000061,16000003,20260406T093719.000Z
15000115,1,16000002,16000063,16000059,16000011,16000070,16000099,20260406T043950.000Z
15000115,1,16000002,16000063,16000059,16000011,16000070,16000099,20260406T043751.000Z
15000115,0,16000002,16000063,16000059,16000011,16000070,16000099,20260406T043557.000Z
15000025,1,16000023,16000099,16000063,16000074,16000011,16000012,20260406T042616.000Z
15000025,1,16000023,16000099,16000063,16000074,16000011,16000012,20260406T042355.000Z
15000022,1,16000092,16000005,16000012,16000022,16000015,16000004,20260406T185022.000Z
15000292,1,16000102,16000001,16000063,16000047,16000022,16000038,20260406T184539.000Z
15000082,1,16000023,16000103,16000038,16000029,16000007,16000070,20260406T184311.000Z
15000118,1,16000010,16000102,16000014,16000054,16000070,16000001,20260406T184035.000Z
15000007,1,16000009,16000007,16000014,16000070,16000063,16000054,20260406T183640.000Z
15001021,0,16000005,16000023,16000083,16000063,16000089,16000098,20260406T111513.000Z
15001021,1,16000005,16000023,16000083,16000063,16000089,16000098,20260406T111246.000Z
15001021,0,16000005,16000023,16000083,16000063,16000089,16000098,20260406T110945.000Z
15000368,1,16000011,16000099,16000079,16000003,16000012,16000005,20260406T110121.000Z
15000368,1,16000011,16000099,16000079,16000003,16000012,16000005,20260406T105827.000Z
15000072,0,16000094,16000079,16000036,16000001,16000040,16000103,20260406T105250.000Z
15000072,0,16000094,16000079,16000036,16000001,16000040,16000103,20260406T105026.000Z
15000072,1,16000094,16000079,16000036,16000001,16000040,16000103,20260406T104748.000Z
15000300,1,16000092,16000095,16000040,16000026,16000030,16000014,20260406T103247.000Z
15000300,1,16000092,16000095,16000040,16000026,16000030,16000014,20260406T103118.000Z
15000018,0,16000001,16000094,16000040,16000078,16000079,16000099,20260405T184832.000Z
15000018,1,16000001,16000094,16000040,16000078,16000079,16000099,20260405T184559.000Z
15000018,0,16000001,16000094,16000040,16000078,16000079,16000099,20260405T184311.000Z
15000011,1,16000023,16000040,16000052,16000005,16000095,16000099,20260405T183457.000Z
15000011,1,16000023,16000040,16000052,16000005,16000095,16000099,20260405T183235.000Z
15000022,1,16000061,16000099,16000023,16000032,16000012,16000094,20260405T182515.000Z
15000022,1,16000061,16000099,16000023,16000032,16000012,16000094,20260405T182257.000Z
15000022,0,16000061,16000099,16000023,16000032,16000012,16000094,20260405T182039.000Z
15000118,0,16000012,16000001,16000005,16000102,16000045,16000058,20260403T093412.000Z
15000118,0,16000012,16000001,16000005,16000102,16000045,16000058,20260403T093245.000Z
15000011,1,16000097,16000004,16000099,16000085,16000044,16000102,20260403T092651.000Z
15000011,1,16000097,16000004,16000099,16000085,16000044,16000102,20260403T092454.000Z
15000072,1,16000103,16000040,16000073,16000074,16000065,16000001,20260403T091514.000Z
15000072,1,16000103,16000040,16000073,16000074,16000065,16000001,20260403T091308.000Z
15000083,1,16000061,16000065,16000098,16000099,16000089,16000026,20260403T090844.000Z
15000083,1,16000061,16000065,16000098,16000099,16000089,16000026,20260403T090630.000Z
15000050,0,16000026,16000074,16000068,16000062,16000017,16000095,20260403T090156.000Z
15000050,1,16000026,16000074,16000068,16000062,16000017,16000095,20260403T090000.000Z
15000050,0,16000026,16000074,16000068,16000062,16000017,16000095,20260403T085756.000Z
15000022,0,16000085,16000005,16000013,16000012,16000023,16000042,20260406T073935.000Z
15000022,0,16000085,16000005,16000013,16000012,16000023,16000042,20260406T073716.000Z
15000022,1,16000011,16000076,16000042,16000002,16000059,16000066,20260406T073139.000Z
15000022,1,16000011,16000076,16000042,16000002,16000059,16000066,20260406T072921.000Z
15000293,0,16000001,16000005,16000011,16000002,16000070,16000077,20260406T072356.000Z
15000293,1,16000001,16000005,16000011,16000002,16000070,16000077,20260406T072201.000Z
15000293,0,16000001,16000005,16000011,16000002,16000070,16000077,20260406T071952.000Z
15000053,0,16000030,16000078,16000005,16000070,16000075,16000001,20260406T065826.000Z
15000053,0,16000030,16000078,16000005,16000070,16000075,16000001,20260406T065731.000Z
15000053,0,16000097,16000099,16000078,16000002,16000030,16000004,20260406T065330.000Z
15000053,0,16000097,16000099,16000078,16000002,16000030,16000004,20260406T065155.000Z
15000132,1,16000063,16000085,16000084,16000002,16000099,16000001,20260406T064408.000Z
15000132,1,16000063,16000085,16000084,16000002,16000099,16000001,20260406T064155.000Z
15000018,0,16000086,16000012,16000011,16000014,16000099,16000002,20260406T063734.000Z
15000018,0,16000086,16000012,16000011,16000014,16000099,16000002,20260406T063452.000Z
15000050,0,16000005,16000008,16000023,16000067,16000012,16000059,20260406T062919.000Z
15000050,0,16000005,16000008,16000023,16000067,16000012,16000059,20260406T062630.000Z
15000005,1,16000036,16000061,16000015,16000079,16000046,16000048,20260406T062230.000Z
15000005,1,16000036,16000061,16000015,16000079,16000046,16000048,20260406T062011.000Z
15000083,1,16000005,16000098,16000011,16000029,16000059,16000085,20260406T053047.000Z
15000083,1,16000005,16000098,16000011,16000029,16000059,16000085,20260406T052830.000Z
15000306,1,16000014,16000050,16000077,16000011,16000008,16000026,20260404T232747.000Z
15000306,1,16000014,16000050,16000077,16000011,16000008,16000026,20260404T232606.000Z
15000005,1,16000061,16000042,16000103,16000015,16000065,16000023,20260404T232151.000Z
15000005,1,16000061,16000042,16000103,16000015,16000065,16000023,20260404T231934.000Z
15000007,1,16000070,16000103,16000044,16000004,16000012,16000081,20260404T231439.000Z
15000007,0,16000070,16000103,16000044,16000004,16000012,16000081,20260404T231234.000Z
15000007,1,16000070,16000103,16000044,16000004,16000012,16000081,20260404T231034.000Z
15000082,0,16000021,16000064,16000061,16000099,16000011,16000098,20260404T230531.000Z
15000082,1,16000021,16000064,16000061,16000099,16000011,16000098,20260404T230410.000Z
15000082,0,16000021,16000064,16000061,16000099,16000011,16000098,20260404T230212.000Z
15000019,1,16000079,16000018,16000025,16000075,16000103,16000001,20260404T225516.000Z
15000019,1,16000079,16000018,16000025,16000075,16000103,16000001,20260404T225245.000Z
15000019,0,16000079,16000018,16000025,16000075,16000103,16000001,20260404T225037.000Z
15000306,0,16000014,16000002,16000103,16000098,16000011,16000023,20260404T224547.000Z
15000306,0,16000014,16000002,16000103,16000098,16000011,16000023,20260404T224259.000Z
15000306,1,16000014,16000002,16000103,16000098,16000011,16000023,20260404T224028.000Z
15000010,1,16000063,16000017,16000103,16000023,16000032,16000102,20260404T223611.000Z
15000010,1,16000063,16000017,16000103,16000023,16000032,16000102,20260404T223434.000Z
15000011,1,16000014,16000103,16000021,16000023,16000057,16000005,20260404T222844.000Z
15000011,1,16000014,16000103,16000021,16000023,16000057,16000005,20260404T222705.000Z
15000011,0,16000014,16000103,16000021,16000023,16000057,16000005,20260404T222519.000Z
15000132,1,16000002,16000103,16000023,16000050,16000047,16000012,20260404T222119.000Z
15000132,1,16000002,16000103,16000023,16000050,16000047,16000012,20260404T221830.000Z
15000300,0,16000029,16000081,16000101,16000014,16000085,16000012,20260404T221400.000Z
15000300,0,16000029,16000081,16000101,16000014,16000085,16000012,20260404T221149.000Z
15000306,0,16000012,16000099,16000019,16000097,16000014,16000092,20260406T183634.000Z
15000306,1,16000012,16000099,16000019,16000097,16000014,16000092,20260406T183432.000Z
15000306,0,16000012,16000099,16000019,16000097,16000014,16000092,20260406T183220.000Z
15000022,1,16000079,16000021,16000094,16000003,16000046,16000011,20260406T182627.000Z
15000022,1,16000079,16000021,16000094,16000003,16000046,16000011,20260406T182409.000Z
15000022,0,16000079,16000021,16000094,16000003,16000046,16000011,20260406T182151.000Z
15000007,0,16000023,16000099,16000076,16000030,16000004,16000002,20260406T181623.000Z
15000007,0,16000023,16000099,16000076,16000030,16000004,16000002,20260406T181410.000Z
15000025,1,16000012,16000099,16000026,16000089,16000004,16000098,20260406T180935.000Z
15000025,1,16000012,16000099,16000026,16000089,16000004,16000098,20260406T180657.000Z
15000072,0,16000036,16000073,16000095,16000078,16000001,16000059,20260406T180149.000Z
15000072,0,16000036,16000073,16000095,16000078,16000001,16000059,20260406T180016.000Z
15000072,1,16000002,16000001,16000079,16000073,16000005,16000074,20260406T174806.000Z
15000072,1,16000002,16000001,16000079,16000073,16000005,16000074,20260406T174611.000Z
15000072,0,16000002,16000001,16000079,16000073,16000005,16000074,20260406T174424.000Z
15000292,1,16000002,16000063,16000023,16000097,16000014,16000012,20260406T173700.000Z
15000292,1,16000002,16000063,16000023,16000097,16000014,16000012,20260406T173505.000Z
15000292,0,16000002,16000063,16000023,16000097,16000014,16000012,20260406T173255.000Z
15000072,0,16000003,16000012,16000046,16000081,16000001,16000056,20260406T172826.000Z
15000072,1,16000003,16000012,16000046,16000081,16000001,16000056,20260406T172547.000Z
15000072,0,16000003,16000012,16000046,16000081,16000001,16000056,20260406T172259.000Z
15000292,0,16000023,16000102,16000063,16000026,16000011,16000030,20260406T171730.000Z
15000292,0,16000023,16000102,16000063,16000026,16000011,16000030,20260406T171543.000Z
15000292,1,16000069,16000094,16000099,16000011,16000063,16000086,20260406T171139.000Z
15000292,1,16000069,16000094,16000099,16000011,16000063,16000086,20260406T171012.000Z
15000007,1,16000063,16000099,16000011,16000044,16000095,16000023,20260406T183947.000Z
15000007,0,16000063,16000099,16000011,16000044,16000095,16000023,20260406T183714.000Z
15000007,1,16000063,16000099,16000011,16000044,16000095,16000023,20260406T183502.000Z
15000132,0,16000001,16000023,16000102,16000012,16000095,16000063,20260406T182949.000Z
15000132,0,16000001,16000023,16000102,16000012,16000095,16000063,20260406T182856.000Z
15000548,0,16000076,16000011,16000021,16000003,16000079,16000002,20260406T181747.000Z
15000548,0,16000076,16000011,16000021,16000003,16000079,16000002,20260406T181530.000Z
15000011,1,16000084,16000023,16000099,16000059,16000017,16000040,20260406T180622.000Z
15000011,1,16000084,16000023,16000099,16000059,16000017,16000040,20260406T180438.000Z
15000011,0,16000084,16000023,16000099,16000059,16000017,16000040,20260406T180239.000Z
15000011,0,16000059,16000023,16000099,16000002,16000012,16000005,20260406T175730.000Z
15000011,0,16000059,16000023,16000099,16000002,16000012,16000005,20260406T175457.000Z
15000143,1,16000026,16000063,16000011,16000000,16000023,16000067,20260406T174743.000Z
15000143,1,16000026,16000063,16000011,16000000,16000023,16000067,20260406T174610.000Z
15000292,0,16000012,16000005,16000097,16000089,16000019,16000023,20260406T174146.000Z
15000292,1,16000012,16000005,16000097,16000089,16000019,16000023,20260406T173942.000Z
15000292,0,16000012,16000005,16000097,16000089,16000019,16000023,20260406T173718.000Z
15000115,0,16000102,16000011,16000001,16000012,16000023,16000059,20260406T173154.000Z
15000115,0,16000102,16000011,16000001,16000012,16000023,16000059,20260406T172959.000Z
15000306,0,16000011,16000064,16000030,16000002,16000001,16000005,20260406T172413.000Z
15000306,0,16000011,16000064,16000030,16000002,16000001,16000005,20260406T172154.000Z
15000306,1,16000011,16000064,16000030,16000002,16000001,16000005,20260406T172000.000Z
15000115,0,16000044,16000014,16000051,16000012,16000011,16000102,20260406T125132.000Z
15000115,0,16000044,16000014,16000051,16000012,16000011,16000102,20260406T124912.000Z
15000022,1,16000044,16000079,16000089,16000098,16000036,16000061,20260406T124405.000Z
15000022,0,16000044,16000079,16000089,16000098,16000036,16000061,20260406T124146.000Z
15000022,1,16000044,16000079,16000089,16000098,16000036,16000061,20260406T123928.000Z
15000050,0,16000023,16000004,16000084,16000011,16000063,16000099,20260406T123023.000Z
15000050,0,16000023,16000004,16000084,16000011,16000063,16000099,20260406T122827.000Z
15000050,1,16000023,16000004,16000084,16000011,16000063,16000099,20260406T122724.000Z
15000007,1,16000026,16000030,16000014,16000029,16000063,16000025,20260405T234552.000Z
15000007,1,16000026,16000030,16000014,16000029,16000063,16000025,20260405T234413.000Z
15000132,0,16000063,16000004,16000005,16000059,16000001,16000012,20260405T233709.000Z
15000132,0,16000063,16000004,16000005,16000059,16000001,16000012,20260405T233548.000Z
15000083,0,16000046,16000015,16000023,16000021,16000061,16000054,20260405T223717.000Z
15000083,1,16000046,16000015,16000023,16000021,16000061,16000054,20260405T223459.000Z
15000083,0,16000046,16000015,16000023,16000021,16000061,16000054,20260405T223240.000Z
15000022,0,16000023,16000065,16000036,16000063,16000061,16000042,20260405T204620.000Z
15000022,1,16000023,16000065,16000036,16000063,16000061,16000042,20260405T204412.000Z
15000022,0,16000023,16000065,16000036,16000063,16000061,16000042,20260405T204202.000Z
15000007,1,16000002,16000014,16000076,16000085,16000004,16000103,20260405T203442.000Z
15000007,1,16000002,16000014,16000076,16000085,16000004,16000103,20260405T203227.000Z
15000011,0,16000023,16000059,16000089,16000063,16000025,16000099,20260405T202822.000Z
15000011,0,16000023,16000059,16000089,16000063,16000025,16000099,20260405T202513.000Z
15000440,1,16000047,16000003,16000099,16000018,16000021,16000065,20260406T164117.000Z
15000440,1,16000047,16000003,16000099,16000018,16000021,16000065,20260406T163818.000Z
15000440,0,16000047,16000003,16000099,16000018,16000021,16000065,20260406T163543.000Z
15000018,0,16000078,16000042,16000099,16000001,16000094,16000005,20260406T163020.000Z
15000018,0,16000078,16000042,16000099,16000001,16000094,16000005,20260406T162741.000Z
15000050,1,16000028,16000063,16000095,16000000,16000005,16000102,20260406T162258.000Z
15000050,1,16000028,16000063,16000095,16000000,16000005,16000102,20260406T162019.000Z
15000050,0,16000028,16000063,16000095,16000000,16000005,16000102,20260406T161755.000Z
15000082,0,16000067,16000011,16000021,16000094,16000005,16000099,20260406T161153.000Z
15000082,0,16000067,16000011,16000021,16000094,16000005,16000099,20260406T160934.000Z
15000082,1,16000067,16000011,16000021,16000094,16000005,16000099,20260406T160715.000Z
15000011,0,16000095,16000023,16000005,16000030,16000028,16000063,20260406T155847.000Z
15000011,0,16000095,16000023,16000005,16000030,16000028,16000063,20260406T155657.000Z
15000050,1,16000102,16000012,16000011,16000030,16000023,16000081,20260406T155208.000Z
15000050,0,16000102,16000012,16000011,16000030,16000023,16000081,20260406T155048.000Z
15000050,1,16000102,16000012,16000011,16000030,16000023,16000081,20260406T154903.000Z
15000082,1,16000011,16000099,16000074,16000063,16000021,16000024,20260406T154225.000Z
15000082,1,16000011,16000099,16000074,16000063,16000021,16000024,20260406T154007.000Z
15000300,1,16000063,16000030,16000064,16000103,16000089,16000099,20260406T153502.000Z
15000300,1,16000063,16000030,16000064,16000103,16000089,16000099,20260406T153318.000Z
15000300,0,16000063,16000030,16000064,16000103,16000089,16000099,20260406T153105.000Z
15000082,0,16000090,16000021,16000064,16000099,16000071,16000076,20260406T152606.000Z
15000082,0,16000090,16000021,16000064,16000099,16000071,16000076,20260406T152420.000Z
15000018,0,16000078,16000073,16000079,16000099,16000001,16000070,20260406T151918.000Z
15000018,0,16000078,16000073,16000079,16000099,16000001,16000070,20260406T151715.000Z
15000703,0,16000003,16000099,16000061,16000012,16000036,16000064,20260406T172606.000Z
15000703,0,16000003,16000099,16000061,16000012,16000036,16000064,20260406T172434.000Z
15000143,0,16000026,16000004,16000083,16000002,16000084,16000044,20260406T171220.000Z
15000143,1,16000026,16000004,16000083,16000002,16000084,16000044,20260406T170931.000Z
15000143,0,16000026,16000004,16000083,16000002,16000084,16000044,20260406T170622.000Z
15000132,1,16000001,16000040,16000012,16000059,16000083,16000005,20260406T165959.000Z
15000132,1,16000001,16000040,16000012,16000059,16000083,16000005,20260406T165737.000Z
15000005,0,16000065,16000015,16000023,16000042,16000079,16000003,20260406T185239.000Z
15000005,0,16000065,16000015,16000023,16000042,16000079,16000003,20260406T185020.000Z
15000005,1,16000065,16000042,16000059,16000005,16000012,16000015,20260406T184543.000Z
15000005,1,16000065,16000042,16000059,16000005,16000012,16000015,20260406T184324.000Z
15000007,0,16000102,16000103,16000044,16000014,16000005,16000002,20260406T183848.000Z
15000007,0,16000102,16000103,16000044,16000014,16000005,16000002,20260406T183641.000Z
15000022,0,16000099,16000061,16000021,16000023,16000015,16000042,20260406T182829.000Z
15000022,1,16000099,16000061,16000021,16000023,16000015,16000042,20260406T182610.000Z
15000022,0,16000099,16000061,16000021,16000023,16000015,16000042,20260406T182352.000Z
15000083,0,16000065,16000021,16000100,16000023,16000059,16000025,20260406T181918.000Z
15000083,1,16000065,16000021,16000100,16000023,16000059,16000025,20260406T181659.000Z
15000083,0,16000065,16000021,16000100,16000023,16000059,16000025,20260406T181449.000Z
15000019,1,16000025,16000075,16000005,16000002,16000012,16000001,20260406T181019.000Z
15000019,1,16000025,16000075,16000005,16000002,16000012,16000001,20260406T180743.000Z
15000368,1,16000061,16000005,16000098,16000064,16000021,16000044,20260406T180130.000Z
15000368,1,16000061,16000005,16000098,16000064,16000021,16000044,20260406T175830.000Z
15000548,1,16000005,16000023,16000065,16000011,16000003,16000021,20260406T175242.000Z
15000548,1,16000005,16000023,16000065,16000011,16000003,16000021,20260406T175026.000Z
15000118,0,16000067,16000030,16000004,16000025,16000086,16000002,20260406T174507.000Z
15000118,1,16000067,16000030,16000004,16000025,16000086,16000002,20260406T174245.000Z
15000118,0,16000067,16000030,16000004,16000025,16000086,16000002,20260406T173943.000Z
15000005,1,16000079,16000097,16000023,16000012,16000036,16000021,20260406T182504.000Z
15000005,1,16000079,16000097,16000023,16000012,16000036,16000021,20260406T182246.000Z
15000022,1,16000042,16000025,16000089,16000029,16000065,16000021,20260406T185315.000Z
15000306,1,16000011,16000102,16000050,16000005,16000012,16000077,20260406T184811.000Z
15000306,1,16000011,16000102,16000050,16000005,16000012,16000077,20260406T184543.000Z
15000306,0,16000011,16000102,16000050,16000005,16000012,16000077,20260406T184300.000Z
15000050,1,16000029,16000004,16000077,16000059,16000020,16000005,20260406T183720.000Z
15000050,1,16000029,16000004,16000077,16000059,16000020,16000005,20260406T183624.000Z
15000022,1,16000042,16000022,16000099,16000046,16000023,16000003,20260406T182249.000Z
15000022,1,16000042,16000022,16000099,16000046,16000023,16000003,20260406T182102.000Z
15000022,0,16000042,16000022,16000099,16000046,16000023,16000003,20260406T181914.000Z
15000019,1,16000039,16000003,16000014,16000001,16000007,16000030,20260406T181225.000Z
15000019,1,16000039,16000003,16000014,16000001,16000007,16000030,20260406T181007.000Z
15000010,1,16000004,16000050,16000103,16000023,16000028,16000012,20260406T175151.000Z
15000010,1,16000004,16000050,16000103,16000023,16000028,16000012,20260406T174938.000Z
15000300,1,16000102,16000011,16000099,16000026,16000047,16000022,20260406T174536.000Z
15000300,1,16000102,16000011,16000099,16000026,16000047,16000022,20260406T174308.000Z
15000300,0,16000102,16000011,16000099,16000026,16000047,16000022,20260406T174123.000Z
15000306,1,16000030,16000013,16000102,16000012,16000000,16000049,20260406T042230.000Z
15000072,1,16000030,16000078,16000050,16000005,16000009,16000102,20260406T041838.000Z
15000548,1,16000099,16000005,16000015,16000001,16000046,16000029,20260406T041618.000Z
15000025,1,16000026,16000002,16000004,16000035,16000077,16000026,20260406T041300.000Z
15000050,1,16000004,16000071,16000028,16000013,16000020,16000012,20260406T040959.000Z
15000010,1,16000011,16000014,16000004,16000003,16000054,16000102,20260406T040452.000Z
15000022,1,16000079,16000099,16000023,16000030,16000043,16000012,20260406T040144.000Z
15000011,1,16000030,16000038,16000014,16000011,16000000,16000063,20260406T035834.000Z
15000306,1,16000014,16000006,16000054,16000000,16000014,16000019,20260406T035541.000Z
15000050,1,16000014,16000005,16000002,16000059,16000004,16000050,20260406T161301.000Z
15000050,1,16000014,16000005,16000002,16000059,16000004,16000050,20260406T161136.000Z
15000548,1,16000015,16000036,16000021,16000079,16000011,16000005,20260406T160707.000Z
15000548,1,16000015,16000036,16000021,16000079,16000011,16000005,20260406T160403.000Z
15000132,1,16000001,16000002,16000025,16000059,16000063,16000004,20260406T155933.000Z
15000132,1,16000001,16000002,16000025,16000059,16000063,16000004,20260406T155808.000Z
15000132,0,16000001,16000002,16000025,16000059,16000063,16000004,20260406T155545.000Z
15000143,1,16000008,16000082,16000070,16000086,16000012,16000043,20260406T180550.000Z
15000011,1,16000103,16000031,16000005,16000070,16000062,16000102,20260406T180233.000Z
15000115,1,16000011,16000043,16000103,16000043,16000023,16000054,20260406T175845.000Z
15000440,0,16000103,16000065,16000040,16000023,16000071,16000049,20260406T175602.000Z
15000292,0,16000014,16000099,16000013,16000017,16000012,16000011,20260406T140927.000Z
15000292,0,16000014,16000099,16000013,16000017,16000012,16000011,20260406T140735.000Z
15000143,0,16000070,16000012,16000023,16000005,16000001,16000083,20260406T140143.000Z
15000143,0,16000070,16000012,16000023,16000005,16000001,16000083,20260406T135854.000Z
15000368,1,16000098,16000064,16000071,16000011,16000004,16000021,20260406T135103.000Z
15000368,1,16000098,16000064,16000071,16000011,16000004,16000021,20260406T134914.000Z
15000368,0,16000023,16000064,16000071,16000050,16000077,16000003,20260406T134012.000Z
15000368,0,16000023,16000064,16000071,16000050,16000077,16000003,20260406T133801.000Z
15000368,1,16000023,16000064,16000071,16000050,16000077,16000003,20260406T133534.000Z
15000548,0,16000012,16000093,16000061,16000065,16000081,16000079,20260406T132950.000Z
15000548,0,16000012,16000093,16000061,16000065,16000081,16000079,20260406T132756.000Z
15001021,0,16000083,16000040,16000099,16000004,16000014,16000089,20260406T174243.000Z
15001021,0,16000083,16000040,16000099,16000004,16000014,16000089,20260406T173948.000Z
15000007,0,16000099,16000047,16000019,16000085,16000083,16000005,20260406T173210.000Z
15000007,1,16000099,16000047,16000019,16000085,16000083,16000005,20260406T173021.000Z
15000007,0,16000099,16000047,16000019,16000085,16000083,16000005,20260406T172757.000Z
15000072,1,16000001,16000078,16000070,16000073,16000012,16000039,20260406T165837.000Z
15000072,1,16000001,16000078,16000070,16000073,16000012,16000039,20260406T165638.000Z
15000548,1,16000079,16000042,16000061,16000003,16000021,16000046,20260406T164936.000Z
15000548,1,16000079,16000042,16000061,16000003,16000021,16000046,20260406T164608.000Z
15000548,0,16000079,16000042,16000061,16000003,16000021,16000046,20260406T164449.000Z
15000118,1,16000023,16000004,16000012,16000063,16000095,16000064,20260406T093030.000Z
15000118,1,16000023,16000004,16000012,16000063,16000095,16000064,20260406T092941.000Z
15000018,1,16000066,16000012,16000046,16000075,16000025,16000042,20260406T092158.000Z
15000018,1,16000066,16000012,16000046,16000075,16000025,16000042,20260406T091927.000Z
15000018,0,16000066,16000012,16000046,16000075,16000025,16000042,20260406T091639.000Z
15000082,1,16000061,16000012,16000098,16000006,16000002,16000089,20260406T171035.000Z
15000082,0,16000061,16000012,16000098,16000006,16000002,16000089,20260406T170817.000Z
15000082,1,16000061,16000012,16000098,16000006,16000002,16000089,20260406T170558.000Z
15000548,1,16000003,16000021,16000005,16000056,16000070,16000014,20260406T165857.000Z
15000548,1,16000003,16000021,16000005,16000056,16000070,16000014,20260406T165616.000Z
15000548,0,16000003,16000021,16000005,16000056,16000070,16000014,20260406T165419.000Z
15000368,0,16000099,16000031,16000003,16000061,16000048,16000046,20260406T164831.000Z
15000368,0,16000099,16000031,16000003,16000061,16000048,16000046,20260406T164542.000Z
15000368,1,16000099,16000031,16000003,16000061,16000048,16000046,20260406T164249.000Z
15000300,0,16000029,16000016,16000036,16000063,16000054,16000014,20260406T163626.000Z
15000300,0,16000029,16000016,16000036,16000063,16000054,16000014,20260406T163410.000Z
15000440,1,16000012,16000065,16000005,16000099,16000087,16000044,20260406T160807.000Z
15000440,0,16000012,16000065,16000005,16000099,16000087,16000044,20260406T160502.000Z
15000440,1,16000012,16000065,16000005,16000099,16000087,16000044,20260406T160321.000Z
15000300,1,16000020,16000054,16000023,16000039,16000011,16000052,20260406T170251.000Z
15001021,1,16000050,16000011,16000042,16000083,16000025,16000063,20260406T170017.000Z
15000368,0,16000030,16000005,16000022,16000023,16000003,16000070,20260406T165836.000Z
15000019,1,16000040,16000001,16000073,16000036,16000009,16000025,20260406T165507.000Z
15000022,0,16000009,16000014,16000103,16000015,16000001,16000048,20260406T165211.000Z
15000053,0,16000075,16000063,16000004,16000001,16000005,16000008,20260406T020649.000Z
15000053,0,16000075,16000063,16000004,16000001,16000005,16000008,20260406T020431.000Z
15000022,1,16000099,16000065,16000042,16000036,16000015,16000012,20260406T180803.000Z
15000022,0,16000099,16000065,16000042,16000036,16000015,16000012,20260406T180546.000Z
15000022,1,16000099,16000065,16000042,16000036,16000015,16000012,20260406T180328.000Z
15000143,1,16000001,16000059,16000012,16000044,16000069,16000063,20260406T145803.000Z
15000143,1,16000001,16000059,16000012,16000044,16000069,16000063,20260406T145515.000Z
15000019,1,16000075,16000073,16000012,16000002,16000001,16000056,20260406T144950.000Z
15000019,1,16000075,16000073,16000012,16000002,16000001,16000056,20260406T144806.000Z
15000011,1,16000023,16000004,16000003,16000089,16000099,16000014,20260406T160330.000Z
15000011,1,16000023,16000004,16000003,16000089,16000099,16000014,20260406T160140.000Z
15000011,0,16000023,16000004,16000003,16000089,16000099,16000014,20260406T155948.000Z
15000005,1,16000081,16000027,16000011,16000071,16000015,16000048,20260406T155305.000Z
15000005,1,16000081,16000027,16000011,16000071,16000015,16000048,20260406T155046.000Z
15000703,1,16000103,16000046,16000066,16000065,16000076,16000064,20260406T152058.000Z
15000703,1,16000103,16000046,16000066,16000065,16000076,16000064,20260406T151902.000Z
15000703,0,16000103,16000046,16000066,16000065,16000076,16000064,20260406T151618.000Z
15000019,1,16000001,16000025,16000056,16000043,16000012,16000047,20260406T151219.000Z
15000019,1,16000001,16000025,16000056,16000043,16000012,16000047,20260406T150931.000Z
15000011,0,16000002,16000059,16000017,16000026,16000023,16000012,20260406T150435.000Z
15000011,0,16000002,16000059,16000017,16000026,16000023,16000012,20260406T150228.000Z
15000011,1,16000002,16000059,16000017,16000026,16000023,16000012,20260406T150022.000Z
15000548,0,16000003,16000061,16000012,16000025,16000026,16000015,20260406T145551.000Z
15000548,0,16000003,16000061,16000012,16000025,16000026,16000015,20260406T145321.000Z
15000019,0,16000075,16000101,16000012,16000039,16000046,16000005,20260406T144953.000Z
15000019,0,16000075,16000101,16000012,16000039,16000046,16000005,20260406T144726.000Z
15000005,0,16000036,16000021,16000061,16000046,16000098,16000079,20260406T143827.000Z
15000005,0,16000036,16000021,16000061,16000046,16000098,16000079,20260406T143608.000Z
15000368,1,16000103,16000021,16000003,16000079,16000048,16000059,20260406T105419.000Z
15000368,1,16000103,16000021,16000003,16000079,16000048,16000059,20260406T105232.000Z
15000703,1,16000021,16000103,16000072,16000043,16000012,16000037,20260406T104724.000Z
15000703,1,16000021,16000103,16000072,16000043,16000012,16000037,20260406T104617.000Z
15000019,1,16000008,16000004,16000014,16000046,16000012,16000103,20260406T104322.000Z
15000019,1,16000008,16000004,16000014,16000046,16000012,16000103,20260406T104033.000Z
15000292,0,16000011,16000097,16000085,16000071,16000012,16000009,20260406T103555.000Z
15000292,0,16000011,16000097,16000085,16000071,16000012,16000009,20260406T103402.000Z
15000293,0,16000070,16000077,16000063,16000004,16000087,16000066,20260406T102934.000Z
15000293,0,16000070,16000077,16000063,16000004,16000087,16000066,20260406T102709.000Z
15000005,1,16000042,16000015,16000023,16000065,16000098,16000004,20260406T102237.000Z
15000005,1,16000042,16000015,16000023,16000065,16000098,16000004,20260406T102049.000Z
15000019,0,16000083,16000010,16000075,16000018,16000001,16000005,20260406T101610.000Z
15000019,0,16000083,16000010,16000075,16000018,16000001,16000005,20260406T101425.000Z
15000019,1,16000083,16000010,16000075,16000018,16000001,16000005,20260406T101229.000Z
15001021,1,16000103,16000012,16000045,16000099,16000004,16000025,20260406T100716.000Z
15001021,1,16000103,16000012,16000045,16000099,16000004,16000025,20260406T100409.000Z
15000440,1,16000037,16000023,16000015,16000102,16000012,16000063,20260406T100012.000Z
15000440,0,16000037,16000023,16000015,16000102,16000012,16000063,20260406T095841.000Z
15000440,1,16000037,16000023,16000015,16000102,16000012,16000063,20260406T095624.000Z
15000440,0,16000081,16000047,16000102,16000015,16000036,16000043,20260406T095153.000Z
15000440,1,16000081,16000047,16000102,16000015,16000036,16000043,20260406T094816.000Z
15000440,0,16000081,16000047,16000102,16000015,16000036,16000043,20260406T094510.000Z
15000019,1,16000025,16000001,16000078,16000012,16000099,16000079,20260406T183653.000Z
15000019,1,16000025,16000001,16000078,16000012,16000099,16000079,20260406T183419.000Z
15000019,0,16000025,16000001,16000078,16000012,16000099,16000079,20260406T183145.000Z
15001021,1,16000001,16000061,16000070,16000030,16000099,16000023,20260406T182633.000Z
15001021,1,16000001,16000061,16000070,16000030,16000099,16000023,20260406T182325.000Z
15000053,1,16000004,16000070,16000002,16000075,16000019,16000012,20260406T181652.000Z
15000053,1,16000004,16000070,16000002,16000075,16000019,16000012,20260406T181511.000Z
15000053,0,16000004,16000070,16000002,16000075,16000019,16000012,20260406T181303.000Z
15000300,1,16000092,16000019,16000005,16000023,16000099,16000016,20260406T180914.000Z
15000300,0,16000092,16000019,16000005,16000023,16000099,16000016,20260406T180723.000Z
15000300,1,16000092,16000019,16000005,16000023,16000099,16000016,20260406T180454.000Z
15000018,1,16000001,16000078,16000025,16000005,16000075,16000099,20260406T175446.000Z
15000018,1,16000001,16000078,16000025,16000005,16000075,16000099,20260406T175243.000Z
15000548,0,16000001,16000011,16000023,16000042,16000021,16000079,20260406T174619.000Z
15000548,1,16000001,16000011,16000023,16000042,16000021,16000079,20260406T174247.000Z
15000548,0,16000001,16000011,16000023,16000042,16000021,16000079,20260406T173942.000Z
15000005,1,16000011,16000015,16000065,16000021,16000003,16000066,20260406T173335.000Z
15000005,1,16000011,16000015,16000065,16000021,16000003,16000066,20260406T173116.000Z
15000548,0,16000079,16000011,16000101,16000066,16000029,16000059,20260406T172650.000Z
15000548,0,16000079,16000011,16000101,16000066,16000029,16000059,20260406T172533.000Z
15000300,0,16000099,16000095,16000001,16000019,16000005,16000023,20260405T193128.000Z
15000300,0,16000099,16000095,16000001,16000019,16000005,16000023,20260405T192908.000Z
15000300,1,16000099,16000095,16000001,16000019,16000005,16000023,20260405T192711.000Z
15000293,1,16000087,16000049,16000012,16000011,16000077,16000026,20260406T143141.000Z
15000293,1,16000087,16000049,16000012,16000011,16000077,16000026,20260406T142947.000Z
15000293,0,16000087,16000049,16000012,16000011,16000077,16000026,20260406T142740.000Z
15000019,1,16000099,16000036,16000094,16000012,16000003,16000079,20260406T142155.000Z
15000019,0,16000099,16000036,16000094,16000012,16000003,16000079,20260406T141921.000Z
15000019,1,16000099,16000036,16000094,16000012,16000003,16000079,20260406T141707.000Z
15000440,1,16000011,16000005,16000090,16000047,16000102,16000023,20260406T141243.000Z
15000440,0,16000011,16000005,16000090,16000047,16000102,16000023,20260406T140838.000Z
15000440,1,16000011,16000005,16000090,16000047,16000102,16000023,20260406T140602.000Z
15000072,0,16000012,16000073,16000053,16000078,16000036,16000059,20260406T140009.000Z
15000072,0,16000012,16000073,16000053,16000078,16000036,16000059,20260406T135805.000Z
15000292,1,16000025,16000089,16000099,16000005,16000012,16000069,20260406T185325.000Z
15000292,1,16000025,16000089,16000099,16000005,16000012,16000069,20260406T185154.000Z
15000005,1,16000036,16000061,16000021,16000079,16000046,16000011,20260406T184651.000Z
15000005,1,16000036,16000061,16000021,16000079,16000046,16000011,20260406T184433.000Z
15000005,0,16000036,16000061,16000021,16000079,16000046,16000011,20260406T184215.000Z
15000440,1,16000012,16000021,16000048,16000062,16000011,16000003,20260406T183605.000Z
15000440,1,16000012,16000021,16000048,16000062,16000011,16000003,20260406T183325.000Z
15000368,0,16000022,16000003,16000061,16000099,16000098,16000097,20260406T183810.000Z
15000368,1,16000022,16000003,16000061,16000099,16000098,16000097,20260406T183649.000Z
15000368,0,16000022,16000003,16000061,16000099,16000098,16000097,20260406T183403.000Z
15000005,0,16000042,16000079,16000061,16000021,16000099,16000064,20260406T182823.000Z
15000005,0,16000042,16000079,16000061,16000021,16000099,16000064,20260406T182623.000Z
15000005,1,16000042,16000079,16000061,16000021,16000099,16000064,20260406T182407.000Z
15000007,0,16000014,16000012,16000025,16000011,16000063,16000059,20260406T181745.000Z
15000007,1,16000014,16000012,16000025,16000011,16000063,16000059,20260406T181505.000Z
15000007,0,16000014,16000012,16000025,16000011,16000063,16000059,20260406T181303.000Z
15000018,1,16000012,16000018,16000103,16000001,16000002,16000056,20260406T180521.000Z
15000018,1,16000012,16000018,16000103,16000001,16000002,16000056,20260406T180338.000Z
15000019,1,16000025,16000012,16000079,16000019,16000099,16000014,20260406T175854.000Z
15000019,1,16000025,16000012,16000079,16000019,16000099,16000014,20260406T175702.000Z
15000072,1,16000046,16000078,16000012,16000042,16000001,16000079,20260406T175117.000Z
15000072,1,16000046,16000078,16000012,16000042,16000001,16000079,20260406T174856.000Z
15000115,1,16000012,16000025,16000030,16000004,16000034,16000023,20260406T174344.000Z
15000115,1,16000012,16000025,16000030,16000004,16000034,16000023,20260406T174205.000Z
15000440,1,16000001,16000075,16000012,16000102,16000070,16000023,20260406T173836.000Z
15000440,1,16000001,16000075,16000012,16000102,16000070,16000023,20260406T173642.000Z
15000300,0,16000007,16000101,16000089,16000030,16000035,16000014,20260406T185328.000Z
15000300,1,16000007,16000101,16000089,16000030,16000035,16000014,20260406T185114.000Z
15000300,0,16000007,16000101,16000089,16000030,16000035,16000014,20260406T184855.000Z
15000007,1,16000083,16000063,16000004,16000026,16000057,16000005,20260406T184352.000Z
15000007,1,16000083,16000063,16000004,16000026,16000057,16000005,20260406T184202.000Z
15000300,1,16000041,16000023,16000009,16000007,16000061,16000005,20260406T134445.000Z
15000300,1,16000041,16000023,16000009,16000007,16000061,16000005,20260406T134251.000Z
15000050,1,16000026,16000017,16000034,16000017,16000077,16000103,20260406T193541.000Z
15000053,1,16000070,16000030,16000001,16000042,16000001,16000027,20260406T193321.000Z
15000083,1,16000026,16000038,16000001,16000009,16000048,16000012,20260406T193045.000Z
15000005,1,16000001,16000000,16000015,16000019,16000002,16000008,20260406T192751.000Z
15000022,0,16000042,16000003,16000093,16000031,16000036,16000014,20260406T192228.000Z
15000022,1,16000042,16000003,16000093,16000031,16000036,16000014,20260406T192009.000Z
15000022,0,16000042,16000003,16000093,16000031,16000036,16000014,20260406T191751.000Z
15000050,0,16000001,16000029,16000071,16000102,16000063,16000011,20260406T201526.000Z
15000050,0,16000001,16000029,16000071,16000102,16000063,16000011,20260406T201428.000Z
15000022,0,16000046,16000036,16000042,16000011,16000065,16000021,20260406T200753.000Z
15000022,0,16000046,16000036,16000042,16000011,16000065,16000021,20260406T200534.000Z
15000022,1,16000046,16000036,16000042,16000011,16000065,16000021,20260406T200352.000Z
15000011,1,16000057,16000099,16000023,16000011,16000059,16000014,20260406T195901.000Z
15000011,1,16000057,16000099,16000023,16000011,16000059,16000014,20260406T195701.000Z
15000018,0,16000099,16000073,16000074,16000070,16000012,16000025,20260406T194958.000Z
15000018,0,16000099,16000073,16000074,16000070,16000012,16000025,20260406T194729.000Z
15001021,0,16000044,16000057,16000023,16000063,16000012,16000026,20260406T194046.000Z
15001021,1,16000044,16000057,16000023,16000063,16000012,16000026,20260406T193932.000Z
15001021,0,16000044,16000057,16000023,16000063,16000012,16000026,20260406T193735.000Z
15000306,1,16000011,16000023,16000042,16000014,16000012,16000002,20260406T193315.000Z
15000306,0,16000011,16000023,16000042,16000014,16000012,16000002,20260406T193046.000Z
15000306,1,16000011,16000023,16000042,16000014,16000012,16000002,20260406T192824.000Z
15000072,0,16000101,16000097,16000074,16000005,16000014,16000079,20260406T192238.000Z
15000072,0,16000101,16000097,16000074,16000005,16000014,16000079,20260406T191949.000Z
15000083,1,16000023,16000046,16000014,16000003,16000098,16000099,20260406T191112.000Z
15000083,0,16000023,16000046,16000014,16000003,16000098,16000099,20260406T190853.000Z
15000083,1,16000023,16000046,16000014,16000003,16000098,16000099,20260406T190635.000Z
15000018,1,16000029,16000023,16000103,16000036,16000095,16000012,20260406T190127.000Z
15000018,1,16000029,16000023,16000103,16000036,16000095,16000012,20260406T185917.000Z
15000018,1,16000101,16000002,16000001,16000073,16000063,16000079,20260406T185323.000Z
15000018,1,16000101,16000002,16000001,16000073,16000063,16000079,20260406T185218.000Z
15000019,0,16000099,16000012,16000070,16000025,16000073,16000019,20260406T194842.000Z
15000019,0,16000099,16000012,16000070,16000025,16000073,16000019,20260406T194615.000Z
15000053,1,16000102,16000007,16000002,16000008,16000001,16000078,20260406T185820.000Z
15000053,0,16000102,16000007,16000002,16000008,16000001,16000078,20260406T185617.000Z
15000053,1,16000102,16000007,16000002,16000008,16000001,16000078,20260406T185421.000Z
15000011,1,16000083,16000012,16000000,16000003,16000002,16000070,20260406T184936.000Z
15000011,1,16000083,16000012,16000000,16000003,16000002,16000070,20260406T184743.000Z
15000005,1,16000081,16000031,16000099,16000036,16000042,16000012,20260406T184039.000Z
15000005,1,16000081,16000031,16000099,16000036,16000042,16000012,20260406T183907.000Z
15000292,1,16000002,16000014,16000012,16000023,16000011,16000063,20260406T201606.000Z
15000292,1,16000002,16000014,16000012,16000023,16000011,16000063,20260406T201435.000Z
15000022,1,16000074,16000036,16000019,16000042,16000094,16000021,20260406T193401.000Z
15000022,1,16000074,16000036,16000019,16000042,16000094,16000021,20260406T193156.000Z
15000022,0,16000074,16000036,16000019,16000042,16000094,16000021,20260406T192937.000Z
15000007,1,16000063,16000012,16000044,16000004,16000059,16000014,20260406T191150.000Z
15000007,0,16000063,16000012,16000044,16000004,16000059,16000014,20260406T190916.000Z
15000007,1,16000063,16000012,16000044,16000004,16000059,16000014,20260406T190649.000Z
15000306,0,16000023,16000029,16000099,16000006,16000014,16000012,20260406T185852.000Z
15000306,1,16000023,16000029,16000099,16000006,16000014,16000012,20260406T185722.000Z
15000306,0,16000023,16000029,16000099,16000006,16000014,16000012,20260406T185439.000Z
15000143,1,16000030,16000012,16000026,16000099,16000001,16000013,20260406T202241.000Z
15000143,1,16000030,16000012,16000026,16000099,16000001,16000013,20260406T201955.000Z
15000010,1,16000059,16000012,16000002,16000026,16000041,16000017,20260406T201438.000Z
15000010,1,16000059,16000012,16000002,16000026,16000041,16000017,20260406T201218.000Z
15000010,0,16000059,16000012,16000002,16000026,16000041,16000017,20260406T201033.000Z
15000025,0,16000089,16000103,16000063,16000086,16000026,16000045,20260406T200429.000Z
15000025,0,16000089,16000103,16000063,16000086,16000026,16000045,20260406T200310.000Z
15000300,1,16000019,16000103,16000095,16000005,16000012,16000099,20260406T195840.000Z
15000300,1,16000019,16000103,16000095,16000005,16000012,16000099,20260406T195623.000Z
15000072,1,16000023,16000029,16000001,16000094,16000079,16000099,20260406T195118.000Z
15000072,1,16000023,16000029,16000001,16000094,16000079,16000099,20260406T194834.000Z
15000703,1,16000023,16000003,16000005,16000061,16000093,16000089,20260406T194329.000Z
15000703,1,16000023,16000003,16000005,16000061,16000093,16000089,20260406T194148.000Z
15000440,1,16000011,16000023,16000025,16000050,16000065,16000004,20260406T193724.000Z
15000440,1,16000011,16000023,16000025,16000050,16000065,16000004,20260406T193447.000Z
15000019,1,16000005,16000018,16000099,16000046,16000103,16000012,20260406T191351.000Z
15000019,1,16000005,16000018,16000099,16000046,16000103,16000012,20260406T191105.000Z
15000053,1,16000026,16000081,16000094,16000012,16000086,16000083,20260406T190426.000Z
15000053,1,16000026,16000081,16000094,16000012,16000086,16000083,20260406T190332.000Z
15000293,1,16000005,16000086,16000083,16000026,16000074,16000002,20260406T201921.000Z
15000293,1,16000005,16000086,16000083,16000026,16000074,16000002,20260406T201742.000Z
15000019,1,16000078,16000103,16000036,16000012,16000094,16000001,20260406T200823.000Z
15000019,1,16000078,16000103,16000036,16000012,16000094,16000001,20260406T200612.000Z
15000292,0,16000099,16000092,16000083,16000023,16000008,16000045,20260406T193618.000Z
15000292,0,16000099,16000092,16000083,16000023,16000008,16000045,20260406T193429.000Z
15000292,1,16000099,16000092,16000083,16000023,16000008,16000045,20260406T193223.000Z
15000011,0,16000042,16000063,16000012,16000023,16000095,16000005,20260406T192449.000Z
15000011,1,16000042,16000063,16000012,16000023,16000095,16000005,20260406T192153.000Z
15000011,0,16000042,16000063,16000012,16000023,16000095,16000005,20260406T191955.000Z
15000115,0,16000023,16000011,16000014,16000057,16000005,16000026,20260406T191201.000Z
15000115,0,16000023,16000011,16000014,16000057,16000005,16000026,20260406T190928.000Z
15000440,1,16000001,16000064,16000022,16000076,16000071,16000059,20260406T190324.000Z
15000440,0,16000001,16000064,16000022,16000076,16000071,16000059,20260406T190145.000Z
15000440,1,16000001,16000064,16000022,16000076,16000071,16000059,20260406T185949.000Z
15000018,1,16000099,16000103,16000073,16000005,16000003,16000070,20260406T202247.000Z
15000018,1,16000099,16000103,16000073,16000005,16000003,16000070,20260406T202053.000Z
15000007,1,16000059,16000012,16000011,16000004,16000014,16000005,20260406T195611.000Z
15000007,1,16000059,16000012,16000011,16000004,16000014,16000005,20260406T195424.000Z
15000703,1,16000015,16000003,16000020,16000030,16000079,16000035,20260406T193821.000Z
15000703,1,16000015,16000003,16000020,16000030,16000079,16000035,20260406T193601.000Z
15000083,1,16000021,16000002,16000046,16000011,16000064,16000076,20260406T192953.000Z
15000083,1,16000021,16000002,16000046,16000011,16000064,16000076,20260406T192734.000Z
15000083,0,16000021,16000002,16000046,16000011,16000064,16000076,20260406T192519.000Z
15000019,1,16000012,16000003,16000099,16000005,16000001,16000047,20260406T194144.000Z
15000019,1,16000012,16000003,16000099,16000005,16000001,16000047,20260406T193921.000Z
15000018,1,16000035,16000004,16000078,16000047,16000019,16000003,20260406T192914.000Z
15000018,1,16000035,16000004,16000078,16000047,16000019,16000003,20260406T192732.000Z
15000007,1,16000012,16000045,16000008,16000002,16000005,16000061,20260406T194400.000Z
15000007,1,16000012,16000045,16000008,16000002,16000005,16000061,20260406T194211.000Z
15000072,0,16000075,16000083,16000005,16000066,16000065,16000002,20260406T193554.000Z
15000072,0,16000075,16000083,16000005,16000066,16000065,16000002,20260406T193327.000Z
15000072,1,16000075,16000083,16000005,16000066,16000065,16000002,20260406T193118.000Z
15000115,1,16000103,16000063,16000005,16000008,16000057,16000012,20260406T192549.000Z
15000115,0,16000103,16000063,16000005,16000008,16000057,16000012,20260406T192334.000Z
15000115,1,16000103,16000063,16000005,16000008,16000057,16000012,20260406T192109.000Z
15000703,1,16000023,16000099,16000015,16000003,16000061,16000021,20260406T201927.000Z
15000703,1,16000023,16000099,16000015,16000003,16000061,16000021,20260406T201710.000Z
15000050,1,16000005,16000086,16000063,16000040,16000012,16000011,20260406T201144.000Z
15000050,1,16000005,16000086,16000063,16000040,16000012,16000011,20260406T200908.000Z
15000083,0,16000079,16000094,16000023,16000003,16000005,16000102,20260406T200438.000Z
15000083,0,16000079,16000094,16000023,16000003,16000005,16000102,20260406T200219.000Z
15000083,1,16000079,16000094,16000023,16000003,16000005,16000102,20260406T200004.000Z
15000083,1,16000093,16000059,16000099,16000065,16000005,16000023,20260406T194929.000Z
15000083,1,16000093,16000059,16000099,16000065,16000005,16000023,20260406T194711.000Z
15000083,0,16000093,16000059,16000099,16000065,16000005,16000023,20260406T194452.000Z
15000143,1,16000077,16000063,16000030,16000005,16000012,16000059,20260406T194021.000Z
15000143,1,16000077,16000063,16000030,16000005,16000012,16000059,20260406T193733.000Z
15000072,1,16000001,16000036,16000012,16000079,16000046,16000094,20260406T193201.000Z
15000072,1,16000001,16000036,16000012,16000079,16000046,16000094,20260406T192954.000Z
15000072,0,16000001,16000036,16000012,16000079,16000046,16000094,20260406T192813.000Z
15000010,1,16000059,16000061,16000023,16000063,16000002,16000012,20260406T190337.000Z
15000010,1,16000059,16000061,16000023,16000063,16000002,16000012,20260406T190109.000Z
15000050,1,16000005,16000044,16000012,16000063,16000074,16000098,20260406T185245.000Z
15000050,1,16000005,16000044,16000012,16000063,16000074,16000098,20260406T185041.000Z
15000292,1,16000085,16000005,16000097,16000044,16000089,16000026,20260406T184628.000Z
15000292,1,16000085,16000005,16000097,16000044,16000089,16000026,20260406T184411.000Z
15000548,1,16000023,16000003,16000046,16000047,16000021,16000089,20260406T202128.000Z
15000292,0,16000014,16000004,16000005,16000099,16000025,16000019,20260406T201337.000Z
15000292,0,16000014,16000004,16000005,16000099,16000025,16000019,20260406T201107.000Z
15000368,0,16000058,16000003,16000062,16000012,16000079,16000023,20260406T200146.000Z
15000368,0,16000058,16000003,16000062,16000012,16000079,16000023,20260406T195821.000Z
15000025,1,16000030,16000077,16000089,16000103,16000038,16000086,20260406T195101.000Z
15000025,0,16000030,16000077,16000089,16000103,16000038,16000086,20260406T194759.000Z
15000025,1,16000030,16000077,16000089,16000103,16000038,16000086,20260406T194410.000Z
15001021,0,16000003,16000061,16000005,16000063,16000012,16000099,20260406T193716.000Z
15001021,0,16000003,16000061,16000005,16000063,16000012,16000099,20260406T193508.000Z
15000025,1,16000009,16000038,16000089,16000004,16000034,16000077,20260406T192702.000Z
15000025,0,16000009,16000038,16000089,16000004,16000034,16000077,20260406T192501.000Z
15000025,1,16000009,16000038,16000089,16000004,16000034,16000077,20260406T192303.000Z
15000083,1,16000098,16000046,16000042,16000037,16000089,16000003,20260406T191800.000Z
15000083,1,16000098,16000046,16000042,16000037,16000089,16000003,20260406T191540.000Z
15000053,1,16000026,16000005,16000012,16000083,16000099,16000103,20260406T185300.000Z
15000053,1,16000026,16000005,16000012,16000083,16000099,16000103,20260406T185031.000Z
15000050,1,16000012,16000098,16000023,16000005,16000004,16000017,20260406T184436.000Z
15000050,1,16000012,16000098,16000023,16000005,16000004,16000017,20260406T184227.000Z
15000293,0,16000023,16000008,16000085,16000087,16000026,16000002,20260406T194326.000Z
15000293,0,16000023,16000008,16000085,16000087,16000026,16000002,20260406T194210.000Z
15000293,0,16000102,16000049,16000059,16000030,16000077,16000026,20260406T193102.000Z
15000293,0,16000102,16000049,16000059,16000030,16000077,16000026,20260406T192819.000Z
15000050,0,16000044,16000081,16000001,16000004,16000011,16000102,20260406T191614.000Z
15000050,1,16000044,16000081,16000001,16000004,16000011,16000102,20260406T191311.000Z
15000050,0,16000044,16000081,16000001,16000004,16000011,16000102,20260406T191127.000Z
15000118,1,16000025,16000002,16000086,16000020,16000008,16000023,20260406T190159.000Z
15000118,1,16000025,16000002,16000086,16000020,16000008,16000023,20260406T190107.000Z
15000115,1,16000012,16000102,16000059,16000011,16000083,16000008,20260406T185721.000Z
15000115,1,16000012,16000102,16000059,16000011,16000083,16000008,20260406T185542.000Z
15000018,0,16000079,16000095,16000103,16000001,16000056,16000012,20260406T185154.000Z
15000018,0,16000079,16000095,16000103,16000001,16000056,16000012,20260406T184936.000Z
15000018,1,16000079,16000095,16000103,16000001,16000056,16000012,20260406T184648.000Z
15000072,1,16000095,16000046,16000036,16000094,16000001,16000042,20260406T191247.000Z
15000072,1,16000095,16000046,16000036,16000094,16000001,16000042,20260406T191119.000Z
15000143,0,16000096,16000063,16000098,16000023,16000002,16000012,20260406T190657.000Z
15000143,0,16000096,16000063,16000098,16000023,16000002,16000012,20260406T190407.000Z
15000143,1,16000012,16000011,16000005,16000023,16000048,16000078,20260406T202208.000Z
15000143,0,16000012,16000011,16000005,16000023,16000048,16000078,20260406T201908.000Z
15000005,0,16000079,16000099,16000012,16000015,16000021,16000023,20260406T201430.000Z
15000005,0,16000079,16000099,16000012,16000015,16000021,16000023,20260406T201211.000Z
15000050,1,16000044,16000002,16000059,16000095,16000063,16000005,20260406T200427.000Z
15000050,1,16000044,16000002,16000059,16000095,16000063,16000005,20260406T200249.000Z
15000050,0,16000044,16000002,16000059,16000095,16000063,16000005,20260406T200148.000Z
15000293,0,16000011,16000102,16000059,16000098,16000063,16000081,20260406T195605.000Z
15000293,0,16000011,16000102,16000059,16000098,16000063,16000081,20260406T195354.000Z
15000292,0,16000098,16000001,16000014,16000085,16000063,16000099,20260406T194415.000Z
15000292,0,16000098,16000001,16000014,16000085,16000063,16000099,20260406T194247.000Z
15000019,1,16000019,16000095,16000012,16000065,16000001,16000003,20260406T193613.000Z
15000019,1,16000019,16000095,16000012,16000065,16000001,16000003,20260406T193402.000Z
15000082,1,16000085,16000003,16000099,16000002,16000089,16000098,20260406T192921.000Z
15000082,1,16000085,16000003,16000099,16000002,16000089,16000098,20260406T192740.000Z
15000132,0,16000103,16000023,16000004,16000026,16000005,16000030,20260406T192244.000Z
15000132,0,16000103,16000023,16000004,16000026,16000005,16000030,20260406T192112.000Z
15000053,1,16000001,16000025,16000030,16000005,16000099,16000044,20260406T191645.000Z
15000053,1,16000001,16000025,16000030,16000005,16000099,16000044,20260406T191528.000Z
15000115,0,16000059,16000047,16000084,16000063,16000040,16000045,20260406T185120.000Z
15000115,0,16000059,16000047,16000084,16000063,16000040,16000045,20260406T184902.000Z
15000053,0,16000102,16000008,16000086,16000059,16000075,16000004,20260406T202148.000Z
15000053,0,16000102,16000008,16000086,16000059,16000075,16000004,20260406T201930.000Z
15000011,1,16000023,16000001,16000047,16000059,16000011,16000005,20260406T201434.000Z
15000011,1,16000023,16000001,16000047,16000059,16000011,16000005,20260406T201245.000Z
15000011,0,16000023,16000001,16000047,16000059,16000011,16000005,20260406T201002.000Z
15000300,1,16000040,16000089,16000061,16000012,16000025,16000102,20260406T184814.000Z
15000300,1,16000040,16000089,16000061,16000012,16000025,16000102,20260406T184612.000Z
15000082,1,16000083,16000100,16000047,16000086,16000002,16000014,20260406T200339.000Z
15000082,1,16000083,16000100,16000047,16000086,16000002,16000014,20260406T200121.000Z
15000082,0,16000083,16000100,16000047,16000086,16000002,16000014,20260406T195902.000Z
15000025,1,16000025,16000001,16000026,16000002,16000102,16000077,20260406T195330.000Z
15000025,1,16000025,16000001,16000026,16000002,16000102,16000077,20260406T195022.000Z
15000143,0,16000084,16000011,16000059,16000004,16000023,16000083,20260406T190559.000Z
15000143,0,16000084,16000011,16000059,16000004,16000023,16000083,20260406T190355.000Z
15000143,1,16000084,16000011,16000059,16000004,16000023,16000083,20260406T190129.000Z
15000072,0,16000036,16000042,16000099,16000079,16000005,16000001,20260406T185531.000Z
15000072,0,16000036,16000042,16000099,16000079,16000005,16000001,20260406T185257.000Z
15000118,0,16000085,16000099,16000063,16000011,16000083,16000074,20260406T202514.000Z
15000118,0,16000085,16000099,16000063,16000011,16000083,16000074,20260406T202336.000Z
15000083,0,16000061,16000099,16000003,16000005,16000015,16000021,20260406T201919.000Z
15000083,0,16000061,16000099,16000003,16000005,16000015,16000021,20260406T201701.000Z
15000011,1,16000040,16000012,16000059,16000044,16000063,16000014,20260406T200838.000Z
15000011,0,16000040,16000012,16000059,16000044,16000063,16000014,20260406T200515.000Z
15000011,1,16000040,16000012,16000059,16000044,16000063,16000014,20260406T200338.000Z
15000300,1,16000014,16000023,16000012,16000044,16000099,16000063,20260406T195632.000Z
15000300,1,16000014,16000023,16000012,16000044,16000099,16000063,20260406T195426.000Z
15000440,1,16000103,16000099,16000021,16000028,16000003,16000082,20260406T194854.000Z
15000440,1,16000103,16000099,16000021,16000028,16000003,16000082,20260406T194552.000Z
15000018,0,16000005,16000014,16000012,16000040,16000079,16000001,20260406T194119.000Z
15000018,0,16000005,16000014,16000012,16000040,16000079,16000001,20260406T193841.000Z
15000018,1,16000005,16000014,16000012,16000040,16000079,16000001,20260406T193612.000Z
15000118,1,16000103,16000063,16000098,16000029,16000026,16000012,20260406T193139.000Z
15000118,1,16000103,16000063,16000098,16000029,16000026,16000012,20260406T192945.000Z
15000005,1,16000029,16000042,16000011,16000099,16000064,16000020,20260406T192511.000Z
15000005,1,16000029,16000042,16000011,16000099,16000064,16000020,20260406T192253.000Z
15000025,1,16000063,16000097,16000099,16000005,16000077,16000023,20260406T191809.000Z
15000025,1,16000063,16000097,16000099,16000005,16000077,16000023,20260406T191722.000Z
15000025,0,16000063,16000097,16000099,16000005,16000077,16000023,20260406T191428.000Z
15000050,1,16000095,16000023,16000063,16000059,16000057,16000004,20260406T190845.000Z
15000050,1,16000095,16000023,16000063,16000059,16000057,16000004,20260406T190500.000Z
15000083,0,16000094,16000003,16000064,16000093,16000061,16000023,20260406T194129.000Z
15000083,0,16000094,16000003,16000064,16000093,16000061,16000023,20260406T194034.000Z
15000143,0,16000012,16000059,16000038,16000005,16000099,16000011,20260406T193527.000Z
15000143,0,16000012,16000059,16000038,16000005,16000099,16000011,20260406T193319.000Z
15000083,1,16000065,16000042,16000046,16000036,16000003,16000059,20260406T192044.000Z
15000083,1,16000065,16000042,16000046,16000036,16000003,16000059,20260406T191846.000Z
15000083,1,16000003,16000023,16000089,16000011,16000064,16000102,20260406T191233.000Z
15000083,1,16000003,16000023,16000089,16000011,16000064,16000102,20260406T191055.000Z
15000368,1,16000099,16000018,16000076,16000072,16000023,16000089,20260406T190603.000Z
15000368,1,16000099,16000018,16000076,16000072,16000023,16000089,20260406T190415.000Z
15000368,0,16000099,16000018,16000076,16000072,16000023,16000089,20260406T190218.000Z
15000703,0,16000021,16000001,16000047,16000014,16000042,16000022,20260406T185654.000Z
15000703,0,16000021,16000001,16000047,16000014,16000042,16000022,20260406T185341.000Z
15000007,0,16000023,16000099,16000102,16000025,16000086,16000014,20260406T184803.000Z
15000007,0,16000023,16000099,16000102,16000025,16000086,16000014,20260406T184554.000Z
15000292,1,16000028,16000103,16000002,16000011,16000041,16000013,20260406T184210.000Z
15000005,0,16000064,16000042,16000012,16000023,16000029,16000079,20260406T202134.000Z
15000005,0,16000064,16000042,16000012,16000023,16000029,16000079,20260406T202005.000Z
15000018,1,16000086,16000076,16000025,16000103,16000012,16000083,20260406T201524.000Z
15000018,1,16000086,16000076,16000025,16000103,16000012,16000083,20260406T201245.000Z
15000072,1,16000001,16000095,16000094,16000056,16000012,16000103,20260406T200733.000Z
15000072,1,16000001,16000095,16000094,16000056,16000012,16000103,20260406T200516.000Z
15000072,0,16000098,16000095,16000001,16000079,16000002,16000012,20260406T195942.000Z
15000072,0,16000098,16000095,16000001,16000079,16000002,16000012,20260406T195725.000Z
15000010,0,16000001,16000021,16000002,16000095,16000014,16000023,20260406T195039.000Z
15000010,1,16000001,16000021,16000002,16000095,16000014,16000023,20260406T194753.000Z
15000010,0,16000001,16000021,16000002,16000095,16000014,16000023,20260406T194538.000Z
15000132,1,16000049,16000102,16000098,16000063,16000083,16000095,20260406T194013.000Z
15000132,1,16000049,16000102,16000098,16000063,16000083,16000095,20260406T193918.000Z
15000143,0,16000089,16000013,16000103,16000049,16000012,16000059,20260406T193440.000Z
15000143,0,16000089,16000013,16000103,16000049,16000012,16000059,20260406T193328.000Z
15000143,1,16000023,16000098,16000099,16000012,16000011,16000003,20260406T192831.000Z
15000143,1,16000023,16000098,16000099,16000012,16000011,16000003,20260406T192625.000Z
15000072,1,16000075,16000001,16000103,16000015,16000046,16000012,20260406T192045.000Z
15000072,1,16000075,16000001,16000103,16000015,16000046,16000012,20260406T191919.000Z
15000025,1,16000023,16000086,16000098,16000089,16000030,16000002,20260406T191455.000Z
15000025,1,16000023,16000086,16000098,16000089,16000030,16000002,20260406T191306.000Z
15000132,0,16000102,16000004,16000035,16000071,16000029,16000000,20260406T190234.000Z
15000132,0,16000102,16000004,16000035,16000071,16000029,16000000,20260406T190054.000Z
15000005,0,16000079,16000046,16000042,16000064,16000036,16000099,20260406T185507.000Z
15000005,0,16000079,16000046,16000042,16000064,16000036,16000099,20260406T185332.000Z
15000293,1,16000001,16000070,16000020,16000071,16000043,16000030,20260406T193845.000Z
15000292,1,16000030,16000077,16000089,16000079,16000030,16000001,20260406T193621.000Z
15000053,1,16000008,16000005,16000070,16000070,16000015,16000038,20260406T193329.000Z
15000053,1,16000005,16000030,16000039,16000001,16000000,16000031,20260406T193150.000Z
15000132,0,16000036,16000004,16000030,16000085,16000020,16000077,20260406T192926.000Z
15000025,1,16000026,16000004,16000071,16000010,16000005,16000070,20260406T192717.000Z
15000132,1,16000076,16000044,16000083,16000023,16000001,16000099,20260406T200104.000Z
15000132,1,16000076,16000044,16000083,16000023,16000001,16000099,20260406T195828.000Z
15000132,0,16000076,16000044,16000083,16000023,16000001,16000099,20260406T195601.000Z
15000440,1,16000005,16000065,16000048,16000081,16000098,16000062,20260406T195056.000Z
15000440,1,16000005,16000065,16000048,16000081,16000098,16000062,20260406T194752.000Z
15000115,0,16000005,16000083,16000045,16000097,16000012,16000064,20260406T194215.000Z
15000115,0,16000005,16000083,16000045,16000097,16000012,16000064,20260406T193930.000Z
15000082,1,16000061,16000102,16000023,16000067,16000011,16000025,20260406T193508.000Z
15000082,1,16000061,16000102,16000023,16000067,16000011,16000025,20260406T193253.000Z
15000082,0,16000061,16000102,16000023,16000067,16000011,16000025,20260406T193037.000Z
15000703,0,16000021,16000003,16000029,16000094,16000023,16000064,20260406T192608.000Z
15000703,1,16000021,16000003,16000029,16000094,16000023,16000064,20260406T192341.000Z
15000703,0,16000021,16000003,16000029,16000094,16000023,16000064,20260406T192045.000Z
15000548,1,16000003,16000021,16000047,16000079,16000046,16000036,20260406T201053.000Z
15000548,1,16000003,16000021,16000047,16000079,16000046,16000036,20260406T200826.000Z
15001021,1,16000103,16000029,16000085,16000005,16000063,16000068,20260406T200325.000Z
15001021,1,16000103,16000029,16000085,16000005,16000063,16000068,20260406T200219.000Z
15001021,1,16000074,16000083,16000012,16000011,16000005,16000063,20260406T195729.000Z
15001021,1,16000074,16000083,16000012,16000011,16000005,16000063,20260406T195441.000Z
15000548,1,16000015,16000047,16000079,16000042,16000021,16000044,20260406T194818.000Z
15000548,1,16000015,16000047,16000079,16000042,16000021,16000044,20260406T194548.000Z
15000053,1,16000030,16000083,16000073,16000002,16000059,16000001,20260406T194016.000Z
15000053,1,16000030,16000083,16000073,16000002,16000059,16000001,20260406T193813.000Z
15000115,0,16000023,16000072,16000005,16000084,16000059,16000063,20260406T193341.000Z
15000115,1,16000023,16000072,16000005,16000084,16000059,16000063,20260406T193136.000Z
15000115,0,16000023,16000072,16000005,16000084,16000059,16000063,20260406T192923.000Z
15000292,1,16000063,16000002,16000103,16000012,16000011,16000089,20260406T192439.000Z
15000292,1,16000063,16000002,16000103,16000012,16000011,16000089,20260406T192306.000Z
15000118,0,16000004,16000011,16000086,16000001,16000103,16000070,20260406T193728.000Z
15000118,0,16000004,16000011,16000086,16000001,16000103,16000070,20260406T193533.000Z
15000025,1,16000044,16000087,16000023,16000011,16000004,16000059,20260406T190034.000Z
15000025,1,16000044,16000087,16000023,16000011,16000004,16000059,20260406T185746.000Z
15000025,0,16000008,16000023,16000005,16000063,16000086,16000059,20260406T184749.000Z
15000025,0,16000008,16000023,16000005,16000063,16000086,16000059,20260406T184624.000Z
15000022,0,16000015,16000099,16000042,16000025,16000031,16000046,20260406T202633.000Z
15000300,0,16000022,16000081,16000099,16000019,16000011,16000012,20260406T201705.000Z
15000300,0,16000022,16000081,16000099,16000019,16000011,16000012,20260406T201429.000Z
15000143,0,16000081,16000030,16000070,16000099,16000044,16000103,20260406T201017.000Z
15000143,0,16000081,16000030,16000070,16000099,16000044,16000103,20260406T200813.000Z
15000368,1,16000043,16000046,16000003,16000004,16000077,16000103,20260406T200337.000Z
15000368,1,16000043,16000046,16000003,16000004,16000077,16000103,20260406T200106.000Z
15001021,1,16000059,16000083,16000098,16000001,16000054,16000012,20260406T194953.000Z
15001021,1,16000059,16000083,16000098,16000001,16000054,16000012,20260406T194848.000Z
15000293,0,16000096,16000098,16000002,16000077,16000011,16000026,20260406T192558.000Z
15000293,0,16000096,16000098,16000002,16000077,16000011,16000026,20260406T192434.000Z
15000050,1,16000004,16000014,16000062,16000030,16000001,16000102,20260406T192028.000Z
15000050,1,16000004,16000014,16000062,16000030,16000001,16000102,20260406T191759.000Z
15000022,1,16000015,16000046,16000023,16000089,16000064,16000005,20260406T191442.000Z
15000022,1,16000015,16000046,16000023,16000089,16000064,16000005,20260406T191245.000Z
15000025,0,16000023,16000002,16000017,16000063,16000004,16000089,20260406T190847.000Z
15000025,0,16000023,16000002,16000017,16000063,16000004,16000089,20260406T190620.000Z
15000007,0,16000017,16000014,16000057,16000023,16000012,16000011,20260406T190211.000Z
15000007,1,16000017,16000014,16000057,16000023,16000012,16000011,20260406T190008.000Z
15000007,0,16000017,16000014,16000057,16000023,16000012,16000011,20260406T185737.000Z
15000082,0,16000012,16000002,16000065,16000025,16000081,16000047,20260406T185248.000Z
15000082,0,16000012,16000002,16000065,16000025,16000081,16000047,20260406T185030.000Z
15000115,0,16000097,16000023,16000017,16000063,16000014,16000040,20260406T200809.000Z
15000115,1,16000097,16000023,16000017,16000063,16000014,16000040,20260406T200555.000Z
15000115,0,16000097,16000023,16000017,16000063,16000014,16000040,20260406T200323.000Z
15000132,0,16000097,16000001,16000059,16000012,16000004,16000063,20260406T194130.000Z
15000132,0,16000097,16000001,16000059,16000012,16000004,16000063,20260406T193842.000Z
15000306,1,16000083,16000046,16000005,16000050,16000029,16000009,20260406T193220.000Z
15000306,1,16000083,16000046,16000005,16000050,16000029,16000009,20260406T192941.000Z
15000306,0,16000083,16000046,16000005,16000050,16000029,16000009,20260406T192748.000Z
15001021,0,16000059,16000068,16000050,16000001,16000029,16000097,20260406T192302.000Z
15001021,0,16000059,16000068,16000050,16000001,16000029,16000097,20260406T192213.000Z
15000118,0,16000004,16000063,16000005,16000011,16000067,16000012,20260406T191419.000Z
15000118,0,16000004,16000063,16000005,16000011,16000067,16000012,20260406T191304.000Z
15000011,1,16000063,16000098,16000059,16000089,16000017,16000012,20260406T185159.000Z
15000011,0,16000063,16000098,16000059,16000089,16000017,16000012,20260406T184939.000Z
15000011,1,16000063,16000098,16000059,16000089,16000017,16000012,20260406T184720.000Z
15000293,0,16000071,16000011,16000103,16000020,16000070,16000077,20260406T201404.000Z
15000293,0,16000071,16000011,16000103,16000020,16000070,16000077,20260406T201204.000Z
15000293,1,16000071,16000011,16000103,16000020,16000070,16000077,20260406T200925.000Z
15000007,0,16000099,16000023,16000004,16000095,16000063,16000044,20260406T200015.000Z
15000007,0,16000099,16000023,16000004,16000095,16000063,16000044,20260406T195812.000Z
15000010,1,16000030,16000023,16000011,16000051,16000086,16000057,20260406T195108.000Z
15000010,1,16000030,16000023,16000011,16000051,16000086,16000057,20260406T194816.000Z
15000703,0,16000013,16000089,16000009,16000098,16000066,16000012,20260406T192811.000Z
15000703,0,16000013,16000089,16000009,16000098,16000066,16000012,20260406T192618.000Z
15000050,1,16000030,16000051,16000059,16000012,16000000,16000001,20260406T191444.000Z
15000050,0,16000030,16000051,16000059,16000012,16000000,16000001,20260406T191156.000Z
15000050,1,16000030,16000051,16000059,16000012,16000000,16000001,20260406T190938.000Z
15000011,0,16000017,16000011,16000083,16000103,16000085,16000044,20260406T185131.000Z
15000011,0,16000017,16000011,16000083,16000103,16000085,16000044,20260406T184930.000Z
15000011,1,16000017,16000011,16000083,16000103,16000085,16000044,20260406T184740.000Z
15000007,0,16000000,16000040,16000102,16000001,16000098,16000026,20260406T193414.000Z
15000007,0,16000000,16000040,16000102,16000001,16000098,16000026,20260406T193132.000Z
15000007,1,16000000,16000040,16000102,16000001,16000098,16000026,20260406T192836.000Z
15000300,1,16000011,16000014,16000083,16000063,16000005,16000019,20260406T202616.000Z
15000300,1,16000011,16000014,16000083,16000063,16000005,16000019,20260406T202411.000Z
15000022,1,16000003,16000065,16000099,16000012,16000089,16000036,20260406T201949.000Z
15000022,1,16000003,16000065,16000099,16000012,16000089,16000036,20260406T201730.000Z
15000053,0,16000083,16000040,16000001,16000004,16000012,16000002,20260406T200959.000Z
15000053,0,16000083,16000040,16000001,16000004,16000012,16000002,20260406T200844.000Z
15000025,1,16000086,16000006,16000074,16000071,16000044,16000089,20260406T200223.000Z
15000025,1,16000086,16000006,16000074,16000071,16000044,16000089,20260406T200031.000Z
15000025,0,16000067,16000004,16000063,16000059,16000077,16000020,20260406T195622.000Z
15000025,0,16000067,16000004,16000063,16000059,16000077,16000020,20260406T195358.000Z
15000025,1,16000067,16000004,16000063,16000059,16000077,16000020,20260406T195110.000Z
15000022,0,16000003,16000061,16000042,16000015,16000065,16000021,20260406T194524.000Z
15000022,0,16000003,16000061,16000042,16000015,16000065,16000021,20260406T194306.000Z
15000115,1,16000059,16000012,16000063,16000030,16000004,16000005,20260406T193823.000Z
15000115,0,16000059,16000012,16000063,16000030,16000004,16000005,20260406T193602.000Z
15000115,1,16000059,16000012,16000063,16000030,16000004,16000005,20260406T193408.000Z
15000072,0,16000099,16000040,16000074,16000042,16000001,16000078,20260406T192753.000Z
15000072,1,16000099,16000040,16000074,16000042,16000001,16000078,20260406T192516.000Z
15000072,0,16000099,16000040,16000074,16000042,16000001,16000078,20260406T192228.000Z
15000300,1,16000083,16000014,16000005,16000012,16000026,16000046,20260406T191718.000Z
15000300,1,16000083,16000014,16000005,16000012,16000026,16000046,20260406T191443.000Z
15000300,0,16000083,16000014,16000005,16000012,16000026,16000046,20260406T191205.000Z
15000022,1,16000103,16000042,16000061,16000003,16000030,16000098,20260406T190547.000Z
15000022,1,16000103,16000042,16000061,16000003,16000030,16000098,20260406T190338.000Z
15000019,1,16000002,16000079,16000019,16000094,16000001,16000005,20260406T185616.000Z
15000019,1,16000002,16000079,16000019,16000094,16000001,16000005,20260406T185426.000Z
15001021,1,16000030,16000012,16000023,16000102,16000001,16000022,20260406T184748.000Z
15001021,1,16000030,16000012,16000023,16000102,16000001,16000022,20260406T184630.000Z
15000132,1,16000044,16000063,16000012,16000004,16000001,16000083,20260406T202824.000Z
15000132,0,16000044,16000063,16000012,16000004,16000001,16000083,20260406T202644.000Z
15000132,1,16000004,16000034,16000066,16000008,16000026,16000049,20260406T202908.000Z
15000132,1,16000004,16000034,16000066,16000008,16000026,16000049,20260406T202630.000Z
15000143,1,16000023,16000048,16000078,16000012,16000011,16000005,20260406T202503.000Z
15000143,0,16000023,16000048,16000078,16000012,16000011,16000005,20260406T202208.000Z
15000143,1,16000023,16000048,16000078,16000012,16000011,16000005,20260406T201908.000Z
15000440,1,16000002,16000003,16000102,16000011,16000021,16000023,20260406T200927.000Z
15000440,1,16000002,16000003,16000102,16000011,16000021,16000023,20260406T200527.000Z
15000025,1,16000089,16000077,16000012,16000099,16000063,16000059,20260406T200045.000Z
15000025,0,16000089,16000077,16000012,16000099,16000063,16000059,20260406T195757.000Z
15000025,1,16000089,16000077,16000012,16000099,16000063,16000059,20260406T195509.000Z
15001021,1,16000011,16000012,16000089,16000005,16000098,16000099,20260406T194937.000Z
15001021,0,16000011,16000012,16000089,16000005,16000098,16000099,20260406T194648.000Z
15001021,1,16000011,16000012,16000089,16000005,16000098,16000099,20260406T194514.000Z
15000007,1,16000023,16000029,16000001,16000089,16000004,16000014,20260406T200143.000Z
15000007,0,16000023,16000029,16000001,16000089,16000004,16000014,20260406T195957.000Z
15000007,1,16000023,16000029,16000001,16000089,16000004,16000014,20260406T195804.000Z
15000368,0,16000012,16000075,16000042,16000025,16000004,16000048,20260406T200708.000Z
15000368,0,16000012,16000075,16000042,16000025,16000004,16000048,20260406T200516.000Z
15000300,1,16000092,16000014,16000054,16000043,16000012,16000019,20260406T195447.000Z
15000300,1,16000092,16000014,16000054,16000043,16000012,16000019,20260406T195232.000Z
15000007,0,16000059,16000031,16000044,16000011,16000061,16000026,20260406T194618.000Z
15000007,1,16000059,16000031,16000044,16000011,16000061,16000026,20260406T194316.000Z
15000007,0,16000059,16000031,16000044,16000011,16000061,16000026,20260406T194111.000Z
15000007,1,16000089,16000021,16000004,16000068,16000081,16000060,20260406T193655.000Z
15000007,1,16000089,16000021,16000004,16000068,16000081,16000060,20260406T193452.000Z
15000703,1,16000004,16000103,16000066,16000031,16000102,16000011,20260406T192936.000Z
15000703,1,16000004,16000103,16000066,16000031,16000102,16000011,20260406T192707.000Z
15000132,1,16000004,16000012,16000102,16000014,16000023,16000059,20260406T200910.000Z
15000132,1,16000004,16000012,16000102,16000014,16000023,16000059,20260406T200704.000Z
15000072,1,16000103,16000075,16000001,16000019,16000094,16000012,20260406T195943.000Z
15000072,0,16000103,16000075,16000001,16000019,16000094,16000012,20260406T195711.000Z
15000072,1,16000103,16000075,16000001,16000019,16000094,16000012,20260406T195500.000Z
15000115,1,16000063,16000057,16000011,16000092,16000047,16000097,20260406T202544.000Z
15000115,1,16000063,16000057,16000011,16000092,16000047,16000097,20260406T202406.000Z
15000440,1,16000061,16000037,16000023,16000019,16000003,16000014,20260406T201905.000Z
15000440,1,16000061,16000037,16000023,16000019,16000003,16000014,20260406T201716.000Z
15000025,0,16000097,16000012,16000089,16000063,16000077,16000011,20260406T201200.000Z
15000025,1,16000097,16000012,16000089,16000063,16000077,16000011,20260406T201025.000Z
15000025,0,16000097,16000012,16000089,16000063,16000077,16000011,20260406T200728.000Z
15000053,1,16000012,16000059,16000083,16000078,16000001,16000005,20260406T200242.000Z
15000053,1,16000012,16000059,16000083,16000078,16000001,16000005,20260406T200016.000Z
15000053,0,16000050,16000103,16000082,16000001,16000059,16000026,20260406T195406.000Z
15000053,0,16000050,16000103,16000082,16000001,16000059,16000026,20260406T195155.000Z
15000368,0,16000002,16000079,16000099,16000023,16000093,16000076,20260406T194649.000Z
15000368,0,16000002,16000079,16000099,16000023,16000093,16000076,20260406T194508.000Z
15000368,1,16000002,16000079,16000099,16000023,16000093,16000076,20260406T194323.000Z
15000083,1,16000079,16000012,16000042,16000001,16000046,16000005,20260406T193852.000Z
15000083,1,16000079,16000012,16000042,16000001,16000046,16000005,20260406T193634.000Z
15000083,0,16000079,16000012,16000042,16000001,16000046,16000005,20260406T193416.000Z
15000053,0,16000070,16000103,16000082,16000102,16000002,16000011,20260406T192914.000Z
15000053,0,16000070,16000103,16000082,16000102,16000002,16000011,20260406T192754.000Z
15000022,1,16000046,16000061,16000042,16000012,16000021,16000036,20260406T192353.000Z
15000022,1,16000046,16000061,16000042,16000012,16000021,16000036,20260406T192135.000Z
15000368,1,16000043,16000048,16000103,16000098,16000004,16000023,20260406T194609.000Z
15000368,1,16000043,16000048,16000103,16000098,16000004,16000023,20260406T194426.000Z
15000025,1,16000070,16000067,16000099,16000011,16000004,16000030,20260406T193958.000Z
15000025,1,16000070,16000067,16000099,16000011,16000004,16000030,20260406T193912.000Z
15000025,1,16000063,16000026,16000084,16000000,16000020,16000009,20260406T193151.000Z
15000025,1,16000063,16000026,16000084,16000000,16000020,16000009,20260406T192957.000Z
15000072,0,16000103,16000048,16000029,16000042,16000007,16000003,20260406T192433.000Z
15000072,0,16000103,16000048,16000029,16000042,16000007,16000003,20260406T192237.000Z
15000072,0,16000075,16000065,16000012,16000005,16000015,16000001,20260406T191828.000Z
15000072,0,16000075,16000065,16000012,16000005,16000015,16000001,20260406T191646.000Z
15000292,1,16000103,16000026,16000012,16000081,16000022,16000025,20260406T191234.000Z
15000292,1,16000103,16000026,16000012,16000081,16000022,16000025,20260406T191049.000Z
15000703,0,16000023,16000036,16000047,16000004,16000012,16000015,20260406T190508.000Z
15000703,0,16000023,16000036,16000047,16000004,16000012,16000015,20260406T190357.000Z
15000548,1,16000036,16000003,16000021,16000065,16000012,16000074,20260406T194249.000Z
15000548,1,16000036,16000003,16000021,16000065,16000012,16000074,20260406T193918.000Z
15000292,0,16000098,16000089,16000099,16000001,16000023,16000047,20260406T193355.000Z
15000292,0,16000098,16000089,16000099,16000001,16000023,16000047,20260406T193125.000Z
15000022,1,16000005,16000098,16000063,16000015,16000094,16000061,20260406T192702.000Z
15000022,1,16000005,16000098,16000063,16000015,16000094,16000061,20260406T192444.000Z
15000018,0,16000012,16000027,16000018,16000068,16000075,16000001,20260406T191935.000Z
15000018,0,16000012,16000027,16000018,16000068,16000075,16000001,20260406T191747.000Z
15000018,1,16000012,16000073,16000005,16000094,16000079,16000046,20260406T191239.000Z
15000018,1,16000012,16000073,16000005,16000094,16000079,16000046,20260406T191054.000Z
15000703,0,16000042,16000071,16000064,16000021,16000015,16000023,20260406T202718.000Z
15000703,1,16000042,16000071,16000064,16000021,16000015,16000023,20260406T202439.000Z
15000368,1,16000047,16000064,16000003,16000042,16000012,16000089,20260406T201359.000Z
15000368,1,16000047,16000064,16000003,16000042,16000012,16000089,20260406T201058.000Z
15000018,0,16000079,16000014,16000075,16000094,16000015,16000001,20260406T202219.000Z
15000018,0,16000079,16000014,16000075,16000094,16000015,16000001,20260406T202037.000Z
15000083,0,16000011,16000042,16000044,16000061,16000003,16000005,20260406T200816.000Z
15000083,0,16000011,16000042,16000044,16000061,16000003,16000005,20260406T200557.000Z
15000005,1,16000042,16000011,16000061,16000094,16000065,16000015,20260406T200030.000Z
15000005,0,16000042,16000011,16000061,16000094,16000065,16000015,20260406T195811.000Z
15000005,1,16000042,16000011,16000061,16000094,16000065,16000015,20260406T195552.000Z
15000022,0,16000061,16000042,16000011,16000012,16000065,16000036,20260406T194938.000Z
15000022,0,16000061,16000042,16000011,16000012,16000065,16000036,20260406T194738.000Z
15000018,1,16000046,16000074,16000099,16000094,16000001,16000079,20260406T202326.000Z
15000018,1,16000046,16000074,16000099,16000094,16000001,16000079,20260406T202113.000Z
15000005,1,16000015,16000021,16000023,16000079,16000099,16000012,20260406T201430.000Z
15000005,1,16000015,16000021,16000023,16000079,16000099,16000012,20260406T201211.000Z
15001021,0,16000070,16000063,16000093,16000029,16000001,16000044,20260406T200630.000Z
15001021,0,16000070,16000063,16000093,16000029,16000001,16000044,20260406T200417.000Z
15000072,1,16000040,16000001,16000079,16000094,16000059,16000046,20260406T195942.000Z
15000072,1,16000040,16000001,16000079,16000094,16000059,16000046,20260406T195721.000Z
15000300,1,16000092,16000041,16000063,16000023,16000025,16000059,20260406T201231.000Z
15000300,1,16000092,16000041,16000063,16000023,16000025,16000059,20260406T201016.000Z
15000053,1,16000074,16000002,16000005,16000095,16000073,16000001,20260406T200508.000Z
15000053,1,16000074,16000002,16000005,16000095,16000073,16000001,20260406T200319.000Z
15000368,1,16000061,16000089,16000064,16000012,16000021,16000003,20260406T195902.000Z
15000368,0,16000061,16000089,16000064,16000012,16000021,16000003,20260406T195650.000Z
15000368,1,16000061,16000089,16000064,16000012,16000021,16000003,20260406T195358.000Z
15000440,1,16000098,16000003,16000099,16000025,16000097,16000061,20260406T195122.000Z
15000440,1,16000098,16000003,16000099,16000025,16000097,16000061,20260406T194950.000Z
15000548,1,16000097,16000056,16000089,16000047,16000044,16000003,20260406T194406.000Z
15000548,1,16000097,16000056,16000089,16000047,16000044,16000003,20260406T194142.000Z
15000368,1,16000004,16000043,16000003,16000029,16000065,16000061,20260406T202650.000Z
15000368,1,16000004,16000043,16000003,16000029,16000065,16000061,20260406T202334.000Z
15000018,0,16000083,16000099,16000002,16000001,16000005,16000073,20260406T201935.000Z
15000018,1,16000083,16000099,16000002,16000001,16000005,16000073,20260406T201743.000Z
15000018,0,16000083,16000099,16000002,16000001,16000005,16000073,20260406T201541.000Z
15000025,1,16000002,16000004,16000086,16000068,16000050,16000026,20260406T201136.000Z
15000025,1,16000002,16000004,16000086,16000068,16000050,16000026,20260406T200858.000Z
15000118,1,16000050,16000099,16000012,16000005,16000029,16000028,20260406T201943.000Z
15000118,0,16000050,16000099,16000012,16000005,16000029,16000028,20260406T201627.000Z
15000118,1,16000050,16000099,16000012,16000005,16000029,16000028,20260406T201409.000Z
15000019,0,16000079,16000094,16000012,16000019,16000001,16000014,20260406T200736.000Z
15000019,0,16000079,16000094,16000012,16000019,16000001,16000014,20260406T200447.000Z
15000083,0,16000031,16000005,16000094,16000023,16000061,16000012,20260406T195659.000Z
15000083,0,16000031,16000005,16000094,16000023,16000061,16000012,20260406T195441.000Z
15000083,1,16000031,16000005,16000094,16000023,16000061,16000012,20260406T195223.000Z
15001021,1,16000050,16000023,16000012,16000040,16000005,16000028,20260406T194659.000Z
15001021,1,16000050,16000023,16000012,16000040,16000005,16000028,20260406T194411.000Z
15000010,0,16000086,16000004,16000012,16000070,16000017,16000014,20260406T193154.000Z
15000010,0,16000086,16000004,16000012,16000070,16000017,16000014,20260406T193009.000Z
15000025,1,16000050,16000030,16000023,16000004,16000005,16000026,20260406T192346.000Z
15000025,1,16000050,16000030,16000023,16000004,16000005,16000026,20260406T192201.000Z
15000440,1,16000005,16000030,16000103,16000064,16000023,16000025,20260406T191533.000Z
15000440,1,16000005,16000030,16000103,16000064,16000023,16000025,20260406T191254.000Z
15000132,1,16000012,16000044,16000030,16000014,16000059,16000081,20260406T190642.000Z
15000132,1,16000012,16000044,16000030,16000014,16000059,16000081,20260406T190354.000Z
15000022,1,16000099,16000098,16000005,16000061,16000077,16000036,20260406T185718.000Z
15000022,1,16000099,16000098,16000005,16000061,16000077,16000036,20260406T185459.000Z
15000440,0,16000030,16000012,16000061,16000071,16000065,16000064,20260406T185020.000Z
15000143,1,16000045,16000077,16000059,16000070,16000035,16000063,20260406T194840.000Z
15000143,1,16000045,16000077,16000059,16000070,16000035,16000063,20260406T194651.000Z
15000548,1,16000103,16000061,16000021,16000026,16000012,16000042,20260406T194300.000Z
15000548,1,16000103,16000061,16000021,16000026,16000012,16000042,20260406T194136.000Z
15000440,0,16000065,16000047,16000095,16000061,16000048,16000005,20260406T193110.000Z
15000440,0,16000065,16000047,16000095,16000061,16000048,16000005,20260406T192914.000Z
15000440,1,16000065,16000047,16000095,16000061,16000048,16000005,20260406T192657.000Z
15000005,0,16000036,16000015,16000099,16000098,16000042,16000079,20260406T185226.000Z
15000005,0,16000036,16000015,16000099,16000098,16000042,16000079,20260406T185007.000Z
15000022,0,16000061,16000065,16000029,16000098,16000036,16000021,20260406T203226.000Z
15000022,1,16000061,16000065,16000029,16000098,16000036,16000021,20260406T203008.000Z
15000019,0,16000065,16000071,16000099,16000046,16000002,16000001,20260406T202252.000Z
15000019,0,16000065,16000071,16000099,16000046,16000002,16000001,20260406T202124.000Z
15000011,0,16000021,16000025,16000059,16000061,16000063,16000083,20260406T201253.000Z
15000011,0,16000021,16000025,16000059,16000061,16000063,16000083,20260406T201104.000Z
15000548,0,16000065,16000056,16000103,16000023,16000099,16000046,20260406T200424.000Z
15000548,1,16000065,16000056,16000103,16000023,16000099,16000046,20260406T200146.000Z
15000548,0,16000065,16000056,16000103,16000023,16000099,16000046,20260406T195957.000Z
15000018,0,16000059,16000001,16000025,16000073,16000014,16000074,20260406T195122.000Z
15000018,0,16000059,16000001,16000025,16000073,16000014,16000074,20260406T194917.000Z
15001021,0,16000001,16000089,16000102,16000083,16000014,16000023,20260406T194412.000Z
15001021,0,16000001,16000089,16000102,16000083,16000014,16000023,20260406T194201.000Z
15001021,1,16000001,16000089,16000102,16000083,16000014,16000023,20260406T193906.000Z
15000019,1,16000065,16000012,16000099,16000025,16000015,16000046,20260406T192817.000Z
15000019,1,16000065,16000012,16000099,16000025,16000015,16000046,20260406T192529.000Z
15000293,1,16000005,16000012,16000063,16000086,16000043,16000023,20260406T191701.000Z
15000293,1,16000005,16000012,16000063,16000086,16000043,16000023,20260406T191514.000Z
15000368,1,16000064,16000099,16000021,16000003,16000046,16000005,20260406T191715.000Z
15000368,0,16000064,16000099,16000021,16000003,16000046,16000005,20260406T191558.000Z
15000368,1,16000064,16000099,16000021,16000003,16000046,16000005,20260406T191414.000Z
15000025,1,16000011,16000086,16000004,16000001,16000077,16000023,20260406T190109.000Z
15000025,1,16000011,16000086,16000004,16000001,16000077,16000023,20260406T185755.000Z
15000010,0,16000024,16000083,16000064,16000023,16000030,16000014,20260406T203229.000Z
15000019,0,16000058,16000012,16000025,16000001,16000005,16000079,20260406T202739.000Z
15000019,0,16000058,16000012,16000025,16000001,16000005,16000079,20260406T202453.000Z
15000019,1,16000058,16000012,16000025,16000001,16000005,16000079,20260406T202249.000Z
15000143,0,16000044,16000002,16000084,16000012,16000017,16000001,20260406T201721.000Z
15000143,0,16000044,16000002,16000084,16000012,16000017,16000001,20260406T201508.000Z
15000011,1,16000063,16000102,16000099,16000059,16000014,16000089,20260406T202858.000Z
15000011,1,16000063,16000102,16000099,16000059,16000014,16000089,20260406T202713.000Z
15000083,0,16000023,16000042,16000012,16000019,16000011,16000046,20260406T185948.000Z
15000083,0,16000023,16000042,16000012,16000019,16000011,16000046,20260406T185731.000Z
15000019,1,16000029,16000019,16000002,16000070,16000012,16000001,20260406T202315.000Z
15000019,1,16000029,16000019,16000002,16000070,16000012,16000001,20260406T202107.000Z
15000548,1,16000011,16000023,16000076,16000070,16000099,16000012,20260406T200637.000Z
15000548,0,16000011,16000023,16000076,16000070,16000099,16000012,20260406T200327.000Z
15000548,1,16000011,16000023,16000076,16000070,16000099,16000012,20260406T200211.000Z
15000010,1,16000063,16000011,16000023,16000081,16000095,16000059,20260406T195630.000Z
15000010,1,16000063,16000011,16000023,16000081,16000095,16000059,20260406T195424.000Z
15000010,0,16000063,16000011,16000023,16000081,16000095,16000059,20260406T195236.000Z
15000007,0,16000086,16000099,16000102,16000083,16000044,16000019,20260406T194754.000Z
15000007,0,16000086,16000099,16000102,16000083,16000044,16000019,20260406T194616.000Z
15000368,1,16000064,16000099,16000037,16000005,16000061,16000079,20260406T194000.000Z
15000368,0,16000064,16000099,16000037,16000005,16000061,16000079,20260406T193655.000Z
15000368,1,16000064,16000099,16000037,16000005,16000061,16000079,20260406T193328.000Z
15000082,1,16000099,16000011,16000003,16000102,16000030,16000021,20260406T192129.000Z
15000082,1,16000099,16000011,16000003,16000102,16000030,16000021,20260406T191937.000Z
15000082,0,16000099,16000011,16000003,16000102,16000030,16000021,20260406T191720.000Z
15000143,1,16000011,16000098,16000063,16000005,16000044,16000083,20260406T191147.000Z
15000143,1,16000011,16000098,16000063,16000005,16000044,16000083,20260406T190901.000Z
15000292,0,16000099,16000011,16000044,16000097,16000063,16000102,20260406T190305.000Z
15000292,1,16000099,16000011,16000044,16000097,16000063,16000102,20260406T190048.000Z
15000292,0,16000099,16000011,16000044,16000097,16000063,16000102,20260406T185822.000Z
15000011,1,16000084,16000083,16000099,16000011,16000059,16000063,20260406T185419.000Z
15000011,1,16000084,16000083,16000099,16000011,16000059,16000063,20260406T185145.000Z
15000053,0,16000004,16000026,16000012,16000005,16000001,16000083,20260406T201107.000Z
15000053,0,16000004,16000026,16000012,16000005,16000001,16000083,20260406T200819.000Z
15000053,1,16000004,16000026,16000012,16000005,16000001,16000083,20260406T200530.000Z
15000118,1,16000001,16000103,16000002,16000059,16000102,16000095,20260406T195232.000Z
15000118,0,16000001,16000103,16000002,16000059,16000102,16000095,20260406T195003.000Z
15000118,1,16000001,16000103,16000002,16000059,16000102,16000095,20260406T194832.000Z
15000132,1,16000083,16000001,16000004,16000063,16000103,16000005,20260406T193533.000Z
15000132,1,16000083,16000001,16000004,16000063,16000103,16000005,20260406T193245.000Z
15000132,0,16000083,16000001,16000004,16000063,16000103,16000005,20260406T193008.000Z
15000143,0,16000000,16000074,16000011,16000026,16000102,16000004,20260406T191901.000Z
15000143,0,16000000,16000074,16000011,16000026,16000102,16000004,20260406T191808.000Z
15000082,0,16000044,16000011,16000074,16000047,16000021,16000076,20260406T191113.000Z
15000082,1,16000044,16000011,16000074,16000047,16000021,16000076,20260406T190856.000Z
15000082,0,16000044,16000011,16000074,16000047,16000021,16000076,20260406T190638.000Z
15000300,1,16000095,16000063,16000023,16000102,16000099,16000005,20260406T202948.000Z
15000300,0,16000095,16000063,16000023,16000102,16000099,16000005,20260406T202801.000Z
15000300,1,16000095,16000063,16000023,16000102,16000099,16000005,20260406T202610.000Z
15000025,1,16000012,16000089,16000067,16000097,16000059,16000023,20260406T201926.000Z
15000025,1,16000012,16000089,16000067,16000097,16000059,16000023,20260406T201700.000Z
15001021,1,16000083,16000005,16000001,16000012,16000102,16000032,20260406T201136.000Z
15001021,1,16000083,16000005,16000001,16000012,16000102,16000032,20260406T200953.000Z
15000143,1,16000002,16000040,16000099,16000070,16000063,16000044,20260406T200334.000Z
15000143,0,16000002,16000040,16000099,16000070,16000063,16000044,20260406T200124.000Z
15000143,1,16000002,16000040,16000099,16000070,16000063,16000044,20260406T200027.000Z
15000548,0,16000066,16000099,16000042,16000015,16000079,16000029,20260406T203128.000Z
15000548,0,16000066,16000099,16000042,16000015,16000079,16000029,20260406T202846.000Z
15001021,1,16000006,16000074,16000089,16000098,16000012,16000059,20260406T201815.000Z
15001021,1,16000006,16000074,16000089,16000098,16000012,16000059,20260406T201527.000Z
15000440,0,16000066,16000079,16000005,16000044,16000003,16000023,20260406T200859.000Z
15000440,0,16000066,16000079,16000005,16000044,16000003,16000023,20260406T200651.000Z
15000440,1,16000005,16000099,16000003,16000087,16000061,16000023,20260406T195643.000Z
15000440,0,16000005,16000099,16000003,16000087,16000061,16000023,20260406T195404.000Z
15000440,1,16000005,16000099,16000003,16000087,16000061,16000023,20260406T195229.000Z
15001021,1,16000089,16000001,16000099,16000029,16000063,16000023,20260406T194406.000Z
15001021,0,16000089,16000001,16000099,16000029,16000063,16000023,20260406T194115.000Z
15001021,1,16000089,16000001,16000099,16000029,16000063,16000023,20260406T193827.000Z
15000132,0,16000063,16000059,16000083,16000002,16000057,16000030,20260406T193240.000Z
15000132,0,16000063,16000059,16000083,16000002,16000057,16000030,20260406T193034.000Z
15000548,1,16000047,16000079,16000005,16000044,16000021,16000023,20260406T192202.000Z
15000548,1,16000047,16000079,16000005,16000044,16000021,16000023,20260406T192006.000Z
15000007,0,16000044,16000012,16000017,16000004,16000014,16000005,20260406T191524.000Z
15000007,0,16000044,16000012,16000017,16000004,16000014,16000005,20260406T191335.000Z
15000072,1,16000015,16000078,16000059,16000073,16000042,16000079,20260406T190755.000Z
15000072,1,16000015,16000078,16000059,16000073,16000042,16000079,20260406T190517.000Z
15000072,0,16000015,16000078,16000059,16000073,16000042,16000079,20260406T190338.000Z
15000293,0,16000087,16000029,16000086,16000030,16000070,16000023,20260406T190006.000Z
15000293,0,16000087,16000029,16000086,16000030,16000070,16000023,20260406T185738.000Z
15000293,1,16000087,16000029,16000086,16000030,16000070,16000023,20260406T185452.000Z
15000143,0,16000063,16000008,16000005,16000077,16000044,16000070,20260406T203239.000Z
15000010,0,16000004,16000014,16000005,16000099,16000059,16000063,20260406T202924.000Z
15000010,0,16000004,16000014,16000005,16000099,16000059,16000063,20260406T202737.000Z
15000010,1,16000004,16000014,16000005,16000099,16000059,16000063,20260406T202544.000Z
15000115,1,16000063,16000023,16000005,16000057,16000074,16000011,20260406T201629.000Z
15000115,1,16000063,16000023,16000005,16000057,16000074,16000011,20260406T201435.000Z
15000007,1,16000004,16000059,16000005,16000097,16000014,16000063,20260406T201015.000Z
15000007,0,16000004,16000059,16000005,16000097,16000014,16000063,20260406T200809.000Z
15000007,1,16000004,16000059,16000005,16000097,16000014,16000063,20260406T200548.000Z
15000018,1,16000012,16000005,16000056,16000099,16000095,16000025,20260406T200046.000Z
15000018,0,16000012,16000005,16000056,16000099,16000095,16000025,20260406T195757.000Z
15000018,1,16000012,16000005,16000056,16000099,16000095,16000025,20260406T195509.000Z
15000703,0,16000015,16000021,16000061,16000046,16000003,16000044,20260406T194908.000Z
15000703,1,16000015,16000021,16000061,16000046,16000003,16000044,20260406T194736.000Z
15000703,0,16000015,16000021,16000061,16000046,16000003,16000044,20260406T194559.000Z
15000018,1,16000005,16000002,16000079,16000056,16000095,16000012,20260406T194056.000Z
15000018,1,16000005,16000002,16000079,16000056,16000095,16000012,20260406T193808.000Z
15000115,1,16000063,16000005,16000002,16000019,16000095,16000028,20260406T193345.000Z
15000115,1,16000063,16000005,16000002,16000019,16000095,16000028,20260406T193043.000Z
15000703,1,16000061,16000005,16000070,16000011,16000076,16000064,20260406T192620.000Z
15000703,1,16000061,16000005,16000070,16000011,16000076,16000064,20260406T192430.000Z
15000703,0,16000061,16000005,16000070,16000011,16000076,16000064,20260406T192309.000Z
15000025,1,16000005,16000045,16000098,16000002,16000059,16000004,20260406T191843.000Z
15000025,1,16000005,16000045,16000098,16000002,16000059,16000004,20260406T191617.000Z
15000053,0,16000006,16000042,16000047,16000005,16000026,16000012,20260406T201324.000Z
15000053,1,16000006,16000042,16000047,16000005,16000026,16000012,20260406T201105.000Z
15000053,0,16000006,16000042,16000047,16000005,16000026,16000012,20260406T200845.000Z
15000132,0,16000047,16000051,16000059,16000012,16000002,16000030,20260406T200252.000Z
15000132,0,16000047,16000051,16000059,16000012,16000002,16000030,20260406T200027.000Z
15000072,0,16000001,16000003,16000056,16000015,16000012,16000079,20260406T195439.000Z
15000072,0,16000001,16000003,16000056,16000015,16000012,16000079,20260406T195151.000Z
15000022,1,16000061,16000042,16000036,16000003,16000066,16000015,20260406T194608.000Z
15000022,0,16000061,16000042,16000036,16000003,16000066,16000015,20260406T194352.000Z
15000022,1,16000061,16000042,16000036,16000003,16000066,16000015,20260406T194133.000Z
15000143,1,16000049,16000012,16000059,16000089,16000013,16000103,20260406T193440.000Z
15000143,1,16000049,16000012,16000059,16000089,16000013,16000103,20260406T193328.000Z
15000548,0,16000072,16000103,16000100,16000093,16000023,16000036,20260406T192810.000Z
15000548,0,16000072,16000103,16000100,16000093,16000023,16000036,20260406T192600.000Z
15000548,1,16000072,16000103,16000100,16000093,16000023,16000036,20260406T192316.000Z
15000011,0,16000012,16000074,16000017,16000005,16000011,16000063,20260406T191812.000Z
15000011,0,16000012,16000074,16000017,16000005,16000011,16000063,20260406T191620.000Z
15000053,1,16000025,16000047,16000099,16000044,16000001,16000081,20260406T191156.000Z
15000053,1,16000025,16000047,16000099,16000044,16000001,16000081,20260406T191032.000Z
15000053,1,16000001,16000012,16000047,16000070,16000082,16000004,20260406T190505.000Z
15000053,1,16000001,16000012,16000047,16000070,16000082,16000004,20260406T190328.000Z
15000293,1,16000075,16000087,16000059,16000089,16000002,16000098,20260406T185833.000Z
15000293,1,16000075,16000087,16000059,16000089,16000002,16000098,20260406T185629.000Z
15000132,0,16000000,16000023,16000044,16000026,16000004,16000010,20260406T185125.000Z
15000115,0,16000040,16000072,16000026,16000030,16000014,16000062,20260406T202828.000Z
15000115,0,16000040,16000072,16000026,16000030,16000014,16000062,20260406T202547.000Z
15000115,1,16000040,16000072,16000026,16000030,16000014,16000062,20260406T202319.000Z
15000703,1,16000015,16000031,16000022,16000021,16000048,16000043,20260406T200825.000Z
15000703,1,16000015,16000031,16000022,16000021,16000048,16000043,20260406T200605.000Z
15000703,0,16000015,16000031,16000022,16000021,16000048,16000043,20260406T200415.000Z
15000132,1,16000004,16000026,16000083,16000070,16000080,16000059,20260406T195840.000Z
15000132,1,16000004,16000026,16000083,16000070,16000080,16000059,20260406T195720.000Z
15000132,0,16000004,16000026,16000083,16000070,16000080,16000059,20260406T195526.000Z
15000025,0,16000023,16000077,16000011,16000002,16000063,16000102,20260406T192620.000Z
15000025,0,16000023,16000077,16000011,16000002,16000063,16000102,20260406T192417.000Z
15000548,0,16000065,16000003,16000047,16000023,16000011,16000021,20260406T191748.000Z
15000548,0,16000065,16000003,16000047,16000023,16000011,16000021,20260406T191603.000Z
15000053,1,16000083,16000001,16000005,16000019,16000077,16000002,20260406T190958.000Z
15000053,1,16000083,16000001,16000005,16000019,16000077,16000002,20260406T190845.000Z
15000053,0,16000083,16000001,16000005,16000019,16000077,16000002,20260406T190623.000Z
15000132,1,16000004,16000011,16000063,16000023,16000000,16000014,20260406T185856.000Z
15000132,1,16000004,16000011,16000063,16000023,16000000,16000014,20260406T185732.000Z
15000011,1,16000001,16000012,16000103,16000059,16000095,16000004,20260406T203051.000Z
15000083,1,16000025,16000012,16000066,16000056,16000046,16000064,20260406T202051.000Z
15000083,1,16000025,16000012,16000066,16000056,16000046,16000064,20260406T201833.000Z
15000011,1,16000023,16000097,16000063,16000017,16000059,16000040,20260406T200216.000Z
15000011,0,16000023,16000097,16000063,16000017,16000059,16000040,20260406T200039.000Z
15000011,1,16000023,16000097,16000063,16000017,16000059,16000040,20260406T195837.000Z
15000010,1,16000074,16000059,16000002,16000040,16000099,16000095,20260406T194355.000Z
15000010,1,16000074,16000059,16000002,16000040,16000099,16000095,20260406T194202.000Z
15000005,0,16000026,16000061,16000079,16000011,16000021,16000064,20260406T191719.000Z
15000005,0,16000026,16000061,16000079,16000011,16000021,16000064,20260406T191501.000Z
15000005,1,16000046,16000079,16000054,16000011,16000064,16000098,20260406T185305.000Z
15000005,1,16000046,16000079,16000054,16000011,16000064,16000098,20260406T185052.000Z
15000072,1,16000012,16000083,16000025,16000099,16000078,16000075,20260406T202308.000Z
15000072,1,16000012,16000083,16000025,16000099,16000078,16000075,20260406T202041.000Z
15000292,1,16000083,16000063,16000077,16000023,16000001,16000026,20260406T201506.000Z
15000292,0,16000083,16000063,16000077,16000023,16000001,16000026,20260406T201308.000Z
15000292,1,16000083,16000063,16000077,16000023,16000001,16000026,20260406T201105.000Z
15000053,1,16000039,16000087,16000044,16000004,16000086,16000012,20260406T201335.000Z
15000053,0,16000039,16000087,16000044,16000004,16000086,16000012,20260406T201133.000Z
15000053,1,16000039,16000087,16000044,16000004,16000086,16000012,20260406T200920.000Z
15000082,1,16000018,16000087,16000076,16000059,16000070,16000089,20260406T195715.000Z
15000082,1,16000018,16000087,16000076,16000059,16000070,16000089,20260406T195522.000Z
15000132,1,16000070,16000012,16000030,16000001,16000014,16000038,20260406T195109.000Z
15000132,1,16000070,16000012,16000030,16000001,16000014,16000038,20260406T194921.000Z
15000368,0,16000022,16000064,16000089,16000001,16000021,16000023,20260406T194548.000Z
15000368,0,16000022,16000064,16000089,16000001,16000021,16000023,20260406T194306.000Z
15000292,1,16000013,16000011,16000012,16000098,16000041,16000026,20260406T193849.000Z
15000292,1,16000013,16000011,16000012,16000098,16000041,16000026,20260406T193647.000Z
15000118,0,16000001,16000026,16000012,16000004,16000002,16000005,20260406T193154.000Z
15000118,0,16000001,16000026,16000012,16000004,16000002,16000005,20260406T192819.000Z
15000118,1,16000001,16000026,16000012,16000004,16000002,16000005,20260406T192542.000Z
15000368,1,16000064,16000004,16000070,16000018,16000076,16000023,20260406T192043.000Z
15000368,1,16000064,16000004,16000070,16000018,16000076,16000023,20260406T191902.000Z
15000368,0,16000064,16000004,16000070,16000018,16000076,16000023,20260406T191637.000Z
15000007,0,16000081,16000023,16000012,16000029,16000001,16000063,20260406T201218.000Z
15000007,0,16000081,16000023,16000012,16000029,16000001,16000063,20260406T200656.000Z
15000083,0,16000044,16000094,16000021,16000023,16000081,16000093,20260406T200158.000Z
15000083,0,16000044,16000094,16000021,16000023,16000081,16000093,20260406T200030.000Z
15000011,1,16000014,16000097,16000002,16000095,16000044,16000063,20260406T195503.000Z
15000011,1,16000014,16000097,16000002,16000095,16000044,16000063,20260406T195228.000Z
15000115,1,16000014,16000005,16000023,16000038,16000002,16000089,20260406T194719.000Z
15000115,0,16000014,16000005,16000023,16000038,16000002,16000089,20260406T194446.000Z
15000115,1,16000014,16000005,16000023,16000038,16000002,16000089,20260406T194211.000Z
15000300,1,16000005,16000002,16000012,16000042,16000090,16000064,20260406T193017.000Z
15000300,1,16000005,16000002,16000012,16000042,16000090,16000064,20260406T192810.000Z
15000115,0,16000014,16000023,16000062,16000005,16000026,16000063,20260406T192019.000Z
15000115,0,16000014,16000023,16000062,16000005,16000026,16000063,20260406T191840.000Z
15000022,1,16000079,16000036,16000046,16000021,16000089,16000015,20260406T191400.000Z
15000022,1,16000079,16000036,16000046,16000021,16000089,16000015,20260406T191148.000Z
15000022,0,16000079,16000036,16000046,16000021,16000089,16000015,20260406T190929.000Z
15000548,0,16000042,16000094,16000079,16000061,16000036,16000003,20260406T203146.000Z
15000548,0,16000042,16000094,16000079,16000061,16000036,16000003,20260406T202939.000Z
15000053,1,16000086,16000070,16000099,16000002,16000001,16000083,20260406T202138.000Z
15000053,1,16000086,16000070,16000099,16000002,16000001,16000083,20260406T201850.000Z
15000053,0,16000086,16000070,16000099,16000002,16000001,16000083,20260406T201646.000Z
15000007,1,16000076,16000005,16000099,16000004,16000012,16000044,20260406T201025.000Z
15000007,1,16000076,16000005,16000099,16000004,16000012,16000044,20260406T200822.000Z
15000007,1,16000005,16000008,16000074,16000099,16000063,16000004,20260406T200114.000Z
15000007,1,16000005,16000008,16000074,16000099,16000063,16000004,20260406T195909.000Z
15000072,1,16000015,16000012,16000079,16000001,16000003,16000056,20260406T195439.000Z
15000072,1,16000015,16000012,16000079,16000001,16000003,16000056,20260406T195151.000Z
15000011,1,16000062,16000023,16000099,16000025,16000004,16000017,20260406T194603.000Z
15000011,1,16000062,16000023,16000099,16000025,16000004,16000017,20260406T194423.000Z
15000083,0,16000065,16000064,16000042,16000011,16000047,16000012,20260406T193833.000Z
15000083,0,16000065,16000064,16000042,16000011,16000047,16000012,20260406T193615.000Z
15000007,0,16000050,16000061,16000023,16000014,16000012,16000083,20260406T202848.000Z
15000007,0,16000050,16000061,16000023,16000014,16000012,16000083,20260406T202638.000Z
15000143,1,16000020,16000005,16000045,16000035,16000048,16000004,20260406T201927.000Z
15000143,1,16000020,16000005,16000045,16000035,16000048,16000004,20260406T201611.000Z
15000143,0,16000020,16000005,16000045,16000035,16000048,16000004,20260406T201413.000Z
15000132,1,16000005,16000083,16000068,16000063,16000012,16000011,20260406T200849.000Z
15000132,1,16000005,16000083,16000068,16000063,16000012,16000011,20260406T200629.000Z
15000083,1,16000044,16000061,16000000,16000015,16000043,16000069,20260406T200024.000Z
15000083,1,16000044,16000061,16000000,16000015,16000043,16000069,20260406T195918.000Z
15000440,1,16000087,16000071,16000076,16000035,16000000,16000058,20260406T195244.000Z
15000440,1,16000087,16000071,16000076,16000035,16000000,16000058,20260406T195030.000Z
15000018,0,16000074,16000005,16000073,16000007,16000002,16000003,20260406T194436.000Z
15000018,0,16000074,16000005,16000073,16000007,16000002,16000003,20260406T194248.000Z
15000025,0,16000044,16000020,16000099,16000050,16000002,16000030,20260406T193906.000Z
15000025,0,16000044,16000020,16000099,16000050,16000002,16000030,20260406T193726.000Z
15000072,0,16000046,16000079,16000036,16000039,16000003,16000012,20260406T193022.000Z
15000072,0,16000046,16000079,16000036,16000039,16000003,16000012,20260406T192814.000Z
15000022,1,16000042,16000036,16000023,16000015,16000087,16000061,20260406T192245.000Z
15000022,1,16000042,16000036,16000023,16000015,16000087,16000061,20260406T192027.000Z
15000306,1,16000102,16000064,16000020,16000019,16000012,16000073,20260406T191555.000Z
15000306,1,16000102,16000064,16000020,16000019,16000012,16000073,20260406T191345.000Z
15000053,0,16000103,16000099,16000005,16000070,16000002,16000012,20260406T195841.000Z
15000053,0,16000103,16000099,16000005,16000070,16000002,16000012,20260406T195617.000Z
15000072,1,16000012,16000099,16000005,16000079,16000078,16000015,20260406T195050.000Z
15000072,1,16000012,16000099,16000005,16000079,16000078,16000015,20260406T194900.000Z
15000072,0,16000012,16000099,16000005,16000079,16000078,16000015,20260406T194612.000Z
15000018,0,16000015,16000059,16000005,16000039,16000001,16000003,20260406T194018.000Z
15000018,1,16000015,16000059,16000005,16000039,16000001,16000003,20260406T193731.000Z
15000018,0,16000015,16000059,16000005,16000039,16000001,16000003,20260406T193443.000Z
15001021,0,16000001,16000063,16000083,16000030,16000098,16000023,20260406T192908.000Z
15001021,0,16000001,16000063,16000083,16000030,16000098,16000023,20260406T192619.000Z
15000005,1,16000046,16000042,16000061,16000021,16000048,16000079,20260406T192105.000Z
15000005,1,16000046,16000042,16000061,16000021,16000048,16000079,20260406T191846.000Z
15000306,1,16000005,16000103,16000012,16000085,16000030,16000083,20260406T191352.000Z
15000306,1,16000005,16000103,16000012,16000085,16000030,16000083,20260406T191212.000Z
15000025,1,16000012,16000089,16000026,16000063,16000070,16000004,20260406T190752.000Z
15000025,1,16000012,16000089,16000026,16000063,16000070,16000004,20260406T190633.000Z
15000118,1,16000004,16000011,16000012,16000089,16000099,16000059,20260406T203423.000Z
15000118,1,16000004,16000011,16000012,16000089,16000099,16000059,20260406T203256.000Z
15000703,1,16000046,16000047,16000102,16000023,16000001,16000025,20260406T202707.000Z
15000703,1,16000046,16000047,16000102,16000023,16000001,16000025,20260406T202554.000Z
15000115,1,16000103,16000063,16000023,16000011,16000025,16000030,20260406T202030.000Z
15000115,1,16000103,16000063,16000023,16000011,16000025,16000030,20260406T201821.000Z
15000703,1,16000096,16000076,16000064,16000059,16000072,16000021,20260406T203113.000Z
15000050,0,16000035,16000013,16000070,16000063,16000002,16000030,20260406T202640.000Z
15000050,1,16000035,16000013,16000070,16000063,16000002,16000030,20260406T202417.000Z
15000050,0,16000035,16000013,16000070,16000063,16000002,16000030,20260406T202200.000Z
15000368,1,16000076,16000096,16000103,16000061,16000037,16000065,20260406T201803.000Z
15000368,1,16000076,16000096,16000103,16000061,16000037,16000065,20260406T201631.000Z
15000548,1,16000012,16000011,16000005,16000023,16000048,16000047,20260406T201223.000Z
15000548,1,16000012,16000011,16000005,16000023,16000048,16000047,20260406T201026.000Z
15000132,1,16000074,16000070,16000017,16000062,16000002,16000059,20260406T200539.000Z
15000132,1,16000074,16000070,16000017,16000062,16000002,16000059,20260406T200251.000Z
15000132,0,16000023,16000011,16000044,16000002,16000087,16000089,20260406T195824.000Z
15000132,0,16000023,16000011,16000044,16000002,16000087,16000089,20260406T195539.000Z
15000132,0,16000023,16000011,16000044,16000002,16000087,16000089,20260406T195358.000Z
15000132,1,16000023,16000030,16000089,16000047,16000063,16000059,20260406T194731.000Z
15000132,1,16000023,16000030,16000089,16000047,16000063,16000059,20260406T194554.000Z
15000292,0,16000089,16000059,16000014,16000074,16000083,16000063,20260406T191247.000Z
15000292,0,16000089,16000059,16000014,16000074,16000083,16000063,20260406T191054.000Z
15000548,1,16000079,16000011,16000083,16000003,16000099,16000002,20260406T190555.000Z
15000548,1,16000079,16000011,16000083,16000003,16000099,16000002,20260406T190417.000Z
15000368,0,16000061,16000046,16000003,16000005,16000015,16000098,20260406T185717.000Z
15000368,0,16000061,16000046,16000003,16000005,16000015,16000098,20260406T185341.000Z
15000019,1,16000019,16000015,16000025,16000012,16000001,16000103,20260406T201907.000Z
15000019,1,16000019,16000015,16000025,16000012,16000001,16000103,20260406T201654.000Z
15000019,0,16000019,16000015,16000025,16000012,16000001,16000103,20260406T201405.000Z
15000300,1,16000029,16000005,16000083,16000063,16000019,16000012,20260406T200854.000Z
15000300,0,16000029,16000005,16000083,16000063,16000019,16000012,20260406T200643.000Z
15000300,1,16000029,16000005,16000083,16000063,16000019,16000012,20260406T200352.000Z
15000019,1,16000019,16000079,16000100,16000040,16000001,16000094,20260406T195902.000Z
15000019,1,16000019,16000079,16000100,16000040,16000001,16000094,20260406T195703.000Z
15000025,1,16000005,16000100,16000044,16000098,16000099,16000001,20260406T195309.000Z
15000025,1,16000005,16000100,16000044,16000098,16000099,16000001,20260406T195157.000Z
15000300,1,16000005,16000014,16000094,16000011,16000029,16000059,20260406T194752.000Z
15000300,0,16000005,16000014,16000094,16000011,16000029,16000059,20260406T194537.000Z
15000300,1,16000005,16000014,16000094,16000011,16000029,16000059,20260406T194247.000Z
15000703,0,16000074,16000083,16000023,16000021,16000044,16000066,20260406T193828.000Z
15000703,0,16000074,16000083,16000023,16000021,16000044,16000066,20260406T193445.000Z
15000368,1,16000023,16000046,16000031,16000064,16000021,16000061,20260406T191939.000Z
15000368,1,16000023,16000046,16000031,16000064,16000021,16000061,20260406T191832.000Z
15000025,1,16000099,16000020,16000103,16000012,16000083,16000086,20260406T191426.000Z
15000025,1,16000099,16000020,16000103,16000012,16000083,16000086,20260406T191155.000Z
15000025,0,16000099,16000020,16000103,16000012,16000083,16000086,20260406T191102.000Z
15000703,0,16000076,16000090,16000098,16000021,16000001,16000011,20260406T190731.000Z
15000703,0,16000076,16000090,16000098,16000021,16000001,16000011,20260406T190527.000Z
15000440,1,16000103,16000022,16000074,16000023,16000098,16000089,20260406T190100.000Z
15000440,1,16000103,16000022,16000074,16000023,16000098,16000089,20260406T185744.000Z
15000440,0,16000103,16000022,16000074,16000023,16000098,16000089,20260406T185456.000Z
15000005,0,16000023,16000046,16000036,16000021,16000042,16000003,20260406T193105.000Z
15000005,0,16000023,16000046,16000036,16000021,16000042,16000003,20260406T192847.000Z
15000703,0,16000102,16000005,16000079,16000046,16000011,16000023,20260406T192339.000Z
15000703,0,16000102,16000005,16000079,16000046,16000011,16000023,20260406T192124.000Z
15000703,1,16000102,16000005,16000079,16000046,16000011,16000023,20260406T191842.000Z
15000548,1,16000003,16000015,16000099,16000079,16000029,16000001,20260406T191123.000Z
15000548,1,16000003,16000015,16000099,16000079,16000029,16000001,20260406T190923.000Z
15000011,1,16000014,16000025,16000017,16000026,16000045,16000063,20260406T190349.000Z
15000011,1,16000014,16000025,16000017,16000026,16000045,16000063,20260406T190139.000Z
15000011,1,16000023,16000102,16000025,16000012,16000081,16000017,20260406T185619.000Z
15000011,1,16000023,16000102,16000025,16000012,16000081,16000017,20260406T185427.000Z
15000011,0,16000023,16000102,16000025,16000012,16000081,16000017,20260406T185222.000Z
15000019,1,16000025,16000012,16000079,16000001,16000078,16000059,20260406T203251.000Z
15000019,1,16000025,16000012,16000079,16000001,16000078,16000059,20260406T203108.000Z
15000703,0,16000003,16000089,16000014,16000079,16000042,16000036,20260406T202613.000Z
15000703,0,16000003,16000089,16000014,16000079,16000042,16000036,20260406T202227.000Z
15000025,0,16000077,16000023,16000042,16000002,16000101,16000063,20260406T201651.000Z
15000025,0,16000077,16000023,16000042,16000002,16000101,16000063,20260406T201426.000Z
15000005,0,16000021,16000042,16000093,16000065,16000023,16000079,20260406T200821.000Z
15000005,0,16000021,16000042,16000093,16000065,16000023,16000079,20260406T200603.000Z
15000368,0,16000061,16000003,16000066,16000079,16000004,16000076,20260406T203414.000Z
15000072,1,16000083,16000095,16000001,16000015,16000042,16000079,20260406T202730.000Z
15000072,0,16000083,16000095,16000001,16000015,16000042,16000079,20260406T202511.000Z
15000072,1,16000083,16000095,16000001,16000015,16000042,16000079,20260406T202256.000Z
15000082,0,16000103,16000047,16000011,16000094,16000085,16000061,20260406T201842.000Z
15000082,1,16000103,16000047,16000011,16000094,16000085,16000061,20260406T201648.000Z
15000082,0,16000103,16000047,16000011,16000094,16000085,16000061,20260406T201431.000Z
15000703,1,16000011,16000023,16000042,16000005,16000061,16000079,20260406T200809.000Z
15000703,1,16000011,16000023,16000042,16000005,16000061,16000079,20260406T200418.000Z
15000011,1,16000005,16000002,16000014,16000083,16000051,16000057,20260406T200006.000Z
15000011,1,16000005,16000002,16000014,16000083,16000051,16000057,20260406T195817.000Z
15000143,1,16000098,16000030,16000063,16000014,16000023,16000026,20260406T195000.000Z
15000143,1,16000098,16000030,16000063,16000014,16000023,16000026,20260406T194843.000Z
15000022,1,16000023,16000099,16000001,16000042,16000036,16000097,20260406T194153.000Z
15000022,1,16000023,16000099,16000001,16000042,16000036,16000097,20260406T193957.000Z
15000053,0,16000012,16000082,16000023,16000063,16000083,16000026,20260406T193558.000Z
15000053,1,16000012,16000082,16000023,16000063,16000083,16000026,20260406T193405.000Z
15000053,0,16000012,16000082,16000023,16000063,16000083,16000026,20260406T193131.000Z
15000050,0,16000004,16000008,16000030,16000099,16000098,16000063,20260406T192423.000Z
15000050,0,16000004,16000008,16000030,16000099,16000098,16000063,20260406T192251.000Z
15000005,0,16000036,16000081,16000079,16000011,16000042,16000003,20260406T191921.000Z
15000005,0,16000036,16000081,16000079,16000011,16000042,16000003,20260406T191702.000Z
15000018,0,16000012,16000002,16000079,16000001,16000075,16000005,20260406T191220.000Z
15000018,1,16000012,16000002,16000079,16000001,16000075,16000005,20260406T191010.000Z
15000018,0,16000012,16000002,16000079,16000001,16000075,16000005,20260406T190757.000Z
15000306,1,16000014,16000026,16000098,16000070,16000102,16000006,20260406T202214.000Z
15000306,1,16000014,16000026,16000098,16000070,16000102,16000006,20260406T202034.000Z
15000548,1,16000079,16000012,16000021,16000064,16000099,16000023,20260406T203540.000Z
15000548,0,16000079,16000012,16000021,16000064,16000099,16000023,20260406T203330.000Z
15000548,1,16000079,16000012,16000021,16000064,16000099,16000023,20260406T203025.000Z
15000018,0,16000066,16000005,16000099,16000083,16000079,16000012,20260406T202609.000Z
15000018,0,16000066,16000005,16000099,16000083,16000079,16000012,20260406T202321.000Z
15000082,1,16000002,16000047,16000019,16000005,16000081,16000025,20260406T201406.000Z
15000082,1,16000002,16000047,16000019,16000005,16000081,16000025,20260406T201148.000Z
15000368,0,16000061,16000042,16000037,16000046,16000064,16000097,20260406T200651.000Z
15000368,1,16000061,16000042,16000037,16000046,16000064,16000097,20260406T200410.000Z
15000368,0,16000061,16000042,16000037,16000046,16000064,16000097,20260406T200204.000Z
15001021,1,16000001,16000089,16000012,16000101,16000025,16000023,20260406T192931.000Z
15001021,1,16000001,16000089,16000012,16000101,16000025,16000023,20260406T192733.000Z
15000011,1,16000023,16000063,16000099,16000040,16000044,16000095,20260406T191928.000Z
15000011,1,16000023,16000063,16000099,16000040,16000044,16000095,20260406T191743.000Z
15000025,1,16000087,16000089,16000098,16000002,16000005,16000012,20260406T185911.000Z
15000025,1,16000087,16000089,16000098,16000002,16000005,16000012,20260406T185627.000Z
15000072,0,16000079,16000042,16000056,16000099,16000036,16000087,20260406T203546.000Z
15000007,0,16000063,16000099,16000012,16000014,16000093,16000017,20260406T195854.000Z
15000007,1,16000063,16000099,16000012,16000014,16000093,16000017,20260406T195709.000Z
15000007,0,16000063,16000099,16000012,16000014,16000093,16000017,20260406T195520.000Z
15000703,1,16000036,16000098,16000003,16000046,16000037,16000042,20260406T202840.000Z
15001021,1,16000026,16000103,16000012,16000085,16000023,16000102,20260406T202233.000Z
15001021,1,16000026,16000103,16000012,16000085,16000023,16000102,20260406T202031.000Z
15000053,1,16000004,16000075,16000026,16000102,16000073,16000012,20260406T201412.000Z
15000053,1,16000004,16000075,16000026,16000102,16000073,16000012,20260406T201224.000Z
15000053,0,16000004,16000075,16000026,16000102,16000073,16000012,20260406T201038.000Z
15000082,1,16000025,16000086,16000023,16000005,16000021,16000087,20260406T193613.000Z
15000082,1,16000025,16000086,16000023,16000005,16000021,16000087,20260406T193416.000Z
15000082,0,16000025,16000086,16000023,16000005,16000021,16000087,20260406T193158.000Z
15000368,1,16000018,16000021,16000005,16000003,16000023,16000064,20260406T192653.000Z
15000368,1,16000018,16000021,16000005,16000003,16000023,16000064,20260406T192523.000Z
15000050,0,16000014,16000002,16000026,16000050,16000012,16000030,20260406T191432.000Z
15000050,0,16000014,16000002,16000026,16000050,16000012,16000030,20260406T191217.000Z
15001021,1,16000023,16000005,16000012,16000063,16000099,16000030,20260406T190006.000Z
15001021,1,16000023,16000005,16000012,16000063,16000099,16000030,20260406T185717.000Z
15001021,0,16000023,16000005,16000012,16000063,16000099,16000030,20260406T185343.000Z
15000703,1,16000023,16000097,16000047,16000005,16000068,16000003,20260406T195418.000Z
15000703,1,16000023,16000097,16000047,16000005,16000068,16000003,20260406T195136.000Z
15000011,1,16000014,16000005,16000061,16000063,16000074,16000099,20260406T194555.000Z
15000011,1,16000014,16000005,16000061,16000063,16000074,16000099,20260406T194327.000Z
15000293,1,16000059,16000011,16000047,16000102,16000069,16000002,20260406T193900.000Z
15000293,0,16000059,16000011,16000047,16000102,16000069,16000002,20260406T193702.000Z
15000293,1,16000059,16000011,16000047,16000102,16000069,16000002,20260406T193503.000Z
15000011,1,16000052,16000012,16000063,16000014,16000023,16000095,20260406T193033.000Z
15000011,1,16000052,16000012,16000063,16000014,16000023,16000095,20260406T192817.000Z
15000292,1,16000098,16000012,16000028,16000103,16000038,16000040,20260406T203546.000Z
15000007,1,16000014,16000041,16000051,16000085,16000097,16000067,20260406T194246.000Z
15000007,1,16000014,16000041,16000051,16000085,16000097,16000067,20260406T194052.000Z
15000007,0,16000014,16000041,16000051,16000085,16000097,16000067,20260406T193833.000Z
15000115,1,16000002,16000098,16000063,16000038,16000030,16000001,20260406T193337.000Z
15000115,1,16000002,16000098,16000063,16000038,16000030,16000001,20260406T193157.000Z
15000306,1,16000043,16000012,16000022,16000102,16000097,16000009,20260406T192702.000Z
15000306,1,16000043,16000012,16000022,16000102,16000097,16000009,20260406T192517.000Z
15000018,1,16000003,16000087,16000075,16000001,16000012,16000036,20260406T192030.000Z
15000018,1,16000003,16000087,16000075,16000001,16000012,16000036,20260406T191900.000Z
15000005,1,16000077,16000003,16000103,16000015,16000065,16000001,20260406T191430.000Z
15000005,0,16000077,16000003,16000103,16000015,16000065,16000001,20260406T191253.000Z
15000005,1,16000077,16000003,16000103,16000015,16000065,16000001,20260406T191047.000Z
15000118,0,16000102,16000012,16000077,16000085,16000001,16000070,20260406T190643.000Z
15000118,0,16000102,16000012,16000077,16000085,16000001,16000070,20260406T190354.000Z
15000300,1,16000005,16000011,16000012,16000047,16000014,16000002,20260406T185929.000Z
15000300,1,16000005,16000011,16000012,16000047,16000014,16000002,20260406T185722.000Z
15000022,1,16000092,16000005,16000012,16000022,16000015,16000004,20260406T185235.000Z
15000368,1,16000074,16000021,16000003,16000046,16000012,16000015,20260406T203505.000Z
15000010,1,16000099,16000059,16000063,16000004,16000014,16000005,20260406T202924.000Z
15000010,1,16000099,16000059,16000063,16000004,16000014,16000005,20260406T202737.000Z
15000010,0,16000099,16000059,16000063,16000004,16000014,16000005,20260406T202544.000Z
15000019,1,16000005,16000025,16000026,16000070,16000019,16000079,20260406T202051.000Z
15000019,0,16000005,16000025,16000026,16000070,16000019,16000079,20260406T201838.000Z
15000019,1,16000005,16000025,16000026,16000070,16000019,16000079,20260406T201550.000Z
15000010,0,16000004,16000095,16000023,16000044,16000026,16000001,20260406T201107.000Z
15000010,1,16000004,16000095,16000023,16000044,16000026,16000001,20260406T200930.000Z
15000010,0,16000004,16000095,16000023,16000044,16000026,16000001,20260406T200737.000Z
15000018,1,16000027,16000079,16000058,16000102,16000012,16000039,20260406T200158.000Z
15000018,0,16000027,16000079,16000058,16000102,16000012,16000039,20260406T195920.000Z
15000018,1,16000027,16000079,16000058,16000102,16000012,16000039,20260406T195800.000Z
15000548,0,16000021,16000095,16000003,16000005,16000023,16000048,20260406T195222.000Z
15000548,0,16000021,16000095,16000003,16000005,16000023,16000048,20260406T194906.000Z
15000548,1,16000021,16000095,16000003,16000005,16000023,16000048,20260406T194609.000Z
15000025,0,16000004,16000099,16000077,16000063,16000089,16000085,20260406T194013.000Z
15000025,0,16000004,16000099,16000077,16000063,16000089,16000085,20260406T193628.000Z
15001021,0,16000098,16000012,16000074,16000005,16000063,16000004,20260406T193228.000Z
15001021,0,16000098,16000012,16000074,16000005,16000063,16000004,20260406T192925.000Z
15001021,0,16000098,16000012,16000074,16000005,16000063,16000004,20260406T192537.000Z
15001021,0,16000063,16000014,16000089,16000083,16000005,16000001,20260406T192006.000Z
15001021,0,16000063,16000014,16000089,16000083,16000005,16000001,20260406T191900.000Z
15000007,1,16000002,16000061,16000004,16000044,16000014,16000097,20260406T203447.000Z
15000083,1,16000002,16000101,16000061,16000043,16000022,16000042,20260406T202857.000Z
15000083,1,16000002,16000101,16000061,16000043,16000022,16000042,20260406T202638.000Z
15000083,0,16000002,16000101,16000061,16000043,16000022,16000042,20260406T202420.000Z
15000011,1,16000030,16000004,16000014,16000074,16000083,16000012,20260406T201825.000Z
15000011,1,16000030,16000004,16000014,16000074,16000083,16000012,20260406T201636.000Z
15000548,0,16000015,16000056,16000003,16000047,16000042,16000061,20260406T201039.000Z
15000548,0,16000015,16000056,16000003,16000047,16000042,16000061,20260406T200730.000Z
15000010,1,16000014,16000030,16000004,16000017,16000026,16000012,20260406T200035.000Z
15000010,1,16000014,16000030,16000004,16000017,16000026,16000012,20260406T195841.000Z
15000306,1,16000014,16000103,16000030,16000044,16000005,16000002,20260406T195328.000Z
15000306,1,16000014,16000103,16000030,16000044,16000005,16000002,20260406T195151.000Z
15000703,1,16000005,16000044,16000023,16000064,16000071,16000021,20260406T203304.000Z
15000703,0,16000005,16000044,16000023,16000064,16000071,16000021,20260406T203037.000Z
15000703,1,16000005,16000044,16000023,16000064,16000071,16000021,20260406T202904.000Z
15000306,1,16000006,16000012,16000005,16000001,16000063,16000099,20260406T202335.000Z
15000306,1,16000006,16000012,16000005,16000001,16000063,16000099,20260406T202101.000Z
15000132,0,16000102,16000059,16000011,16000008,16000089,16000014,20260406T201438.000Z
15000132,0,16000102,16000059,16000011,16000008,16000089,16000014,20260406T201125.000Z
15000300,0,16000016,16000023,16000046,16000005,16000012,16000040,20260406T200341.000Z
15000300,0,16000016,16000023,16000046,16000005,16000012,16000040,20260406T200118.000Z
15000300,1,16000016,16000023,16000046,16000005,16000012,16000040,20260406T195925.000Z
15000050,0,16000044,16000063,16000005,16000004,16000057,16000086,20260406T195351.000Z
15000050,0,16000044,16000063,16000005,16000004,16000057,16000086,20260406T195121.000Z
15000300,1,16000068,16000005,16000014,16000046,16000085,16000012,20260406T194814.000Z
15000300,1,16000068,16000005,16000014,16000046,16000085,16000012,20260406T194606.000Z
15000300,0,16000068,16000005,16000014,16000046,16000085,16000012,20260406T194318.000Z
15000022,0,16000012,16000036,16000042,16000098,16000097,16000005,20260406T193806.000Z
15000022,0,16000012,16000036,16000042,16000098,16000097,16000005,20260406T193548.000Z
15000018,1,16000073,16000059,16000044,16000036,16000056,16000039,20260406T193018.000Z
15000018,1,16000073,16000059,16000044,16000036,16000056,16000039,20260406T192836.000Z
15000025,0,16000004,16000077,16000005,16000102,16000098,16000030,20260406T192157.000Z
15000025,0,16000004,16000077,16000005,16000102,16000098,16000030,20260406T192035.000Z
15000025,1,16000004,16000077,16000005,16000102,16000098,16000030,20260406T191747.000Z
15000703,0,16000002,16000103,16000012,16000043,16000015,16000023,20260406T191214.000Z
15000703,0,16000002,16000103,16000012,16000043,16000015,16000023,20260406T190850.000Z
15000025,0,16000026,16000103,16000099,16000030,16000011,16000054,20260406T203407.000Z
15000025,1,16000026,16000103,16000099,16000030,16000011,16000054,20260406T203119.000Z
15000025,0,16000026,16000103,16000099,16000030,16000011,16000054,20260406T203005.000Z
15001021,1,16000005,16000012,16000026,16000099,16000023,16000040,20260406T203511.000Z
15000019,1,16000073,16000005,16000046,16000078,16000001,16000059,20260406T202417.000Z
15000019,0,16000073,16000005,16000046,16000078,16000001,16000059,20260406T202208.000Z
15000019,1,16000073,16000005,16000046,16000078,16000001,16000059,20260406T202026.000Z
15000050,0,16000001,16000086,16000023,16000102,16000063,16000011,20260406T201455.000Z
15000050,0,16000001,16000086,16000023,16000102,16000063,16000011,20260406T201237.000Z
15001021,1,16000103,16000002,16000005,16000045,16000000,16000089,20260406T200711.000Z
15001021,1,16000103,16000002,16000005,16000045,16000000,16000089,20260406T200350.000Z
15001021,0,16000103,16000002,16000005,16000045,16000000,16000089,20260406T200213.000Z
15000083,1,16000021,16000042,16000023,16000061,16000012,16000015,20260406T195617.000Z
15000083,1,16000021,16000042,16000023,16000061,16000012,16000015,20260406T195426.000Z
15000548,1,16000021,16000093,16000012,16000003,16000047,16000072,20260406T194947.000Z
15000548,1,16000021,16000093,16000012,16000003,16000047,16000072,20260406T194612.000Z
15000072,1,16000001,16000042,16000079,16000015,16000036,16000012,20260406T193856.000Z
15000072,1,16000001,16000042,16000079,16000015,16000036,16000012,20260406T193724.000Z
15000007,0,16000014,16000011,16000012,16000023,16000017,16000002,20260406T193042.000Z
15000007,1,16000014,16000011,16000012,16000023,16000017,16000002,20260406T192904.000Z
15000007,0,16000014,16000011,16000012,16000023,16000017,16000002,20260406T192621.000Z
15000018,1,16000074,16000073,16000059,16000079,16000078,16000036,20260406T203629.000Z
15000072,0,16000079,16000046,16000094,16000001,16000036,16000012,20260406T193201.000Z
15000072,0,16000079,16000046,16000094,16000001,16000036,16000012,20260406T192954.000Z
15000072,1,16000079,16000046,16000094,16000001,16000036,16000012,20260406T192813.000Z
15000083,1,16000046,16000005,16000011,16000089,16000021,16000023,20260406T192322.000Z
15000083,1,16000046,16000005,16000011,16000089,16000021,16000023,20260406T192104.000Z
15000082,1,16000071,16000086,16000064,16000002,16000103,16000069,20260406T191207.000Z
15000082,1,16000071,16000086,16000064,16000002,16000103,16000069,20260406T191001.000Z
15000082,0,16000071,16000086,16000064,16000002,16000103,16000069,20260406T190809.000Z
15000292,0,16000098,16000030,16000023,16000063,16000085,16000099,20260406T190329.000Z
15000292,0,16000098,16000030,16000023,16000063,16000085,16000099,20260406T190125.000Z
15000292,1,16000098,16000030,16000023,16000063,16000085,16000099,20260406T185939.000Z
15000293,1,16000059,16000023,16000011,16000002,16000070,16000087,20260406T193634.000Z
15000293,1,16000059,16000023,16000011,16000002,16000070,16000087,20260406T193422.000Z
15000025,1,16000089,16000004,16000063,16000086,16000044,16000098,20260406T192914.000Z
15000025,0,16000089,16000004,16000063,16000086,16000044,16000098,20260406T192626.000Z
15000025,0,16000089,16000004,16000063,16000086,16000044,16000098,20260406T192237.000Z
15000115,1,16000049,16000025,16000063,16000014,16000083,16000012,20260406T191801.000Z
15000115,0,16000049,16000025,16000063,16000014,16000083,16000012,20260406T191541.000Z
15000115,1,16000049,16000025,16000063,16000014,16000083,16000012,20260406T191246.000Z
15000005,1,16000064,16000036,16000099,16000079,16000046,16000042,20260406T185507.000Z
15000005,1,16000064,16000036,16000099,16000079,16000046,16000042,20260406T185332.000Z
15000132,0,16000012,16000005,16000044,16000026,16000004,16000070,20260406T190311.000Z
15000132,0,16000012,16000005,16000044,16000026,16000004,16000070,20260406T190023.000Z
15000132,1,16000012,16000005,16000044,16000026,16000004,16000070,20260406T185734.000Z
15000440,1,16000077,16000099,16000064,16000081,16000061,16000047,20260406T194157.000Z
15000440,0,16000077,16000099,16000064,16000081,16000061,16000047,20260406T193908.000Z
15000440,1,16000077,16000099,16000064,16000081,16000061,16000047,20260406T193700.000Z
15000022,1,16000012,16000089,16000003,16000094,16000029,16000023,20260406T193118.000Z
15000022,1,16000012,16000089,16000003,16000094,16000029,16000023,20260406T192859.000Z
15000022,0,16000012,16000089,16000003,16000094,16000029,16000023,20260406T192640.000Z
15000306,1,16000011,16000102,16000086,16000012,16000014,16000098,20260406T192058.000Z
15000306,0,16000011,16000102,16000086,16000012,16000014,16000098,20260406T191846.000Z
15000306,1,16000011,16000102,16000086,16000012,16000014,16000098,20260406T191626.000Z
15000053,1,16000102,16000002,16000075,16000078,16000004,16000005,20260406T191110.000Z
15000053,1,16000102,16000002,16000075,16000078,16000004,16000005,20260406T190857.000Z
15000025,0,16000102,16000071,16000010,16000026,16000028,16000054,20260406T202424.000Z
15000010,1,16000044,16000030,16000059,16000095,16000102,16000004,20260406T203252.000Z
15000010,1,16000044,16000030,16000059,16000095,16000102,16000004,20260406T203058.000Z
15000019,0,16000040,16000012,16000073,16000019,16000094,16000070,20260406T202702.000Z
15000019,0,16000040,16000012,16000073,16000019,16000094,16000070,20260406T202535.000Z
15000019,1,16000040,16000012,16000073,16000019,16000094,16000070,20260406T202337.000Z
15000132,0,16000030,16000025,16000005,16000023,16000002,16000059,20260406T201910.000Z
15000132,0,16000030,16000025,16000005,16000023,16000002,16000059,20260406T201720.000Z
15000022,1,16000023,16000015,16000081,16000061,16000042,16000065,20260406T201143.000Z
15000022,0,16000023,16000015,16000081,16000061,16000042,16000065,20260406T200929.000Z
15000022,1,16000023,16000015,16000081,16000061,16000042,16000065,20260406T200710.000Z
15000440,1,16000022,16000023,16000046,16000003,16000102,16000012,20260406T200202.000Z
15000440,1,16000022,16000023,16000046,16000003,16000102,16000012,20260406T195917.000Z
15000007,1,16000014,16000019,16000001,16000005,16000004,16000070,20260406T195407.000Z
15000007,1,16000014,16000019,16000001,16000005,16000004,16000070,20260406T195223.000Z
15000018,0,16000079,16000039,16000073,16000049,16000078,16000070,20260406T194451.000Z
15000018,0,16000079,16000039,16000073,16000049,16000078,16000070,20260406T194345.000Z
15000368,1,16000099,16000023,16000022,16000003,16000011,16000065,20260406T194008.000Z
15000368,0,16000099,16000023,16000022,16000003,16000011,16000065,20260406T193807.000Z
15000368,1,16000099,16000023,16000022,16000003,16000011,16000065,20260406T193652.000Z
15000022,1,16000023,16000021,16000077,16000012,16000061,16000003,20260406T203439.000Z
15000022,0,16000023,16000021,16000077,16000012,16000061,16000003,20260406T203236.000Z
15000022,1,16000023,16000021,16000077,16000012,16000061,16000003,20260406T203018.000Z
15000292,1,16000005,16000014,16000063,16000077,16000002,16000012,20260406T200135.000Z
15000292,0,16000005,16000014,16000063,16000077,16000002,16000012,20260406T195845.000Z
15000292,1,16000005,16000014,16000063,16000077,16000002,16000012,20260406T195635.000Z
15000050,0,16000002,16000004,16000059,16000044,16000063,16000026,20260406T194813.000Z
15000050,0,16000002,16000004,16000059,16000044,16000063,16000026,20260406T194716.000Z
15000292,0,16000092,16000014,16000023,16000102,16000026,16000041,20260406T194303.000Z
15000292,0,16000092,16000014,16000023,16000102,16000026,16000041,20260406T194032.000Z
15000548,1,16000079,16000042,16000029,16000099,16000003,16000061,20260406T200307.000Z
15000548,1,16000079,16000042,16000029,16000099,16000003,16000061,20260406T200100.000Z
15000005,1,16000061,16000021,16000079,16000036,16000015,16000023,20260406T195358.000Z
15000005,0,16000061,16000021,16000079,16000036,16000015,16000023,20260406T195219.000Z
15000005,1,16000061,16000021,16000079,16000036,16000015,16000023,20260406T195010.000Z
15000368,1,16000071,16000048,16000064,16000011,16000046,16000103,20260406T194549.000Z
15000368,1,16000071,16000048,16000064,16000011,16000046,16000103,20260406T194446.000Z
15000548,0,16000015,16000064,16000061,16000021,16000046,16000072,20260406T194031.000Z
15000548,0,16000015,16000064,16000061,16000021,16000046,16000072,20260406T193856.000Z
15000132,1,16000004,16000002,16000059,16000012,16000044,16000095,20260406T193022.000Z
15000132,1,16000004,16000002,16000059,16000012,16000044,16000095,20260406T192734.000Z
15000293,1,16000085,16000089,16000077,16000004,16000102,16000023,20260406T192421.000Z
15000293,1,16000085,16000089,16000077,16000004,16000102,16000023,20260406T192244.000Z
15000019,0,16000005,16000075,16000078,16000099,16000002,16000018,20260406T191832.000Z
15000019,0,16000005,16000075,16000078,16000099,16000002,16000018,20260406T191657.000Z
15000019,1,16000005,16000075,16000078,16000099,16000002,16000018,20260406T191515.000Z
15000300,1,16000014,16000029,16000026,16000005,16000012,16000023,20260406T191138.000Z
15000300,1,16000014,16000029,16000026,16000005,16000012,16000023,20260406T190935.000Z
15000022,0,16000015,16000046,16000065,16000014,16000061,16000029,20260406T192456.000Z
15000022,0,16000015,16000046,16000065,16000014,16000061,16000029,20260406T192237.000Z
15000300,0,16000027,16000101,16000103,16000054,16000007,16000077,20260406T191655.000Z
15000300,0,16000027,16000101,16000103,16000054,16000007,16000077,20260406T191419.000Z
15000300,1,16000027,16000101,16000103,16000054,16000007,16000077,20260406T191158.000Z
15000010,0,16000028,16000103,16000063,16000044,16000023,16000081,20260406T213931.000Z
15000132,1,16000057,16000005,16000023,16000063,16000026,16000044,20260406T213511.000Z
15000132,1,16000057,16000005,16000023,16000063,16000026,16000044,20260406T213414.000Z
15000082,1,16000103,16000005,16000086,16000099,16000002,16000012,20260406T212841.000Z
15000082,1,16000103,16000005,16000086,16000099,16000002,16000012,20260406T212647.000Z
15000050,1,16000063,16000057,16000098,16000059,16000102,16000011,20260406T212156.000Z
15000050,1,16000063,16000057,16000098,16000059,16000102,16000011,20260406T211944.000Z
15000440,1,16000064,16000079,16000021,16000037,16000003,16000005,20260406T211430.000Z
15000440,1,16000064,16000079,16000021,16000037,16000003,16000005,20260406T211206.000Z
15000440,1,16000023,16000079,16000064,16000021,16000003,16000074,20260406T210708.000Z
15000440,1,16000023,16000079,16000064,16000021,16000003,16000074,20260406T210458.000Z
15000440,0,16000023,16000079,16000064,16000021,16000003,16000074,20260406T210235.000Z
15000440,1,16000064,16000047,16000022,16000102,16000005,16000073,20260406T205358.000Z
15000440,1,16000064,16000047,16000022,16000102,16000005,16000073,20260406T205036.000Z
15000143,1,16000057,16000009,16000011,16000074,16000023,16000059,20260406T204505.000Z
15000143,1,16000057,16000009,16000011,16000074,16000023,16000059,20260406T204217.000Z
15000132,0,16000063,16000062,16000030,16000002,16000004,16000102,20260406T203534.000Z
15000132,0,16000063,16000062,16000030,16000002,16000004,16000102,20260406T203246.000Z
15000132,1,16000063,16000062,16000030,16000002,16000004,16000102,20260406T202958.000Z
15000548,1,16000023,16000003,16000046,16000047,16000021,16000089,20260406T202421.000Z
15000368,1,16000098,16000042,16000023,16000061,16000021,16000046,20260406T212603.000Z
15000368,1,16000098,16000042,16000023,16000061,16000021,16000046,20260406T212359.000Z
15000019,1,16000099,16000079,16000001,16000063,16000015,16000025,20260406T211719.000Z
15000019,1,16000099,16000079,16000001,16000063,16000015,16000025,20260406T211436.000Z
15000019,0,16000099,16000079,16000001,16000063,16000015,16000025,20260406T211147.000Z
15000143,1,16000001,16000002,16000045,16000030,16000005,16000098,20260406T210640.000Z
15000143,1,16000001,16000002,16000045,16000030,16000005,16000098,20260406T210443.000Z
15000143,0,16000001,16000002,16000045,16000030,16000005,16000098,20260406T210156.000Z
15000548,0,16000029,16000064,16000023,16000062,16000103,16000021,20260406T205212.000Z
15000548,0,16000029,16000064,16000023,16000062,16000103,16000021,20260406T204955.000Z
15000548,1,16000029,16000064,16000023,16000062,16000103,16000021,20260406T204830.000Z
15000118,0,16000005,16000011,16000099,16000026,16000103,16000083,20260406T204421.000Z
15000118,0,16000005,16000011,16000099,16000026,16000103,16000083,20260406T204133.000Z
15000011,1,16000023,16000004,16000011,16000014,16000002,16000089,20260406T203349.000Z
15000011,1,16000023,16000004,16000011,16000014,16000002,16000089,20260406T203137.000Z
15000703,1,16000099,16000036,16000042,16000098,16000064,16000003,20260406T202617.000Z
15000703,1,16000099,16000036,16000042,16000098,16000064,16000003,20260406T202312.000Z
15000011,1,16000102,16000005,16000095,16000057,16000004,16000059,20260406T213643.000Z
15000011,0,16000102,16000005,16000095,16000057,16000004,16000059,20260406T213414.000Z
15000011,1,16000102,16000005,16000095,16000057,16000004,16000059,20260406T213119.000Z
15000083,1,16000014,16000025,16000011,16000005,16000002,16000102,20260406T212549.000Z
15000083,1,16000014,16000025,16000011,16000005,16000002,16000102,20260406T212432.000Z
15000548,1,16000023,16000047,16000056,16000068,16000036,16000065,20260406T211956.000Z
15000548,1,16000023,16000047,16000056,16000068,16000036,16000065,20260406T211820.000Z
15000072,0,16000039,16000001,16000025,16000012,16000056,16000099,20260406T211419.000Z
15000072,0,16000039,16000001,16000025,16000012,16000056,16000099,20260406T211131.000Z
15000072,1,16000039,16000001,16000025,16000012,16000056,16000099,20260406T210843.000Z
15000300,1,16000083,16000103,16000005,16000001,16000029,16000013,20260406T210126.000Z
15000300,1,16000083,16000103,16000005,16000001,16000029,16000013,20260406T205925.000Z
15000132,0,16000030,16000023,16000099,16000059,16000103,16000005,20260406T205444.000Z
15000132,0,16000030,16000023,16000099,16000059,16000103,16000005,20260406T205236.000Z
15000050,0,16000059,16000012,16000102,16000004,16000063,16000025,20260406T204747.000Z
15000050,0,16000059,16000012,16000102,16000004,16000063,16000025,20260406T204458.000Z
15000050,1,16000059,16000012,16000102,16000004,16000063,16000025,20260406T204239.000Z
15000440,1,16000022,16000046,16000103,16000002,16000012,16000061,20260406T203640.000Z
15000440,1,16000022,16000046,16000103,16000002,16000012,16000061,20260406T203439.000Z
15000548,0,16000061,16000001,16000021,16000074,16000014,16000079,20260406T213937.000Z
15000548,0,16000061,16000001,16000021,16000074,16000014,16000079,20260406T213702.000Z
15000018,1,16000083,16000012,16000073,16000005,16000079,16000001,20260406T213206.000Z
15000018,0,16000083,16000012,16000073,16000005,16000079,16000001,20260406T212953.000Z
15000018,1,16000083,16000012,16000073,16000005,16000079,16000001,20260406T212750.000Z
15000010,1,16000081,16000063,16000089,16000059,16000099,16000004,20260406T212014.000Z
15000010,1,16000081,16000063,16000089,16000059,16000099,16000004,20260406T211758.000Z
15000292,0,16000011,16000005,16000063,16000002,16000025,16000029,20260406T211316.000Z
15000292,0,16000011,16000005,16000063,16000002,16000025,16000029,20260406T211120.000Z
15000025,1,16000000,16000002,16000077,16000017,16000030,16000034,20260406T213251.000Z
15000025,1,16000000,16000002,16000077,16000017,16000030,16000034,20260406T213003.000Z
15000440,1,16000081,16000059,16000030,16000023,16000076,16000003,20260406T212544.000Z
15000440,1,16000081,16000059,16000030,16000023,16000076,16000003,20260406T212350.000Z
15000132,1,16000083,16000011,16000000,16000099,16000020,16000044,20260406T211711.000Z
15000132,1,16000083,16000011,16000000,16000099,16000020,16000044,20260406T211427.000Z
15000143,1,16000083,16000070,16000012,16000050,16000071,16000014,20260406T210736.000Z
15000143,1,16000083,16000070,16000012,16000050,16000071,16000014,20260406T210543.000Z
15000010,1,16000003,16000022,16000083,16000026,16000005,16000043,20260406T210048.000Z
15000010,1,16000003,16000022,16000083,16000026,16000005,16000043,20260406T205833.000Z
15000010,0,16000003,16000022,16000083,16000026,16000005,16000043,20260406T205606.000Z
15000005,1,16000023,16000061,16000042,16000012,16000079,16000099,20260406T214111.000Z
15000292,1,16000030,16000023,16000089,16000005,16000001,16000012,20260406T213429.000Z
15000292,1,16000030,16000023,16000089,16000005,16000001,16000012,20260406T213149.000Z
15000306,0,16000012,16000077,16000059,16000005,16000019,16000006,20260406T212635.000Z
15000306,0,16000012,16000077,16000059,16000005,16000019,16000006,20260406T212435.000Z
15000018,1,16000056,16000079,16000002,16000081,16000001,16000073,20260406T210212.000Z
15000018,1,16000056,16000079,16000002,16000081,16000001,16000073,20260406T210043.000Z
15000018,0,16000056,16000079,16000002,16000081,16000001,16000073,20260406T205913.000Z
15000082,1,16000025,16000021,16000019,16000074,16000099,16000011,20260406T205215.000Z
15000082,1,16000025,16000021,16000019,16000074,16000099,16000011,20260406T204957.000Z
15000082,0,16000025,16000021,16000019,16000074,16000099,16000011,20260406T204741.000Z
15000053,1,16000070,16000004,16000082,16000078,16000012,16000086,20260406T214101.000Z
15000053,1,16000070,16000004,16000082,16000078,16000012,16000086,20260406T213843.000Z
15000019,0,16000046,16000073,16000019,16000099,16000003,16000001,20260406T213233.000Z
15000019,1,16000046,16000073,16000019,16000099,16000003,16000001,20260406T213042.000Z
15000019,0,16000046,16000073,16000019,16000099,16000003,16000001,20260406T212856.000Z
15000300,1,16000098,16000103,16000011,16000063,16000102,16000014,20260406T212338.000Z
15000300,1,16000098,16000103,16000011,16000063,16000102,16000014,20260406T212208.000Z
15000053,1,16000008,16000082,16000025,16000002,16000078,16000083,20260406T211822.000Z
15000053,1,16000008,16000082,16000025,16000002,16000078,16000083,20260406T211639.000Z
15000118,0,16000102,16000023,16000000,16000026,16000089,16000085,20260406T214126.000Z
15000072,1,16000074,16000094,16000001,16000083,16000103,16000002,20260406T213557.000Z
15000072,1,16000074,16000094,16000001,16000083,16000103,16000002,20260406T213433.000Z
15001021,0,16000044,16000102,16000063,16000023,16000098,16000059,20260406T213002.000Z
15001021,0,16000044,16000102,16000063,16000023,16000098,16000059,20260406T212730.000Z
15001021,1,16000063,16000059,16000005,16000102,16000044,16000083,20260406T212221.000Z
15001021,1,16000063,16000059,16000005,16000102,16000044,16000083,20260406T211933.000Z
15000019,1,16000001,16000002,16000040,16000081,16000078,16000029,20260406T211434.000Z
15000019,1,16000001,16000002,16000040,16000081,16000078,16000029,20260406T211146.000Z
15000300,1,16000019,16000097,16000099,16000026,16000042,16000059,20260406T210559.000Z
15000300,1,16000019,16000097,16000099,16000026,16000042,16000059,20260406T210356.000Z
15000011,0,16000102,16000059,16000005,16000095,16000030,16000063,20260406T205836.000Z
15000011,0,16000102,16000059,16000005,16000095,16000030,16000063,20260406T205609.000Z
15000018,1,16000002,16000040,16000005,16000001,16000059,16000075,20260406T205109.000Z
15000018,1,16000002,16000040,16000005,16000001,16000059,16000075,20260406T205005.000Z
15000703,1,16000005,16000048,16000099,16000042,16000047,16000061,20260406T204553.000Z
15000703,1,16000005,16000048,16000099,16000042,16000047,16000061,20260406T204416.000Z
15000368,1,16000037,16000002,16000003,16000049,16000064,16000076,20260406T203319.000Z
15000368,0,16000037,16000002,16000003,16000049,16000064,16000076,20260406T203052.000Z
15000368,1,16000037,16000002,16000003,16000049,16000064,16000076,20260406T202824.000Z
15000019,1,16000001,16000081,16000102,16000002,16000099,16000044,20260406T214104.000Z
15000118,0,16000005,16000102,16000097,16000023,16000063,16000077,20260406T213558.000Z
15000118,0,16000005,16000102,16000097,16000023,16000063,16000077,20260406T213347.000Z
15000300,0,16000085,16000005,16000059,16000083,16000014,16000042,20260406T212808.000Z
15000300,0,16000085,16000005,16000059,16000083,16000014,16000042,20260406T212618.000Z
15000022,1,16000098,16000011,16000003,16000103,16000036,16000085,20260406T212010.000Z
15000022,1,16000098,16000011,16000003,16000103,16000036,16000085,20260406T211759.000Z
15000022,0,16000098,16000011,16000003,16000103,16000036,16000085,20260406T211617.000Z
15000025,1,16000089,16000009,16000005,16000102,16000063,16000012,20260406T211046.000Z
15000025,1,16000089,16000009,16000005,16000102,16000063,16000012,20260406T210943.000Z
15000548,1,16000018,16000012,16000061,16000079,16000099,16000021,20260406T210248.000Z
15000548,1,16000018,16000012,16000061,16000079,16000099,16000021,20260406T210111.000Z
15000082,0,16000098,16000023,16000085,16000019,16000021,16000018,20260406T205627.000Z
15000082,0,16000098,16000023,16000085,16000019,16000021,16000018,20260406T205430.000Z
15000082,1,16000098,16000023,16000085,16000019,16000021,16000018,20260406T205230.000Z
15000050,0,16000063,16000086,16000011,16000008,16000023,16000059,20260406T204425.000Z
15000050,1,16000063,16000086,16000011,16000008,16000023,16000059,20260406T204250.000Z
15000005,0,16000099,16000022,16000042,16000064,16000103,16000015,20260406T213828.000Z
15000005,0,16000099,16000022,16000042,16000064,16000103,16000015,20260406T213624.000Z
15000703,1,16000005,16000003,16000089,16000064,16000097,16000021,20260406T213030.000Z
15000703,1,16000005,16000003,16000089,16000064,16000097,16000021,20260406T212809.000Z
15000703,0,16000005,16000003,16000089,16000064,16000097,16000021,20260406T212612.000Z
15000019,1,16000081,16000015,16000079,16000003,16000078,16000099,20260406T212128.000Z
15000019,0,16000081,16000015,16000079,16000003,16000078,16000099,20260406T211840.000Z
15000019,1,16000081,16000015,16000079,16000003,16000078,16000099,20260406T211641.000Z
15000083,0,16000002,16000099,16000058,16000011,16000015,16000023,20260406T211118.000Z
15000083,0,16000002,16000099,16000058,16000011,16000015,16000023,20260406T210918.000Z
15000018,0,16000081,16000001,16000073,16000056,16000079,16000002,20260406T210212.000Z
15000018,0,16000081,16000001,16000073,16000056,16000079,16000002,20260406T210043.000Z
15000018,1,16000081,16000001,16000073,16000056,16000079,16000002,20260406T205913.000Z
15000082,0,16000081,16000031,16000099,16000011,16000021,16000047,20260406T205522.000Z
15000082,1,16000081,16000031,16000099,16000011,16000021,16000047,20260406T205304.000Z
15000082,0,16000081,16000031,16000099,16000011,16000021,16000047,20260406T205046.000Z
15000703,0,16000042,16000047,16000061,16000005,16000048,16000099,20260406T204553.000Z
15000703,0,16000042,16000047,16000061,16000005,16000048,16000099,20260406T204416.000Z
15000010,1,16000044,16000023,16000081,16000028,16000103,16000063,20260406T213931.000Z
15001021,1,16000023,16000098,16000059,16000044,16000102,16000063,20260406T213002.000Z
15001021,1,16000023,16000098,16000059,16000044,16000102,16000063,20260406T212730.000Z
15000072,1,16000046,16000079,16000012,16000005,16000099,16000027,20260406T212158.000Z
15000072,1,16000046,16000079,16000012,16000005,16000099,16000027,20260406T211910.000Z
15000072,0,16000046,16000079,16000012,16000005,16000099,16000027,20260406T211644.000Z
15000293,1,16000012,16000094,16000025,16000103,16000081,16000099,20260406T211150.000Z
15000293,1,16000012,16000094,16000025,16000103,16000081,16000099,20260406T210949.000Z
15000018,1,16000095,16000005,16000001,16000094,16000036,16000012,20260406T210456.000Z
15000018,1,16000095,16000005,16000001,16000094,16000036,16000012,20260406T210340.000Z
15000548,1,16000042,16000023,16000079,16000012,16000003,16000005,20260406T205905.000Z
15000548,1,16000042,16000023,16000079,16000012,16000003,16000005,20260406T205555.000Z
15000300,0,16000083,16000092,16000095,16000002,16000014,16000016,20260406T205044.000Z
15000300,0,16000083,16000092,16000095,16000002,16000014,16000016,20260406T204909.000Z
15000072,0,16000042,16000094,16000079,16000040,16000029,16000025,20260406T204328.000Z
15000072,0,16000042,16000094,16000079,16000040,16000029,16000025,20260406T204040.000Z
15000011,1,16000014,16000012,16000044,16000005,16000057,16000063,20260406T203523.000Z
15000011,0,16000014,16000012,16000044,16000005,16000057,16000063,20260406T203332.000Z
15000011,1,16000014,16000012,16000044,16000005,16000057,16000063,20260406T203129.000Z
15000143,0,16000012,16000011,16000005,16000023,16000048,16000078,20260406T202503.000Z
15000010,0,16000028,16000103,16000063,16000044,16000023,16000081,20260406T214240.000Z
15000010,0,16000044,16000005,16000004,16000083,16000059,16000011,20260406T214742.000Z
15000010,1,16000044,16000005,16000004,16000083,16000059,16000011,20260406T214551.000Z
15000010,0,16000044,16000005,16000004,16000083,16000059,16000011,20260406T214256.000Z
15000082,0,16000086,16000065,16000051,16000102,16000002,16000031,20260406T214929.000Z
15000115,0,16000040,16000059,16000014,16000005,16000023,16000030,20260406T214539.000Z
15000115,0,16000040,16000059,16000014,16000005,16000023,16000030,20260406T214341.000Z
15000025,0,16000077,16000017,16000050,16000087,16000038,16000026,20260406T214532.000Z
15000025,0,16000077,16000017,16000050,16000087,16000038,16000026,20260406T214432.000Z
15000025,1,16000077,16000017,16000050,16000087,16000038,16000026,20260406T214237.000Z
15000005,0,16000023,16000061,16000042,16000012,16000079,16000099,20260406T214527.000Z
15000005,0,16000023,16000061,16000042,16000012,16000079,16000099,20260406T214310.000Z
15000011,1,16000001,16000019,16000008,16000061,16000002,16000074,20260406T214706.000Z
15000011,1,16000001,16000019,16000008,16000061,16000002,16000074,20260406T214529.000Z
15000118,1,16000102,16000023,16000000,16000026,16000089,16000085,20260406T214548.000Z
15000118,1,16000102,16000023,16000000,16000026,16000089,16000085,20260406T214414.000Z
15000300,0,16000011,16000102,16000012,16000061,16000063,16000059,20260406T215128.000Z
15000300,0,16000011,16000102,16000012,16000061,16000063,16000059,20260406T214909.000Z
15000019,1,16000001,16000081,16000102,16000002,16000099,16000044,20260406T214352.000Z
15000007,0,16000063,16000011,16000074,16000023,16000004,16000030,20260406T214707.000Z
15000007,0,16000063,16000011,16000074,16000023,16000004,16000030,20260406T214406.000Z
15000010,1,16000044,16000023,16000081,16000028,16000103,16000063,20260406T214240.000Z
15000132,1,16000103,16000059,16000017,16000089,16000063,16000070,20260406T215121.000Z
15000132,1,16000103,16000059,16000017,16000089,16000063,16000070,20260406T214832.000Z
15000083,1,16000096,16000046,16000021,16000011,16000012,16000061,20260406T214026.000Z
15000083,1,16000096,16000046,16000021,16000011,16000012,16000061,20260406T213839.000Z
15001021,1,16000089,16000083,16000029,16000005,16000014,16000025,20260406T213051.000Z
15001021,1,16000089,16000083,16000029,16000005,16000014,16000025,20260406T212736.000Z
15001021,0,16000089,16000083,16000029,16000005,16000014,16000025,20260406T212448.000Z
15000050,0,16000026,16000071,16000096,16000020,16000103,16000004,20260406T203138.000Z
15000050,0,16000026,16000071,16000096,16000020,16000103,16000004,20260406T202850.000Z
15000050,1,16000026,16000071,16000096,16000020,16000103,16000004,20260406T202611.000Z
15000072,1,16000074,16000001,16000029,16000099,16000094,16000005,20260406T215218.000Z
15000072,0,16000074,16000001,16000029,16000099,16000094,16000005,20260406T214959.000Z
15000083,1,16000099,16000046,16000097,16000103,16000089,16000074,20260406T215312.000Z
15000083,0,16000099,16000046,16000097,16000103,16000089,16000074,20260406T215055.000Z
15000005,1,16000072,16000099,16000021,16000037,16000011,16000036,20260406T214603.000Z
15000005,1,16000072,16000099,16000021,16000037,16000011,16000036,20260406T214345.000Z
15000005,0,16000072,16000099,16000021,16000037,16000011,16000036,20260406T214127.000Z
15000132,0,16000098,16000059,16000012,16000063,16000089,16000023,20260406T213615.000Z
15000132,0,16000098,16000059,16000012,16000063,16000089,16000023,20260406T213420.000Z
15000132,1,16000098,16000059,16000012,16000063,16000089,16000023,20260406T213131.000Z
15000053,1,16000001,16000012,16000075,16000005,16000004,16000026,20260406T203749.000Z
15000053,1,16000001,16000012,16000075,16000005,16000004,16000026,20260406T203630.000Z
15000053,0,16000001,16000012,16000075,16000005,16000004,16000026,20260406T203504.000Z
15000011,0,16000081,16000074,16000004,16000000,16000012,16000015,20260406T203102.000Z
15000011,0,16000081,16000074,16000004,16000000,16000012,16000015,20260406T202911.000Z
15000025,1,16000099,16000102,16000083,16000063,16000005,16000011,20260406T215205.000Z
15000025,1,16000099,16000102,16000083,16000063,16000005,16000011,20260406T215046.000Z
15000018,0,16000029,16000001,16000099,16000040,16000081,16000083,20260406T214601.000Z
15000018,0,16000029,16000001,16000099,16000040,16000081,16000083,20260406T214314.000Z
15000018,1,16000029,16000001,16000099,16000040,16000081,16000083,20260406T214026.000Z
15000292,1,16000011,16000063,16000012,16000044,16000099,16000030,20260406T203157.000Z
15000292,1,16000011,16000063,16000012,16000044,16000099,16000030,20260406T202952.000Z
15000292,0,16000014,16000063,16000037,16000013,16000012,16000009,20260406T213636.000Z
15000292,0,16000014,16000063,16000037,16000013,16000012,16000009,20260406T213414.000Z
15000292,1,16000014,16000063,16000037,16000013,16000012,16000009,20260406T213220.000Z
15000440,0,16000015,16000073,16000004,16000001,16000102,16000023,20260406T212408.000Z
15000440,0,16000015,16000073,16000004,16000001,16000102,16000023,20260406T212250.000Z
15000548,1,16000012,16000047,16000023,16000070,16000003,16000001,20260406T211741.000Z
15000548,1,16000012,16000047,16000023,16000070,16000003,16000001,20260406T211525.000Z
15000118,1,16000001,16000004,16000005,16000035,16000026,16000011,20260406T210801.000Z
15000118,1,16000001,16000004,16000005,16000035,16000026,16000011,20260406T210602.000Z
15000118,0,16000001,16000004,16000005,16000035,16000026,16000011,20260406T210345.000Z
15000022,1,16000015,16000009,16000014,16000004,16000029,16000065,20260406T205801.000Z
15000022,0,16000015,16000009,16000014,16000004,16000029,16000065,20260406T205551.000Z
15000022,1,16000015,16000009,16000014,16000004,16000029,16000065,20260406T205337.000Z
15000005,0,16000023,16000079,16000043,16000012,16000004,16000065,20260406T204922.000Z
15000005,0,16000023,16000079,16000043,16000012,16000004,16000065,20260406T204743.000Z
15000082,0,16000089,16000023,16000012,16000021,16000072,16000031,20260406T215312.000Z
15001021,0,16000030,16000012,16000098,16000077,16000099,16000011,20260406T214843.000Z
15001021,1,16000030,16000012,16000098,16000077,16000099,16000011,20260406T214624.000Z
15001021,0,16000030,16000012,16000098,16000077,16000099,16000011,20260406T214321.000Z
15000005,1,16000012,16000042,16000015,16000061,16000011,16000065,20260406T213710.000Z
15000005,0,16000012,16000042,16000015,16000061,16000011,16000065,20260406T213452.000Z
15000005,1,16000012,16000042,16000015,16000061,16000011,16000065,20260406T213233.000Z
15000143,1,16000063,16000025,16000098,16000044,16000099,16000085,20260406T212557.000Z
15000143,1,16000063,16000025,16000098,16000044,16000099,16000085,20260406T212453.000Z
15000018,1,16000103,16000012,16000042,16000094,16000001,16000083,20260406T211915.000Z
15000018,1,16000103,16000012,16000042,16000094,16000001,16000083,20260406T211642.000Z
15000018,0,16000103,16000012,16000042,16000094,16000001,16000083,20260406T211354.000Z
15000025,1,16000012,16000098,16000026,16000050,16000103,16000011,20260406T210210.000Z
15000025,1,16000012,16000098,16000026,16000050,16000103,16000011,20260406T205822.000Z
15000025,0,16000012,16000098,16000026,16000050,16000103,16000011,20260406T205624.000Z
15000022,1,16000099,16000042,16000015,16000048,16000046,16000021,20260406T205110.000Z
15000022,1,16000099,16000042,16000015,16000048,16000046,16000021,20260406T204852.000Z
15000022,0,16000099,16000042,16000015,16000048,16000046,16000021,20260406T204635.000Z
15000022,0,16000098,16000021,16000089,16000015,16000103,16000065,20260406T204016.000Z
15000022,1,16000098,16000021,16000089,16000015,16000103,16000065,20260406T203757.000Z
15000022,0,16000098,16000021,16000089,16000015,16000103,16000065,20260406T203539.000Z
15000050,0,16000099,16000001,16000063,16000002,16000067,16000030,20260406T203044.000Z
15000050,0,16000099,16000001,16000063,16000002,16000067,16000030,20260406T202710.000Z
15000005,1,16000021,16000003,16000015,16000032,16000001,16000099,20260406T215159.000Z
15000005,1,16000021,16000003,16000015,16000032,16000001,16000099,20260406T214945.000Z
15000005,0,16000021,16000003,16000015,16000032,16000001,16000099,20260406T214726.000Z
15000293,1,16000011,16000066,16000075,16000006,16000087,16000012,20260406T214303.000Z
15000293,0,16000011,16000066,16000075,16000006,16000087,16000012,20260406T214104.000Z
15000293,1,16000011,16000066,16000075,16000006,16000087,16000012,20260406T213917.000Z
15000548,0,16000046,16000015,16000079,16000001,16000036,16000042,20260406T215329.000Z
15000548,1,16000046,16000015,16000079,16000001,16000036,16000042,20260406T215139.000Z
15000010,0,16000099,16000023,16000026,16000012,16000011,16000063,20260406T214203.000Z
15000010,0,16000099,16000023,16000026,16000012,16000011,16000063,20260406T213951.000Z
15000050,1,16000103,16000008,16000098,16000099,16000063,16000004,20260406T213409.000Z
15000050,1,16000103,16000008,16000098,16000099,16000063,16000004,20260406T213257.000Z
15000368,1,16000048,16000005,16000023,16000102,16000084,16000059,20260406T214555.000Z
15000368,1,16000048,16000005,16000023,16000102,16000084,16000059,20260406T214318.000Z
15001021,1,16000009,16000029,16000059,16000004,16000007,16000083,20260406T213942.000Z
15001021,1,16000009,16000029,16000059,16000004,16000007,16000083,20260406T213845.000Z
15001021,0,16000009,16000029,16000059,16000004,16000007,16000083,20260406T213742.000Z
15000005,1,16000036,16000023,16000048,16000011,16000012,16000021,20260406T213307.000Z
15000005,1,16000036,16000023,16000048,16000011,16000012,16000021,20260406T213114.000Z
15000440,0,16000003,16000012,16000048,16000047,16000018,16000076,20260406T212725.000Z
15000440,0,16000003,16000012,16000048,16000047,16000018,16000076,20260406T212608.000Z
15000368,0,16000023,16000066,16000011,16000065,16000029,16000075,20260406T211852.000Z
15000368,0,16000023,16000066,16000011,16000065,16000029,16000075,20260406T211608.000Z
15000022,1,16000012,16000099,16000023,16000042,16000065,16000079,20260406T210857.000Z
15000022,1,16000012,16000099,16000023,16000042,16000065,16000079,20260406T210647.000Z
15000005,1,16000099,16000042,16000036,16000061,16000005,16000015,20260406T210611.000Z
15000005,1,16000099,16000042,16000036,16000061,16000005,16000015,20260406T210423.000Z
15000132,1,16000023,16000038,16000044,16000011,16000004,16000103,20260406T212508.000Z
15000132,1,16000023,16000038,16000044,16000011,16000004,16000103,20260406T212413.000Z
15000010,1,16000011,16000030,16000089,16000095,16000023,16000005,20260406T212005.000Z
15000010,0,16000011,16000030,16000089,16000095,16000023,16000005,20260406T211821.000Z
15000010,1,16000011,16000030,16000089,16000095,16000023,16000005,20260406T211621.000Z
15000072,1,16000073,16000012,16000001,16000056,16000059,16000023,20260406T211231.000Z
15000072,1,16000073,16000012,16000001,16000056,16000059,16000023,20260406T211039.000Z
15000011,0,16000070,16000099,16000042,16000011,16000012,16000014,20260406T215038.000Z
15000011,1,16000070,16000099,16000042,16000011,16000012,16000014,20260406T214847.000Z
15000011,0,16000070,16000099,16000042,16000011,16000012,16000014,20260406T214710.000Z
15000010,0,16000023,16000099,16000081,16000002,16000063,16000014,20260406T214218.000Z
15000010,0,16000023,16000099,16000081,16000002,16000063,16000014,20260406T213950.000Z
15000022,0,16000046,16000022,16000023,16000021,16000003,16000036,20260406T205200.000Z
15000022,1,16000046,16000022,16000023,16000021,16000003,16000036,20260406T204942.000Z
15000022,0,16000046,16000022,16000023,16000021,16000003,16000036,20260406T204731.000Z
15000300,1,16000099,16000014,16000019,16000042,16000092,16000054,20260406T204125.000Z
15000300,1,16000099,16000014,16000019,16000042,16000092,16000054,20260406T203840.000Z
15000022,1,16000015,16000099,16000042,16000025,16000031,16000046,20260406T203103.000Z
15000022,1,16000015,16000099,16000042,16000025,16000031,16000046,20260406T202852.000Z
15000293,0,16000084,16000026,16000012,16000099,16000063,16000013,20260406T214724.000Z
15000293,0,16000084,16000026,16000012,16000099,16000063,16000013,20260406T214536.000Z
15000293,1,16000084,16000026,16000012,16000099,16000063,16000013,20260406T214340.000Z
15000022,0,16000011,16000042,16000061,16000021,16000032,16000046,20260406T205944.000Z
15000022,0,16000011,16000042,16000061,16000021,16000032,16000046,20260406T205726.000Z
15000548,0,16000011,16000099,16000021,16000002,16000042,16000079,20260406T213157.000Z
15000548,0,16000011,16000099,16000021,16000002,16000042,16000079,20260406T212852.000Z
15000292,1,16000083,16000023,16000005,16000030,16000011,16000063,20260406T213650.000Z
15000292,1,16000083,16000023,16000005,16000030,16000011,16000063,20260406T213428.000Z
15000072,0,16000027,16000083,16000099,16000075,16000059,16000023,20260406T212820.000Z
15000072,1,16000027,16000083,16000099,16000075,16000059,16000023,20260406T212545.000Z
15000072,0,16000027,16000083,16000099,16000075,16000059,16000023,20260406T212400.000Z
15000018,1,16000083,16000058,16000073,16000070,16000001,16000074,20260406T211627.000Z
15000018,0,16000083,16000058,16000073,16000070,16000001,16000074,20260406T211357.000Z
15000018,1,16000083,16000058,16000073,16000070,16000001,16000074,20260406T211131.000Z
15000118,1,16000099,16000086,16000102,16000079,16000043,16000085,20260406T203420.000Z
15000118,1,16000099,16000086,16000102,16000079,16000043,16000085,20260406T203221.000Z
15000118,0,16000012,16000023,16000001,16000011,16000089,16000086,20260406T215440.000Z
15000306,1,16000030,16000023,16000012,16000044,16000074,16000092,20260406T215706.000Z
15000306,0,16000030,16000023,16000012,16000044,16000074,16000092,20260406T215423.000Z
15000306,1,16000030,16000023,16000012,16000044,16000074,16000092,20260406T215227.000Z
15000007,1,16000011,16000096,16000014,16000012,16000023,16000097,20260406T210618.000Z
15000007,0,16000011,16000096,16000014,16000012,16000023,16000097,20260406T210339.000Z
15000007,1,16000011,16000096,16000014,16000012,16000023,16000097,20260406T210202.000Z
15001021,1,16000074,16000059,16000023,16000017,16000103,16000026,20260406T205804.000Z
15001021,1,16000074,16000059,16000023,16000017,16000103,16000026,20260406T205653.000Z
15000440,1,16000012,16000102,16000011,16000023,16000005,16000043,20260406T204951.000Z
15000440,1,16000012,16000102,16000011,16000023,16000005,16000043,20260406T204748.000Z
15000005,1,16000003,16000099,16000011,16000046,16000065,16000042,20260406T204308.000Z
15000005,1,16000003,16000099,16000011,16000046,16000065,16000042,20260406T204050.000Z
15000053,1,16000004,16000070,16000082,16000012,16000001,16000073,20260406T215528.000Z
15000053,1,16000004,16000070,16000082,16000012,16000001,16000073,20260406T215343.000Z
15000019,1,16000059,16000079,16000094,16000078,16000040,16000001,20260406T214849.000Z
15000019,0,16000059,16000079,16000094,16000078,16000040,16000001,20260406T214601.000Z
15000019,1,16000059,16000079,16000094,16000078,16000040,16000001,20260406T214318.000Z
15000292,1,16000063,16000089,16000005,16000094,16000025,16000099,20260406T213754.000Z
15000292,0,16000063,16000089,16000005,16000094,16000025,16000099,20260406T213548.000Z
15000292,1,16000063,16000089,16000005,16000094,16000025,16000099,20260406T213320.000Z
15000007,1,16000095,16000102,16000005,16000096,16000063,16000044,20260406T212751.000Z
15000007,1,16000095,16000102,16000005,16000096,16000063,16000044,20260406T212546.000Z
15000115,1,16000083,16000102,16000002,16000019,16000017,16000063,20260406T212035.000Z
15000115,1,16000083,16000102,16000002,16000019,16000017,16000063,20260406T211810.000Z
15000082,1,16000005,16000102,16000074,16000066,16000099,16000011,20260406T211254.000Z
15000082,1,16000005,16000102,16000074,16000066,16000099,16000011,20260406T211036.000Z
15000082,0,16000005,16000102,16000074,16000066,16000099,16000011,20260406T210818.000Z
15000082,1,16000003,16000005,16000076,16000102,16000021,16000070,20260406T210155.000Z
15000082,0,16000003,16000005,16000076,16000102,16000021,16000070,20260406T205937.000Z
15000082,1,16000003,16000005,16000076,16000102,16000021,16000070,20260406T205719.000Z
15000053,0,16000030,16000012,16000002,16000044,16000094,16000025,20260406T205126.000Z
15000053,0,16000030,16000012,16000002,16000044,16000094,16000025,20260406T204941.000Z
15000005,1,16000098,16000079,16000099,16000021,16000064,16000046,20260406T204120.000Z
15000005,1,16000098,16000079,16000099,16000021,16000064,16000046,20260406T203902.000Z
15000072,1,16000046,16000036,16000027,16000078,16000042,16000001,20260406T203411.000Z
15000072,1,16000046,16000036,16000027,16000078,16000042,16000001,20260406T203200.000Z
15000025,0,16000009,16000004,16000070,16000001,16000063,16000089,20260406T215821.000Z
15000293,1,16000102,16000096,16000030,16000087,16000026,16000070,20260406T215229.000Z
15000293,1,16000102,16000096,16000030,16000087,16000026,16000070,20260406T214958.000Z
15000072,1,16000036,16000056,16000001,16000015,16000046,16000003,20260406T210547.000Z
15000072,1,16000036,16000056,16000001,16000015,16000046,16000003,20260406T210316.000Z
15000118,0,16000084,16000050,16000083,16000089,16000045,16000012,20260406T212125.000Z
15000118,0,16000084,16000050,16000083,16000089,16000045,16000012,20260406T211854.000Z
15000025,0,16000023,16000098,16000030,16000063,16000011,16000077,20260406T212223.000Z
15000025,0,16000023,16000098,16000030,16000063,16000011,16000077,20260406T212108.000Z
15000053,0,16000082,16000043,16000004,16000005,16000075,16000044,20260406T211429.000Z
15000053,0,16000082,16000043,16000004,16000005,16000075,16000044,20260406T211309.000Z
15000053,1,16000082,16000043,16000004,16000005,16000075,16000044,20260406T211127.000Z
15000143,0,16000030,16000061,16000099,16000001,16000029,16000023,20260406T210431.000Z
15000143,0,16000030,16000061,16000099,16000001,16000029,16000023,20260406T210138.000Z
15000548,0,16000079,16000014,16000005,16000003,16000025,16000042,20260406T204207.000Z
15000548,1,16000079,16000014,16000005,16000003,16000025,16000042,20260406T203932.000Z
15000548,0,16000079,16000014,16000005,16000003,16000025,16000042,20260406T203628.000Z
15000703,0,16000042,16000071,16000064,16000021,16000015,16000023,20260406T203107.000Z
15000293,0,16000012,16000023,16000063,16000077,16000026,16000008,20260406T213842.000Z
15000293,0,16000012,16000023,16000063,16000077,16000026,16000008,20260406T213621.000Z
15000293,0,16000098,16000023,16000063,16000030,16000099,16000026,20260406T212756.000Z
15000293,0,16000098,16000023,16000063,16000030,16000099,16000026,20260406T212508.000Z
15000083,1,16000023,16000012,16000103,16000100,16000046,16000061,20260406T211837.000Z
15000083,1,16000023,16000012,16000103,16000100,16000046,16000061,20260406T211619.000Z
15000132,1,16000050,16000023,16000008,16000002,16000001,16000063,20260406T211105.000Z
15000132,1,16000050,16000023,16000008,16000002,16000001,16000063,20260406T210831.000Z
15000072,0,16000015,16000097,16000001,16000036,16000079,16000040,20260406T203636.000Z
15000072,0,16000015,16000097,16000001,16000036,16000079,16000040,20260406T203406.000Z
15000072,1,16000015,16000097,16000001,16000036,16000079,16000040,20260406T203211.000Z
15000300,0,16000059,16000103,16000019,16000040,16000005,16000045,20260406T215945.000Z
15000300,1,16000059,16000103,16000019,16000040,16000005,16000045,20260406T215730.000Z
15000300,0,16000059,16000103,16000019,16000040,16000005,16000045,20260406T215507.000Z
15000306,1,16000092,16000099,16000014,16000042,16000097,16000077,20260406T214928.000Z
15000306,0,16000092,16000099,16000014,16000042,16000097,16000077,20260406T214721.000Z
15000306,1,16000092,16000099,16000014,16000042,16000097,16000077,20260406T214528.000Z
15000018,1,16000040,16000056,16000099,16000074,16000078,16000005,20260406T213909.000Z
15000018,1,16000040,16000056,16000099,16000074,16000078,16000005,20260406T213620.000Z
15000368,1,16000046,16000061,16000003,16000004,16000098,16000077,20260406T212828.000Z
15000368,0,16000046,16000061,16000003,16000004,16000098,16000077,20260406T212615.000Z
15000368,1,16000046,16000061,16000003,16000004,16000098,16000077,20260406T212224.000Z
15001021,1,16000005,16000023,16000059,16000030,16000099,16000004,20260406T211702.000Z
15001021,1,16000005,16000023,16000059,16000030,16000099,16000004,20260406T211413.000Z
15000118,1,16000074,16000002,16000098,16000011,16000089,16000001,20260406T210838.000Z
15000118,0,16000074,16000002,16000098,16000011,16000089,16000001,20260406T210550.000Z
15000118,1,16000074,16000002,16000098,16000011,16000089,16000001,20260406T210359.000Z
15000011,0,16000099,16000095,16000044,16000004,16000002,16000042,20260406T211227.000Z
15000011,1,16000099,16000095,16000044,16000004,16000002,16000042,20260406T210944.000Z
15000011,0,16000099,16000095,16000044,16000004,16000002,16000042,20260406T210755.000Z
15000022,1,16000023,16000099,16000097,16000061,16000019,16000042,20260406T210303.000Z
15000022,0,16000023,16000099,16000097,16000061,16000019,16000042,20260406T210059.000Z
15000022,1,16000023,16000099,16000097,16000061,16000019,16000042,20260406T205841.000Z
15000072,0,16000001,16000056,16000078,16000094,16000003,16000042,20260406T205116.000Z
15000072,1,16000001,16000056,16000078,16000094,16000003,16000042,20260406T204843.000Z
15000072,0,16000001,16000056,16000078,16000094,16000003,16000042,20260406T204618.000Z
15000025,1,16000063,16000011,16000029,16000098,16000002,16000012,20260406T213217.000Z
15000025,1,16000063,16000011,16000029,16000098,16000002,16000012,20260406T213036.000Z
15000292,1,16000012,16000044,16000063,16000045,16000099,16000030,20260406T210953.000Z
15000292,1,16000012,16000044,16000063,16000045,16000099,16000030,20260406T210646.000Z
15000082,1,16000094,16000067,16000021,16000099,16000081,16000023,20260406T210129.000Z
15000082,0,16000094,16000067,16000021,16000099,16000081,16000023,20260406T205911.000Z
15000082,1,16000094,16000067,16000021,16000099,16000081,16000023,20260406T205653.000Z
15000053,1,16000044,16000094,16000025,16000030,16000012,16000002,20260406T205126.000Z
15000053,1,16000044,16000094,16000025,16000030,16000012,16000002,20260406T204941.000Z
15001021,0,16000089,16000002,16000005,16000001,16000023,16000099,20260406T204533.000Z
15001021,0,16000089,16000002,16000005,16000001,16000023,16000099,20260406T204337.000Z
15000005,1,16000021,16000079,16000032,16000046,16000036,16000095,20260406T203720.000Z
15000005,1,16000021,16000079,16000032,16000046,16000036,16000095,20260406T203502.000Z
15000005,0,16000021,16000079,16000032,16000046,16000036,16000095,20260406T203244.000Z
15000025,0,16000087,16000012,16000005,16000098,16000099,16000004,20260406T215735.000Z
15000025,0,16000087,16000012,16000005,16000098,16000099,16000004,20260406T215447.000Z
15000025,1,16000087,16000012,16000005,16000098,16000099,16000004,20260406T215228.000Z
15000010,1,16000083,16000059,16000011,16000044,16000005,16000004,20260406T214742.000Z
15000010,0,16000083,16000059,16000011,16000044,16000005,16000004,20260406T214551.000Z
15000010,1,16000083,16000059,16000011,16000044,16000005,16000004,20260406T214256.000Z
15000010,0,16000030,16000099,16000026,16000005,16000023,16000011,20260406T213842.000Z
15000010,0,16000030,16000099,16000026,16000005,16000023,16000011,20260406T213618.000Z
15000306,1,16000011,16000063,16000061,16000012,16000014,16000005,20260406T205608.000Z
15000306,1,16000011,16000063,16000061,16000012,16000014,16000005,20260406T205405.000Z
15000306,0,16000011,16000063,16000061,16000012,16000014,16000005,20260406T205152.000Z
15000292,1,16000063,16000047,16000012,16000089,16000005,16000091,20260406T204518.000Z
15000292,1,16000063,16000047,16000012,16000089,16000005,16000091,20260406T204209.000Z
15000143,1,16000005,16000002,16000059,16000026,16000083,16000001,20260406T213007.000Z
15000143,0,16000005,16000002,16000059,16000026,16000083,16000001,20260406T212851.000Z
15000143,1,16000005,16000002,16000059,16000026,16000083,16000001,20260406T212710.000Z
15000010,1,16000012,16000023,16000070,16000068,16000044,16000032,20260406T212218.000Z
15000010,1,16000012,16000023,16000070,16000068,16000044,16000032,20260406T211958.000Z
15000007,0,16000099,16000048,16000063,16000023,16000061,16000002,20260406T215840.000Z
15000007,0,16000099,16000048,16000063,16000023,16000061,16000002,20260406T215702.000Z
15000007,1,16000099,16000048,16000063,16000023,16000061,16000002,20260406T215508.000Z
15000072,0,16000103,16000098,16000014,16000099,16000015,16000001,20260406T214935.000Z
15000072,0,16000103,16000098,16000014,16000099,16000015,16000001,20260406T214649.000Z
15000440,1,16000062,16000048,16000064,16000021,16000066,16000072,20260406T214045.000Z
15000440,1,16000062,16000048,16000064,16000021,16000066,16000072,20260406T213703.000Z
15000440,0,16000062,16000048,16000064,16000021,16000066,16000072,20260406T213430.000Z
15000440,1,16000102,16000076,16000003,16000042,16000023,16000075,20260406T212922.000Z
15000440,1,16000102,16000076,16000003,16000042,16000023,16000075,20260406T212740.000Z
15000050,0,16000030,16000095,16000059,16000063,16000001,16000026,20260406T204224.000Z
15000050,0,16000030,16000095,16000059,16000063,16000001,16000026,20260406T203940.000Z
15000050,1,16000030,16000095,16000059,16000063,16000001,16000026,20260406T203830.000Z
15000022,0,16000061,16000065,16000029,16000098,16000036,16000021,20260406T203444.000Z
15000025,1,16000009,16000004,16000070,16000001,16000063,16000089,20260406T220033.000Z
15000440,1,16000064,16000019,16000048,16000012,16000097,16000021,20260406T213908.000Z
15000440,1,16000064,16000019,16000048,16000012,16000097,16000021,20260406T213651.000Z
15000440,0,16000064,16000019,16000048,16000012,16000097,16000021,20260406T213407.000Z
15000083,0,16000042,16000003,16000012,16000001,16000023,16000101,20260406T215514.000Z
15000083,0,16000042,16000003,16000012,16000001,16000023,16000101,20260406T215257.000Z
15000132,1,16000097,16000047,16000081,16000103,16000014,16000025,20260406T214809.000Z
15000132,1,16000097,16000047,16000081,16000103,16000014,16000025,20260406T214630.000Z
15000011,1,16000063,16000020,16000012,16000023,16000008,16000089,20260406T214335.000Z
15000011,1,16000063,16000020,16000012,16000023,16000008,16000089,20260406T214150.000Z
15000118,1,16000030,16000067,16000026,16000020,16000023,16000102,20260406T213647.000Z
15000118,1,16000030,16000067,16000026,16000020,16000023,16000102,20260406T213351.000Z
15000118,0,16000030,16000067,16000026,16000020,16000023,16000102,20260406T213110.000Z
15000292,1,16000030,16000103,16000070,16000023,16000005,16000089,20260406T210704.000Z
15000292,0,16000030,16000103,16000070,16000023,16000005,16000089,20260406T210430.000Z
15000292,1,16000030,16000103,16000070,16000023,16000005,16000089,20260406T210237.000Z
15000010,0,16000024,16000083,16000064,16000023,16000030,16000014,20260406T203430.000Z
15001021,0,16000023,16000001,16000059,16000011,16000005,16000099,20260406T215844.000Z
15001021,0,16000023,16000001,16000059,16000011,16000005,16000099,20260406T215621.000Z
15000011,0,16000023,16000004,16000035,16000037,16000070,16000012,20260406T210908.000Z
15000011,1,16000023,16000004,16000035,16000037,16000070,16000012,20260406T210701.000Z
15000011,0,16000023,16000004,16000035,16000037,16000070,16000012,20260406T210437.000Z
15000025,1,16000063,16000098,16000030,16000002,16000059,16000089,20260406T205849.000Z
15000025,1,16000063,16000098,16000030,16000002,16000059,16000089,20260406T205611.000Z
15000082,0,16000005,16000099,16000021,16000023,16000030,16000065,20260406T205128.000Z
15000082,0,16000005,16000099,16000021,16000023,16000030,16000065,20260406T204909.000Z
15000053,1,16000004,16000026,16000075,16000020,16000063,16000001,20260406T212925.000Z
15000053,1,16000004,16000026,16000075,16000020,16000063,16000001,20260406T212747.000Z
15000118,1,16000030,16000023,16000041,16000059,16000050,16000001,20260406T210426.000Z
15000118,1,16000030,16000023,16000041,16000059,16000050,16000001,20260406T210211.000Z
15000118,0,16000030,16000023,16000041,16000059,16000050,16000001,20260406T205923.000Z
15000703,1,16000003,16000023,16000064,16000012,16000005,16000046,20260406T204202.000Z
15000703,1,16000003,16000023,16000064,16000012,16000005,16000046,20260406T203819.000Z
15000703,0,16000003,16000023,16000064,16000012,16000005,16000046,20260406T203522.000Z
15000019,1,16000081,16000019,16000005,16000103,16000025,16000099,20260406T215655.000Z
15000019,1,16000081,16000019,16000005,16000103,16000025,16000099,20260406T215407.000Z
15000548,1,16000003,16000036,16000044,16000021,16000099,16000079,20260406T214831.000Z
15000548,1,16000003,16000036,16000044,16000021,16000099,16000079,20260406T214557.000Z
15000007,0,16000099,16000011,16000102,16000029,16000002,16000083,20260406T214048.000Z
15000007,0,16000099,16000011,16000102,16000029,16000002,16000083,20260406T213903.000Z
15000007,1,16000099,16000011,16000102,16000029,16000002,16000083,20260406T213710.000Z
15000019,1,16000019,16000001,16000083,16000014,16000025,16000099,20260406T211239.000Z
15000019,1,16000019,16000001,16000083,16000014,16000025,16000099,20260406T211122.000Z
15000082,0,16000063,16000097,16000005,16000023,16000089,16000094,20260406T211926.000Z
15000082,0,16000063,16000097,16000005,16000023,16000089,16000094,20260406T211708.000Z
15000072,0,16000056,16000059,16000023,16000073,16000012,16000001,20260406T211231.000Z
15000072,0,16000056,16000059,16000023,16000073,16000012,16000001,20260406T211039.000Z
15001021,1,16000023,16000005,16000059,16000089,16000012,16000063,20260406T210530.000Z
15001021,1,16000023,16000005,16000059,16000089,16000012,16000063,20260406T210336.000Z
15000025,1,16000067,16000063,16000023,16000002,16000099,16000005,20260406T205838.000Z
15000025,1,16000067,16000063,16000023,16000002,16000099,16000005,20260406T205751.000Z
15000025,0,16000005,16000023,16000084,16000089,16000083,16000077,20260406T205356.000Z
15000025,0,16000005,16000023,16000084,16000089,16000083,16000077,20260406T205200.000Z
15000143,1,16000011,16000063,16000005,16000089,16000029,16000098,20260406T203827.000Z
15000143,1,16000011,16000063,16000005,16000089,16000029,16000098,20260406T203631.000Z
15000053,1,16000094,16000004,16000008,16000086,16000075,16000102,20260406T215613.000Z
15000053,1,16000094,16000004,16000008,16000086,16000075,16000102,20260406T215435.000Z
15000007,0,16000005,16000012,16000099,16000014,16000025,16000011,20260406T215047.000Z
15000007,0,16000005,16000012,16000099,16000014,16000025,16000011,20260406T214854.000Z
15000132,1,16000012,16000096,16000063,16000023,16000083,16000099,20260406T214224.000Z
15000132,1,16000012,16000096,16000063,16000023,16000083,16000099,20260406T214114.000Z
15000118,1,16000063,16000098,16000099,16000011,16000083,16000103,20260406T213617.000Z
15000118,0,16000063,16000098,16000099,16000011,16000083,16000103,20260406T213403.000Z
15000118,1,16000063,16000098,16000099,16000011,16000083,16000103,20260406T213115.000Z
15000005,1,16000026,16000099,16000023,16000103,16000018,16000011,20260406T212720.000Z
15000005,1,16000026,16000099,16000023,16000103,16000018,16000011,20260406T212503.000Z
15000115,0,16000102,16000083,16000023,16000063,16000014,16000081,20260406T211811.000Z
15000115,0,16000102,16000083,16000023,16000063,16000014,16000081,20260406T211632.000Z
15000053,0,16000002,16000099,16000005,16000097,16000006,16000012,20260406T205915.000Z
15000053,0,16000002,16000099,16000005,16000097,16000006,16000012,20260406T205723.000Z
15000368,1,16000099,16000003,16000023,16000037,16000004,16000061,20260406T205001.000Z
15000368,1,16000099,16000003,16000023,16000037,16000004,16000061,20260406T204716.000Z
15000132,0,16000063,16000000,16000102,16000089,16000026,16000004,20260406T204140.000Z
15000132,1,16000063,16000000,16000102,16000089,16000026,16000004,20260406T204022.000Z
15000132,0,16000063,16000000,16000102,16000089,16000026,16000004,20260406T203650.000Z
15000143,0,16000098,16000045,16000012,16000089,16000005,16000074,20260406T205447.000Z
15000143,0,16000098,16000045,16000012,16000089,16000005,16000074,20260406T205139.000Z
15000143,1,16000098,16000045,16000012,16000089,16000005,16000074,20260406T204810.000Z
15000082,0,16000021,16000023,16000047,16000005,16000025,16000019,20260406T204256.000Z
15000082,0,16000021,16000023,16000047,16000005,16000025,16000019,20260406T204038.000Z
15000143,0,16000063,16000008,16000005,16000077,16000044,16000070,20260406T203522.000Z
15000293,1,16000075,16000086,16000087,16000012,16000002,16000084,20260406T220132.000Z
15000293,1,16000075,16000086,16000087,16000012,16000002,16000084,20260406T215950.000Z
15000306,1,16000025,16000011,16000019,16000083,16000037,16000103,20260406T215547.000Z
15000306,1,16000025,16000011,16000019,16000083,16000037,16000103,20260406T215308.000Z
15000703,1,16000031,16000046,16000003,16000079,16000011,16000023,20260406T214807.000Z
15000703,1,16000031,16000046,16000003,16000079,16000011,16000023,20260406T214555.000Z
15000022,1,16000061,16000023,16000099,16000042,16000100,16000046,20260406T214109.000Z
15000022,1,16000061,16000023,16000099,16000042,16000100,16000046,20260406T213953.000Z
15000010,0,16000095,16000005,16000059,16000014,16000044,16000012,20260406T220122.000Z
15000083,0,16000065,16000011,16000076,16000012,16000002,16000036,20260406T215546.000Z
15000083,0,16000065,16000011,16000076,16000012,16000002,16000036,20260406T215347.000Z
15000292,1,16000073,16000063,16000023,16000089,16000070,16000002,20260406T214640.000Z
15000292,1,16000073,16000063,16000023,16000089,16000070,16000002,20260406T214430.000Z
15000118,1,16000063,16000002,16000099,16000098,16000023,16000012,20260406T214042.000Z
15000118,0,16000063,16000002,16000099,16000098,16000023,16000012,20260406T213928.000Z
15000118,1,16000063,16000002,16000099,16000098,16000023,16000012,20260406T213609.000Z
15000368,1,16000089,16000005,16000097,16000003,16000023,16000061,20260406T213136.000Z
15000368,1,16000089,16000005,16000097,16000003,16000023,16000061,20260406T212851.000Z
15000368,0,16000089,16000005,16000097,16000003,16000023,16000061,20260406T212503.000Z
15000005,1,16000023,16000098,16000065,16000046,16000021,16000078,20260406T211740.000Z
15000005,1,16000023,16000098,16000065,16000046,16000021,16000078,20260406T211522.000Z
15000053,1,16000082,16000103,16000070,16000075,16000004,16000012,20260406T220123.000Z
15000053,0,16000082,16000103,16000070,16000075,16000004,16000012,20260406T215952.000Z
15000053,1,16000103,16000082,16000070,16000012,16000025,16000026,20260406T215539.000Z
15000053,1,16000103,16000082,16000070,16000012,16000025,16000026,20260406T215404.000Z
15000053,0,16000103,16000082,16000070,16000012,16000025,16000026,20260406T215202.000Z
15000007,1,16000074,16000044,16000095,16000103,16000002,16000004,20260406T214601.000Z
15000007,1,16000074,16000044,16000095,16000103,16000002,16000004,20260406T214409.000Z
15000292,0,16000099,16000063,16000050,16000007,16000030,16000026,20260406T213939.000Z
15000292,0,16000099,16000063,16000050,16000007,16000030,16000026,20260406T213702.000Z
15000025,0,16000045,16000001,16000083,16000005,16000023,16000086,20260406T213054.000Z
15000025,0,16000045,16000001,16000083,16000005,16000023,16000086,20260406T212805.000Z
15000022,0,16000023,16000012,16000042,16000061,16000011,16000089,20260406T212356.000Z
15000022,0,16000023,16000012,16000042,16000061,16000011,16000089,20260406T212148.000Z
15000440,1,16000071,16000012,16000048,16000003,16000065,16000083,20260406T211659.000Z
15000440,0,16000071,16000012,16000048,16000003,16000065,16000083,20260406T211526.000Z
15000440,1,16000071,16000012,16000048,16000003,16000065,16000083,20260406T211223.000Z
15000292,1,16000001,16000012,16000083,16000006,16000047,16000089,20260406T210648.000Z
15000292,1,16000001,16000012,16000083,16000006,16000047,16000089,20260406T210413.000Z
15000082,1,16000098,16000012,16000066,16000077,16000097,16000025,20260406T205927.000Z
15000082,1,16000098,16000012,16000066,16000077,16000097,16000025,20260406T205716.000Z
15000082,0,16000098,16000012,16000066,16000077,16000097,16000025,20260406T205549.000Z
15000083,1,16000103,16000061,16000066,16000005,16000046,16000047,20260406T204910.000Z
15000083,1,16000103,16000061,16000066,16000005,16000046,16000047,20260406T204710.000Z
15000083,0,16000103,16000061,16000066,16000005,16000046,16000047,20260406T204541.000Z
15000132,0,16000084,16000026,16000063,16000008,16000004,16000023,20260406T214417.000Z
15000132,1,16000084,16000026,16000063,16000008,16000004,16000023,20260406T214207.000Z
15000132,0,16000084,16000026,16000063,16000008,16000004,16000023,20260406T213933.000Z
15000703,1,16000079,16000097,16000025,16000023,16000046,16000089,20260406T213530.000Z
15000703,1,16000079,16000097,16000025,16000023,16000046,16000089,20260406T213356.000Z
15000025,0,16000063,16000002,16000098,16000089,16000023,16000026,20260406T212505.000Z
15000025,1,16000063,16000002,16000098,16000089,16000023,16000026,20260406T212312.000Z
15000025,0,16000063,16000002,16000098,16000089,16000023,16000026,20260406T212048.000Z
15000005,1,16000011,16000079,16000036,16000061,16000004,16000094,20260406T211505.000Z
15000005,1,16000011,16000079,16000036,16000061,16000004,16000094,20260406T211247.000Z
15000018,0,16000079,16000094,16000074,16000099,16000012,16000040,20260406T220032.000Z
15000007,0,16000004,16000023,16000095,16000020,16000102,16000063,20260406T215416.000Z
15000007,0,16000004,16000023,16000095,16000020,16000102,16000063,20260406T215137.000Z
15000022,1,16000042,16000046,16000021,16000061,16000003,16000099,20260406T213539.000Z
15000022,1,16000042,16000046,16000021,16000061,16000003,16000099,20260406T213344.000Z
15000018,1,16000079,16000078,16000036,16000074,16000073,16000059,20260406T203949.000Z
15000018,1,16000079,16000078,16000036,16000074,16000073,16000059,20260406T203808.000Z
15000018,0,16000079,16000078,16000036,16000074,16000073,16000059,20260406T203629.000Z
15000082,0,16000087,16000025,16000005,16000019,16000001,16000095,20260406T213557.000Z
15000082,1,16000087,16000025,16000005,16000019,16000001,16000095,20260406T213339.000Z
15000082,0,16000087,16000025,16000005,16000019,16000001,16000095,20260406T213120.000Z
15000010,1,16000012,16000017,16000023,16000085,16000059,16000102,20260406T211726.000Z
15000010,1,16000012,16000017,16000023,16000085,16000059,16000102,20260406T211539.000Z
15000440,1,16000026,16000021,16000076,16000064,16000023,16000096,20260406T220051.000Z
15000440,1,16000026,16000021,16000076,16000064,16000023,16000096,20260406T215927.000Z
15000440,0,16000026,16000021,16000076,16000064,16000023,16000096,20260406T215729.000Z
15000050,1,16000059,16000002,16000086,16000063,16000102,16000008,20260406T215323.000Z
15000050,1,16000059,16000002,16000086,16000063,16000102,16000008,20260406T215227.000Z
15000306,1,16000083,16000012,16000098,16000077,16000023,16000063,20260406T214444.000Z
15000306,1,16000083,16000012,16000098,16000077,16000023,16000063,20260406T214216.000Z
15000306,0,16000083,16000012,16000098,16000077,16000023,16000063,20260406T214002.000Z
15000306,1,16000014,16000063,16000103,16000002,16000047,16000005,20260406T213456.000Z
15000306,1,16000014,16000063,16000103,16000002,16000047,16000005,20260406T213311.000Z
15000007,0,16000096,16000063,16000044,16000095,16000102,16000005,20260406T212751.000Z
15000007,0,16000096,16000063,16000044,16000095,16000102,16000005,20260406T212546.000Z
15000018,1,16000025,16000079,16000078,16000002,16000001,16000019,20260406T212055.000Z
15000018,1,16000025,16000079,16000078,16000002,16000001,16000019,20260406T211843.000Z
15000010,0,16000059,16000057,16000002,16000012,16000087,16000011,20260406T211432.000Z
15000010,0,16000059,16000057,16000002,16000012,16000087,16000011,20260406T211141.000Z
15000703,0,16000079,16000064,16000005,16000098,16000089,16000021,20260406T210552.000Z
15000703,0,16000079,16000064,16000005,16000098,16000089,16000021,20260406T210234.000Z
15000018,0,16000042,16000070,16000078,16000073,16000003,16000083,20260406T215658.000Z
15000018,1,16000042,16000070,16000078,16000073,16000003,16000083,20260406T215413.000Z
15000018,0,16000042,16000070,16000078,16000073,16000003,16000083,20260406T215231.000Z
15000053,0,16000042,16000002,16000070,16000078,16000082,16000059,20260406T214445.000Z
15000053,0,16000042,16000002,16000070,16000078,16000082,16000059,20260406T214326.000Z
15000025,1,16000063,16000077,16000023,16000005,16000089,16000011,20260406T214438.000Z
15000025,1,16000063,16000077,16000023,16000005,16000089,16000011,20260406T214215.000Z
15000005,0,16000021,16000061,16000065,16000005,16000046,16000079,20260406T213704.000Z
15000005,0,16000021,16000061,16000065,16000005,16000046,16000079,20260406T213445.000Z
15000703,0,16000011,16000042,16000003,16000047,16000023,16000061,20260406T212811.000Z
15000703,0,16000011,16000042,16000003,16000047,16000023,16000061,20260406T212606.000Z
15000143,1,16000026,16000030,16000012,16000089,16000044,16000063,20260406T212058.000Z
15000143,1,16000026,16000030,16000012,16000089,16000044,16000063,20260406T211809.000Z
15000132,1,16000062,16000005,16000089,16000012,16000047,16000004,20260406T210802.000Z
15000132,1,16000062,16000005,16000089,16000012,16000047,16000004,20260406T210514.000Z
15000010,0,16000040,16000005,16000063,16000001,16000002,16000095,20260406T205825.000Z
15000010,0,16000040,16000005,16000063,16000001,16000002,16000095,20260406T205621.000Z
15000010,1,16000040,16000005,16000063,16000001,16000002,16000095,20260406T205438.000Z
15000115,1,16000070,16000005,16000030,16000023,16000021,16000002,20260406T204636.000Z
15000115,1,16000070,16000005,16000030,16000023,16000021,16000002,20260406T204451.000Z
15000293,0,16000099,16000005,16000069,16000070,16000077,16000086,20260406T204006.000Z
15000293,0,16000099,16000005,16000069,16000070,16000077,16000086,20260406T203739.000Z
15000293,1,16000099,16000005,16000069,16000070,16000077,16000086,20260406T203625.000Z
15000082,0,16000012,16000003,16000086,16000023,16000005,16000094,20260406T215933.000Z
15000082,0,16000012,16000003,16000086,16000023,16000005,16000094,20260406T215715.000Z
15000306,1,16000081,16000089,16000063,16000044,16000098,16000061,20260406T215246.000Z
15000306,1,16000081,16000089,16000063,16000044,16000098,16000061,20260406T215105.000Z
15000007,0,16000099,16000004,16000020,16000089,16000095,16000044,20260406T214542.000Z
15000007,1,16000099,16000004,16000020,16000089,16000095,16000044,20260406T214403.000Z
15000007,0,16000099,16000004,16000020,16000089,16000095,16000044,20260406T214121.000Z
15000007,0,16000099,16000023,16000004,16000095,16000044,16000063,20260406T213605.000Z
15000007,0,16000099,16000023,16000004,16000095,16000044,16000063,20260406T213321.000Z
15000292,0,16000085,16000005,16000012,16000098,16000023,16000084,20260406T214751.000Z
15000292,0,16000085,16000005,16000012,16000098,16000023,16000084,20260406T214534.000Z
15000007,1,16000012,16000004,16000044,16000083,16000059,16000061,20260406T214109.000Z
15000007,1,16000012,16000004,16000044,16000083,16000059,16000061,20260406T213910.000Z
15000292,0,16000005,16000001,16000012,16000030,16000023,16000089,20260406T213429.000Z
15000292,0,16000005,16000001,16000012,16000030,16000023,16000089,20260406T213149.000Z
15000118,1,16000063,16000103,16000026,16000087,16000045,16000091,20260406T212356.000Z
15000118,0,16000063,16000103,16000026,16000087,16000045,16000091,20260406T212202.000Z
15000118,1,16000063,16000103,16000026,16000087,16000045,16000091,20260406T211901.000Z
15000293,1,16000026,16000074,16000023,16000070,16000101,16000030,20260406T211432.000Z
15000293,1,16000026,16000074,16000023,16000070,16000101,16000030,20260406T211317.000Z
15000293,0,16000082,16000049,16000004,16000070,16000011,16000103,20260406T220155.000Z
15000300,1,16000026,16000013,16000095,16000082,16000023,16000014,20260406T215638.000Z
15000300,1,16000026,16000013,16000095,16000082,16000023,16000014,20260406T215448.000Z
15000143,1,16000029,16000023,16000030,16000063,16000087,16000045,20260406T214723.000Z
15000143,0,16000029,16000023,16000030,16000063,16000087,16000045,20260406T214435.000Z
15000143,1,16000029,16000023,16000030,16000063,16000087,16000045,20260406T214150.000Z
15000011,0,16000099,16000012,16000004,16000011,16000089,16000023,20260406T213601.000Z
15000011,0,16000099,16000012,16000004,16000011,16000089,16000023,20260406T213417.000Z
15000011,1,16000099,16000012,16000004,16000011,16000089,16000023,20260406T213212.000Z
15000018,1,16000075,16000099,16000081,16000059,16000103,16000036,20260406T212822.000Z
15000018,1,16000075,16000099,16000081,16000059,16000103,16000036,20260406T212631.000Z
15000050,1,16000019,16000012,16000030,16000038,16000102,16000005,20260406T211928.000Z
15000050,1,16000019,16000012,16000030,16000038,16000102,16000005,20260406T211737.000Z
15000019,1,16000070,16000001,16000075,16000079,16000036,16000078,20260406T211118.000Z
15000019,0,16000070,16000001,16000075,16000079,16000036,16000078,20260406T210846.000Z
15000019,1,16000070,16000001,16000075,16000079,16000036,16000078,20260406T210710.000Z
15000132,0,16000012,16000002,16000057,16000059,16000004,16000103,20260406T210121.000Z
15000132,0,16000012,16000002,16000057,16000059,16000004,16000103,20260406T205730.000Z
15000132,1,16000012,16000002,16000057,16000059,16000004,16000103,20260406T205612.000Z
15000050,1,16000063,16000000,16000013,16000030,16000086,16000002,20260406T205030.000Z
15000050,1,16000063,16000000,16000013,16000030,16000086,16000002,20260406T204916.000Z
15000050,0,16000063,16000000,16000013,16000030,16000086,16000002,20260406T204737.000Z
15000005,0,16000042,16000003,16000023,16000029,16000015,16000046,20260406T204354.000Z
15000005,0,16000042,16000003,16000023,16000029,16000015,16000046,20260406T204136.000Z
15000300,0,16000005,16000002,16000102,16000030,16000063,16000023,20260406T213650.000Z
15000300,0,16000005,16000002,16000102,16000030,16000063,16000023,20260406T213429.000Z
15000300,1,16000005,16000002,16000102,16000030,16000063,16000023,20260406T213240.000Z
15000548,1,16000079,16000012,16000023,16000021,16000029,16000061,20260406T212843.000Z
15000548,0,16000079,16000012,16000023,16000021,16000029,16000061,20260406T212554.000Z
15000548,1,16000079,16000012,16000023,16000021,16000029,16000061,20260406T212335.000Z
15000011,1,16000023,16000044,16000012,16000005,16000004,16000074,20260406T211853.000Z
15000011,1,16000023,16000044,16000012,16000005,16000004,16000074,20260406T211633.000Z
15000072,0,16000005,16000036,16000012,16000001,16000003,16000025,20260406T211052.000Z
15000072,0,16000005,16000036,16000012,16000001,16000003,16000025,20260406T210837.000Z
15000072,1,16000005,16000036,16000012,16000001,16000003,16000025,20260406T210631.000Z
15000292,1,16000011,16000023,16000099,16000014,16000063,16000006,20260406T210115.000Z
15000292,1,16000011,16000023,16000099,16000014,16000063,16000006,20260406T205912.000Z
15000306,1,16000023,16000012,16000083,16000092,16000022,16000002,20260406T205407.000Z
15000306,1,16000023,16000012,16000083,16000092,16000022,16000002,20260406T205236.000Z
15000703,1,16000074,16000023,16000044,16000090,16000101,16000042,20260406T204709.000Z
15000703,1,16000074,16000023,16000044,16000090,16000101,16000042,20260406T204507.000Z
15000703,0,16000074,16000023,16000044,16000090,16000101,16000042,20260406T204333.000Z
15000053,1,16000081,16000012,16000008,16000092,16000094,16000077,20260406T211150.000Z
15000053,0,16000081,16000012,16000008,16000092,16000094,16000077,20260406T211014.000Z
15000053,1,16000081,16000012,16000008,16000092,16000094,16000077,20260406T210818.000Z
15000019,0,16000001,16000025,16000002,16000005,16000012,16000073,20260406T210039.000Z
15000019,0,16000001,16000025,16000002,16000005,16000012,16000073,20260406T205908.000Z
15000118,1,16000070,16000020,16000004,16000026,16000005,16000099,20260406T205429.000Z
15000118,1,16000070,16000020,16000004,16000026,16000005,16000099,20260406T205140.000Z
15000082,0,16000022,16000103,16000086,16000023,16000076,16000077,20260406T204718.000Z
15000082,0,16000022,16000103,16000086,16000023,16000076,16000077,20260406T204518.000Z
15000072,1,16000036,16000001,16000103,16000042,16000099,16000003,20260406T203907.000Z
15000072,1,16000036,16000001,16000103,16000042,16000099,16000003,20260406T203649.000Z
15000293,0,16000098,16000012,16000097,16000081,16000008,16000102,20260406T211233.000Z
15000293,0,16000098,16000012,16000097,16000081,16000008,16000102,20260406T211035.000Z
15000368,0,16000012,16000011,16000021,16000064,16000089,16000047,20260406T210556.000Z
15000368,1,16000012,16000011,16000021,16000064,16000089,16000047,20260406T210241.000Z
15000368,0,16000012,16000011,16000021,16000064,16000089,16000047,20260406T210101.000Z
15000115,1,16000057,16000040,16000063,16000059,16000014,16000005,20260406T205503.000Z
15000115,1,16000057,16000040,16000063,16000059,16000014,16000005,20260406T205232.000Z
15000440,1,16000003,16000012,16000031,16000061,16000011,16000021,20260406T204541.000Z
15000440,0,16000003,16000012,16000031,16000061,16000011,16000021,20260406T204216.000Z
15000440,1,16000003,16000012,16000031,16000061,16000011,16000021,20260406T203907.000Z
15000011,1,16000004,16000099,16000030,16000012,16000029,16000044,20260406T205518.000Z
15000011,0,16000004,16000099,16000030,16000012,16000029,16000044,20260406T205335.000Z
15000011,1,16000004,16000099,16000030,16000012,16000029,16000044,20260406T205112.000Z
15000022,1,16000072,16000023,16000036,16000021,16000066,16000070,20260406T204652.000Z
15000022,1,16000072,16000023,16000036,16000021,16000066,16000070,20260406T204502.000Z
15000368,1,16000061,16000003,16000066,16000079,16000004,16000076,20260406T203848.000Z
15000368,1,16000061,16000003,16000066,16000079,16000004,16000076,20260406T203650.000Z
15000115,1,16000012,16000063,16000089,16000017,16000099,16000023,20260406T213446.000Z
15000115,1,16000012,16000063,16000089,16000017,16000099,16000023,20260406T213258.000Z
15000548,1,16000021,16000099,16000003,16000029,16000061,16000064,20260406T212818.000Z
15000548,1,16000021,16000099,16000003,16000029,16000061,16000064,20260406T212508.000Z
15000306,0,16000083,16000023,16000002,16000063,16000070,16000026,20260406T212137.000Z
15000306,0,16000083,16000023,16000002,16000063,16000070,16000026,20260406T211933.000Z
15000072,1,16000042,16000056,16000099,16000001,16000078,16000046,20260406T211333.000Z
15000072,1,16000042,16000056,16000099,16000001,16000078,16000046,20260406T211102.000Z
15000007,1,16000023,16000099,16000063,16000012,16000008,16000044,20260406T210534.000Z
15000007,0,16000023,16000099,16000063,16000012,16000008,16000044,20260406T210147.000Z
15000007,1,16000023,16000099,16000063,16000012,16000008,16000044,20260406T205926.000Z
15000053,1,16000099,16000008,16000098,16000075,16000083,16000094,20260406T205434.000Z
15000053,1,16000099,16000008,16000098,16000075,16000083,16000094,20260406T205240.000Z
15000118,0,16000011,16000063,16000099,16000012,16000070,16000042,20260406T204530.000Z
15000118,1,16000011,16000063,16000099,16000012,16000070,16000042,20260406T204242.000Z
15000118,0,16000011,16000063,16000099,16000012,16000070,16000042,20260406T203954.000Z
15000115,1,16000040,16000005,16000023,16000063,16000030,16000021,20260406T214045.000Z
15000115,0,16000040,16000005,16000023,16000063,16000030,16000021,20260406T213806.000Z
15000115,1,16000040,16000005,16000023,16000063,16000030,16000021,20260406T213606.000Z
15000548,1,16000042,16000046,16000003,16000079,16000015,16000047,20260406T215936.000Z
15000548,1,16000042,16000046,16000003,16000079,16000015,16000047,20260406T215814.000Z
15000115,0,16000017,16000008,16000011,16000102,16000026,16000028,20260406T215348.000Z
15000115,1,16000017,16000008,16000011,16000102,16000026,16000028,20260406T215120.000Z
15000115,0,16000017,16000008,16000011,16000102,16000026,16000028,20260406T214934.000Z
15000072,0,16000001,16000059,16000079,16000075,16000012,16000042,20260406T214533.000Z
15000072,0,16000001,16000059,16000079,16000075,16000012,16000042,20260406T214334.000Z
15000072,1,16000001,16000059,16000079,16000075,16000012,16000042,20260406T214132.000Z
15000053,1,16000005,16000004,16000077,16000103,16000030,16000070,20260406T213630.000Z
15000053,1,16000005,16000004,16000077,16000103,16000030,16000070,20260406T213427.000Z
15000010,1,16000017,16000023,16000059,16000057,16000026,16000063,20260406T212943.000Z
15000010,1,16000017,16000023,16000059,16000057,16000026,16000063,20260406T212638.000Z
15000010,0,16000014,16000030,16000012,16000004,16000095,16000059,20260406T210356.000Z
15000010,0,16000014,16000030,16000012,16000004,16000095,16000059,20260406T210213.000Z
15000018,0,16000070,16000079,16000095,16000023,16000073,16000099,20260406T205820.000Z
15000018,0,16000070,16000079,16000095,16000023,16000073,16000099,20260406T205611.000Z
15000306,0,16000047,16000019,16000099,16000014,16000098,16000012,20260406T204647.000Z
15000306,0,16000047,16000019,16000099,16000014,16000098,16000012,20260406T204459.000Z
15000072,1,16000079,16000042,16000056,16000099,16000036,16000087,20260406T203933.000Z
15000072,1,16000079,16000042,16000056,16000099,16000036,16000087,20260406T203706.000Z
15000115,1,16000074,16000012,16000095,16000005,16000059,16000103,20260406T220226.000Z
15000018,1,16000073,16000075,16000001,16000079,16000059,16000002,20260406T214749.000Z
15000018,1,16000073,16000075,16000001,16000079,16000059,16000002,20260406T214556.000Z
15000293,0,16000002,16000011,16000012,16000089,16000087,16000023,20260406T214141.000Z
15000293,1,16000002,16000011,16000012,16000089,16000087,16000023,20260406T213954.000Z
15000293,0,16000002,16000011,16000012,16000089,16000087,16000023,20260406T213803.000Z
15000025,1,16000005,16000023,16000086,16000045,16000001,16000083,20260406T213054.000Z
15000025,1,16000005,16000023,16000086,16000045,16000001,16000083,20260406T212805.000Z
15000018,0,16000036,16000078,16000001,16000019,16000094,16000079,20260406T212457.000Z
15000018,0,16000036,16000078,16000001,16000019,16000094,16000079,20260406T212242.000Z
15000072,0,16000073,16000042,16000074,16000001,16000094,16000079,20260406T211837.000Z
15000072,0,16000073,16000042,16000074,16000001,16000094,16000079,20260406T211702.000Z
15000007,0,16000063,16000004,16000011,16000000,16000099,16000023,20260406T211305.000Z
15000007,0,16000063,16000004,16000011,16000000,16000099,16000023,20260406T211106.000Z
15000292,1,16000077,16000063,16000017,16000005,16000081,16000012,20260406T210514.000Z
15000292,1,16000077,16000063,16000017,16000005,16000081,16000012,20260406T210251.000Z
15000132,1,16000004,16000026,16000001,16000012,16000085,16000059,20260406T205716.000Z
15000132,1,16000004,16000026,16000001,16000012,16000085,16000059,20260406T205458.000Z
15000083,1,16000099,16000047,16000023,16000025,16000019,16000042,20260406T204815.000Z
15000083,1,16000099,16000047,16000023,16000025,16000019,16000042,20260406T204558.000Z
15000083,0,16000099,16000047,16000023,16000025,16000019,16000042,20260406T204339.000Z
15000132,0,16000044,16000002,16000005,16000023,16000063,16000030,20260406T203851.000Z
15000132,0,16000044,16000002,16000005,16000023,16000063,16000030,20260406T203638.000Z
15000703,1,16000036,16000098,16000003,16000046,16000037,16000042,20260406T203042.000Z
15000010,1,16000023,16000102,16000008,16000086,16000059,16000057,20260406T212500.000Z
15000010,0,16000023,16000102,16000008,16000086,16000059,16000057,20260406T212310.000Z
15000010,1,16000023,16000102,16000008,16000086,16000059,16000057,20260406T212044.000Z
15000440,1,16000019,16000047,16000077,16000064,16000048,16000003,20260406T211411.000Z
15000440,0,16000019,16000047,16000077,16000064,16000048,16000003,20260406T211015.000Z
15000440,1,16000019,16000047,16000077,16000064,16000048,16000003,20260406T210643.000Z
15000025,0,16000041,16000025,16000038,16000030,16000002,16000004,20260406T205722.000Z
15000025,1,16000041,16000025,16000038,16000030,16000002,16000004,20260406T205434.000Z
15000025,0,16000041,16000025,16000038,16000030,16000002,16000004,20260406T205145.000Z
15000011,1,16000013,16000008,16000026,16000032,16000063,16000011,20260406T204257.000Z
15000011,1,16000013,16000008,16000026,16000032,16000063,16000011,20260406T204044.000Z
15000018,0,16000074,16000094,16000012,16000026,16000099,16000079,20260406T220208.000Z
15000018,1,16000074,16000094,16000012,16000026,16000099,16000079,20260406T215959.000Z
15000082,0,16000086,16000065,16000051,16000102,16000002,16000031,20260406T215141.000Z
15000292,0,16000063,16000045,16000089,16000005,16000059,16000014,20260406T211013.000Z
15000292,0,16000063,16000045,16000089,16000005,16000059,16000014,20260406T210802.000Z
15000022,1,16000005,16000036,16000094,16000014,16000065,16000099,20260406T210400.000Z
15000022,1,16000005,16000036,16000094,16000014,16000065,16000099,20260406T210142.000Z
15000018,1,16000018,16000056,16000002,16000042,16000094,16000070,20260406T215548.000Z
15000018,1,16000018,16000056,16000002,16000042,16000094,16000070,20260406T215330.000Z
15000050,1,16000102,16000070,16000034,16000050,16000098,16000004,20260406T214118.000Z
15000050,1,16000102,16000070,16000034,16000050,16000098,16000004,20260406T214024.000Z
15000293,1,16000087,16000102,16000075,16000086,16000049,16000002,20260406T213612.000Z
15000293,1,16000087,16000102,16000075,16000086,16000049,16000002,20260406T213444.000Z
15000115,1,16000017,16000102,16000054,16000004,16000021,16000009,20260406T212833.000Z
15000115,1,16000017,16000102,16000054,16000004,16000021,16000009,20260406T212648.000Z
15000011,1,16000103,16000102,16000014,16000004,16000023,16000040,20260406T212229.000Z
15000011,1,16000103,16000102,16000014,16000004,16000023,16000040,20260406T212035.000Z
15000011,0,16000103,16000102,16000014,16000004,16000023,16000040,20260406T211823.000Z
15000368,1,16000103,16000004,16000003,16000077,16000005,16000031,20260406T211430.000Z
15000368,1,16000103,16000004,16000003,16000077,16000005,16000031,20260406T211143.000Z
15000703,1,16000023,16000012,16000011,16000003,16000001,16000018,20260406T210315.000Z
15000703,1,16000023,16000012,16000011,16000003,16000001,16000018,20260406T210137.000Z
15000143,1,16000011,16000090,16000014,16000010,16000048,16000009,20260406T205704.000Z
15000143,1,16000011,16000090,16000014,16000010,16000048,16000009,20260406T205538.000Z
15000292,1,16000098,16000012,16000007,16000047,16000013,16000057,20260406T205131.000Z
15000292,1,16000098,16000012,16000007,16000047,16000013,16000057,20260406T204931.000Z
15000440,0,16000103,16000099,16000012,16000009,16000011,16000005,20260406T204528.000Z
15000440,0,16000103,16000099,16000012,16000009,16000011,16000005,20260406T204238.000Z
15000292,1,16000098,16000012,16000028,16000103,16000038,16000040,20260406T203721.000Z
15000440,0,16000065,16000019,16000021,16000037,16000074,16000079,20260406T205528.000Z
15000440,0,16000065,16000019,16000021,16000037,16000074,16000079,20260406T205344.000Z
15000115,0,16000096,16000044,16000005,16000011,16000063,16000008,20260406T204652.000Z
15000115,1,16000096,16000044,16000005,16000011,16000063,16000008,20260406T204429.000Z
15000115,0,16000096,16000044,16000005,16000011,16000063,16000008,20260406T204217.000Z
15000368,1,16000074,16000021,16000003,16000046,16000012,16000015,20260406T203713.000Z
15000143,1,16000012,16000001,16000103,16000070,16000030,16000099,20260406T220246.000Z
15000143,1,16000012,16000001,16000103,16000070,16000030,16000099,20260406T220041.000Z
15001021,1,16000001,16000103,16000008,16000098,16000097,16000083,20260406T220207.000Z
15001021,1,16000001,16000103,16000008,16000098,16000097,16000083,20260406T220051.000Z
15001021,0,16000001,16000103,16000008,16000098,16000097,16000083,20260406T215859.000Z
15000703,1,16000023,16000036,16000061,16000064,16000081,16000003,20260406T215310.000Z
15000703,0,16000023,16000036,16000061,16000064,16000081,16000003,20260406T215053.000Z
15000703,1,16000023,16000036,16000061,16000064,16000081,16000003,20260406T214757.000Z
15000050,1,16000029,16000004,16000030,16000001,16000045,16000059,20260406T214055.000Z
15000050,1,16000029,16000004,16000030,16000001,16000045,16000059,20260406T213946.000Z
15000118,1,16000030,16000103,16000059,16000025,16000026,16000008,20260406T213427.000Z
15000118,1,16000030,16000103,16000059,16000025,16000026,16000008,20260406T213215.000Z
15000118,0,16000030,16000103,16000059,16000025,16000026,16000008,20260406T213007.000Z
15000293,0,16000012,16000059,16000085,16000008,16000086,16000069,20260406T212420.000Z
15000293,1,16000012,16000059,16000085,16000008,16000086,16000069,20260406T212219.000Z
15000293,0,16000012,16000059,16000085,16000008,16000086,16000069,20260406T211924.000Z
15000118,1,16000043,16000030,16000004,16000098,16000089,16000049,20260406T211452.000Z
15000118,1,16000043,16000030,16000004,16000098,16000089,16000049,20260406T211203.000Z
15000118,1,16000068,16000083,16000004,16000030,16000026,16000002,20260406T210708.000Z
15000118,1,16000068,16000083,16000004,16000030,16000026,16000002,20260406T210412.000Z
15000072,1,16000023,16000081,16000056,16000075,16000103,16000059,20260406T205937.000Z
15000072,0,16000023,16000081,16000056,16000075,16000103,16000059,20260406T205724.000Z
15000072,1,16000023,16000081,16000056,16000075,16000103,16000059,20260406T205517.000Z
15000018,1,16000012,16000081,16000099,16000072,16000056,16000036,20260406T205027.000Z
15000018,0,16000012,16000081,16000099,16000072,16000056,16000036,20260406T204739.000Z
15000018,1,16000012,16000081,16000099,16000072,16000056,16000036,20260406T204501.000Z
15000293,0,16000030,16000012,16000005,16000063,16000023,16000086,20260406T215931.000Z
15000293,0,16000030,16000012,16000005,16000063,16000023,16000086,20260406T215741.000Z
15000293,1,16000005,16000002,16000023,16000012,16000069,16000086,20260406T215242.000Z
15000293,1,16000005,16000002,16000023,16000012,16000069,16000086,20260406T214955.000Z
15000132,1,16000063,16000005,16000102,16000023,16000059,16000044,20260406T214504.000Z
15000132,1,16000063,16000005,16000102,16000023,16000059,16000044,20260406T214216.000Z
15000022,1,16000021,16000042,16000011,16000036,16000094,16000003,20260406T213636.000Z
15000022,1,16000021,16000042,16000011,16000036,16000094,16000003,20260406T213417.000Z
15000703,0,16000011,16000005,16000089,16000001,16000023,16000004,20260406T212903.000Z
15000703,0,16000011,16000005,16000089,16000001,16000023,16000004,20260406T212652.000Z
15000019,1,16000075,16000056,16000001,16000005,16000078,16000065,20260406T212102.000Z
15000019,1,16000075,16000056,16000001,16000005,16000078,16000065,20260406T211929.000Z
15000703,0,16000005,16000012,16000099,16000061,16000064,16000098,20260406T211210.000Z
15000703,1,16000005,16000012,16000099,16000061,16000064,16000098,20260406T210859.000Z
15000703,0,16000005,16000012,16000099,16000061,16000064,16000098,20260406T210622.000Z
15000072,1,16000094,16000001,16000056,16000036,16000078,16000042,20260406T210121.000Z
15000072,1,16000094,16000001,16000056,16000036,16000078,16000042,20260406T210001.000Z
15000025,1,16000089,16000023,16000102,16000063,16000030,16000008,20260406T205417.000Z
15000025,1,16000089,16000023,16000102,16000063,16000030,16000008,20260406T205048.000Z
15000300,1,16000023,16000011,16000012,16000044,16000014,16000063,20260406T204207.000Z
15000300,1,16000023,16000011,16000012,16000044,16000014,16000063,20260406T204009.000Z
15000300,0,16000023,16000011,16000012,16000044,16000014,16000063,20260406T203816.000Z
15000072,1,16000094,16000073,16000015,16000004,16000065,16000086,20260406T210856.000Z
15000072,0,16000094,16000073,16000015,16000004,16000065,16000086,20260406T210721.000Z
15000072,1,16000094,16000073,16000015,16000004,16000065,16000086,20260406T210615.000Z
15000293,1,16000030,16000076,16000066,16000070,16000082,16000071,20260406T210301.000Z
15000293,1,16000030,16000076,16000066,16000070,16000082,16000071,20260406T210139.000Z
15000300,1,16000048,16000054,16000103,16000099,16000025,16000001,20260406T205625.000Z
15000300,1,16000048,16000054,16000103,16000099,16000025,16000001,20260406T205345.000Z
15000440,1,16000101,16000002,16000103,16000058,16000005,16000075,20260406T205003.000Z
15000440,0,16000101,16000002,16000103,16000058,16000005,16000075,20260406T204742.000Z
15000440,1,16000101,16000002,16000103,16000058,16000005,16000075,20260406T204448.000Z
15000548,1,16000047,16000003,16000001,16000015,16000099,16000005,20260406T204057.000Z
15000548,1,16000047,16000003,16000001,16000015,16000099,16000005,20260406T203906.000Z
15000368,1,16000046,16000064,16000023,16000003,16000004,16000021,20260406T215642.000Z
15000368,1,16000046,16000064,16000023,16000003,16000004,16000021,20260406T215523.000Z
15000368,0,16000046,16000064,16000023,16000003,16000004,16000021,20260406T215421.000Z
15000010,1,16000012,16000089,16000081,16000059,16000005,16000095,20260406T214027.000Z
15000010,1,16000012,16000089,16000081,16000059,16000005,16000095,20260406T213810.000Z
15000010,0,16000012,16000089,16000081,16000059,16000005,16000095,20260406T213612.000Z
15000440,1,16000019,16000098,16000023,16000102,16000005,16000037,20260406T213047.000Z
15000440,1,16000019,16000098,16000023,16000102,16000005,16000037,20260406T212845.000Z
15000440,0,16000019,16000098,16000023,16000102,16000005,16000037,20260406T212713.000Z
15000072,1,16000103,16000087,16000094,16000081,16000036,16000079,20260406T212034.000Z
15000072,1,16000103,16000087,16000094,16000081,16000036,16000079,20260406T211745.000Z
15000440,1,16000003,16000081,16000037,16000077,16000043,16000022,20260406T211108.000Z
15000440,1,16000003,16000081,16000037,16000077,16000043,16000022,20260406T210948.000Z
15000115,1,16000005,16000038,16000023,16000028,16000012,16000070,20260406T210547.000Z
15000115,1,16000005,16000038,16000023,16000028,16000012,16000070,20260406T210329.000Z
15000011,0,16000059,16000099,16000083,16000005,16000014,16000063,20260406T205923.000Z
15000011,0,16000059,16000099,16000083,16000005,16000014,16000063,20260406T205738.000Z
15000368,0,16000098,16000003,16000018,16000079,16000090,16000103,20260406T220319.000Z
15000007,1,16000074,16000086,16000014,16000002,16000099,16000012,20260406T215736.000Z
15000007,1,16000074,16000086,16000014,16000002,16000099,16000012,20260406T215503.000Z
15000083,1,16000003,16000054,16000089,16000061,16000063,16000094,20260406T215020.000Z
15000083,0,16000003,16000054,16000089,16000061,16000063,16000094,20260406T214802.000Z
15000083,1,16000003,16000054,16000089,16000061,16000063,16000094,20260406T214544.000Z
15000440,0,16000021,16000062,16000046,16000037,16000065,16000014,20260406T214023.000Z
15000440,0,16000021,16000062,16000046,16000037,16000065,16000014,20260406T213829.000Z
15000368,0,16000003,16000021,16000042,16000015,16000046,16000064,20260406T212641.000Z
15000368,1,16000003,16000021,16000042,16000015,16000046,16000064,20260406T212302.000Z
15000368,0,16000003,16000021,16000042,16000015,16000046,16000064,20260406T212033.000Z
15000703,1,16000089,16000014,16000003,16000021,16000015,16000079,20260406T211415.000Z
15000703,1,16000089,16000014,16000003,16000021,16000015,16000079,20260406T211101.000Z
15000703,0,16000089,16000014,16000003,16000021,16000015,16000079,20260406T210739.000Z
15000548,1,16000014,16000036,16000003,16000093,16000099,16000021,20260406T210257.000Z
15000548,1,16000014,16000036,16000003,16000093,16000099,16000021,20260406T210048.000Z
15000019,1,16000025,16000094,16000099,16000079,16000078,16000019,20260406T205426.000Z
15000019,1,16000025,16000094,16000099,16000079,16000078,16000019,20260406T205137.000Z
15000548,1,16000036,16000046,16000021,16000065,16000042,16000003,20260406T204503.000Z
15000548,1,16000036,16000046,16000021,16000065,16000042,16000003,20260406T204339.000Z
15001021,1,16000005,16000012,16000026,16000099,16000023,16000040,20260406T203659.000Z
15000082,0,16000097,16000005,16000081,16000022,16000023,16000074,20260406T211514.000Z
15000082,0,16000097,16000005,16000081,16000022,16000023,16000074,20260406T211307.000Z
15000010,0,16000061,16000023,16000085,16000040,16000063,16000011,20260406T220243.000Z
15000019,0,16000099,16000073,16000019,16000075,16000040,16000059,20260406T215804.000Z
15000019,0,16000099,16000073,16000019,16000075,16000040,16000059,20260406T215637.000Z
15000010,0,16000059,16000099,16000004,16000081,16000063,16000089,20260406T212014.000Z
15000010,0,16000059,16000099,16000004,16000081,16000063,16000089,20260406T211758.000Z
15000018,0,16000081,16000063,16000099,16000001,16000040,16000005,20260406T211159.000Z
15000018,0,16000081,16000063,16000099,16000001,16000040,16000005,20260406T210946.000Z
15000548,0,16000076,16000099,16000011,16000002,16000079,16000012,20260406T210426.000Z
15000548,1,16000076,16000099,16000011,16000002,16000079,16000012,20260406T210152.000Z
15000548,0,16000076,16000099,16000011,16000002,16000079,16000012,20260406T205929.000Z
15000050,0,16000102,16000020,16000030,16000095,16000028,16000004,20260406T205438.000Z
15000050,1,16000102,16000020,16000030,16000095,16000028,16000004,20260406T205256.000Z
15000050,0,16000102,16000020,16000030,16000095,16000028,16000004,20260406T205134.000Z
15001021,1,16000059,16000029,16000023,16000011,16000063,16000005,20260406T204603.000Z
15001021,1,16000059,16000029,16000023,16000011,16000063,16000005,20260406T204342.000Z
15000018,0,16000074,16000073,16000059,16000079,16000078,16000036,20260406T203949.000Z
15000018,0,16000074,16000073,16000059,16000079,16000078,16000036,20260406T203808.000Z
15000018,0,16000059,16000012,16000040,16000015,16000056,16000099,20260406T220352.000Z
15000703,1,16000036,16000079,16000015,16000021,16000003,16000061,20260406T215604.000Z
15000703,1,16000036,16000079,16000015,16000021,16000003,16000061,20260406T215321.000Z
15000703,0,16000036,16000079,16000015,16000021,16000003,16000061,20260406T215155.000Z
15000082,0,16000026,16000099,16000021,16000002,16000025,16000081,20260406T214723.000Z
15000082,0,16000026,16000099,16000021,16000002,16000025,16000081,20260406T214512.000Z
15000007,1,16000014,16000063,16000012,16000011,16000023,16000004,20260406T212347.000Z
15000007,1,16000014,16000063,16000012,16000011,16000023,16000004,20260406T212210.000Z
15000050,0,16000012,16000059,16000001,16000026,16000098,16000004,20260406T211157.000Z
15000050,0,16000012,16000059,16000001,16000026,16000098,16000004,20260406T211023.000Z
15000050,1,16000012,16000059,16000001,16000026,16000098,16000004,20260406T210916.000Z
15000010,1,16000004,16000095,16000059,16000014,16000030,16000012,20260406T210356.000Z
15000010,1,16000004,16000095,16000059,16000014,16000030,16000012,20260406T210213.000Z
15000072,1,16000070,16000042,16000012,16000046,16000073,16000078,20260406T205841.000Z
15000072,1,16000070,16000042,16000012,16000046,16000073,16000078,20260406T205635.000Z
15000083,1,16000079,16000011,16000003,16000094,16000042,16000021,20260406T205145.000Z
15000083,0,16000079,16000011,16000003,16000094,16000042,16000021,20260406T205007.000Z
15000083,1,16000079,16000011,16000003,16000094,16000042,16000021,20260406T204749.000Z
15000703,1,16000023,16000089,16000098,16000003,16000021,16000097,20260406T204207.000Z
15000703,1,16000023,16000089,16000098,16000003,16000021,16000097,20260406T203925.000Z
15000703,0,16000023,16000089,16000098,16000003,16000021,16000097,20260406T203750.000Z
15000548,0,16000015,16000042,16000003,16000056,16000046,16000061,20260406T215843.000Z
15000548,0,16000015,16000042,16000003,16000056,16000046,16000061,20260406T215639.000Z
15000548,1,16000015,16000042,16000003,16000056,16000046,16000061,20260406T215424.000Z
15000010,0,16000012,16000049,16000025,16000071,16000005,16000030,20260406T214945.000Z
15000010,1,16000012,16000049,16000025,16000071,16000005,16000030,20260406T214717.000Z
15000010,0,16000012,16000049,16000025,16000071,16000005,16000030,20260406T214455.000Z
15000292,0,16000005,16000012,16000001,16000099,16000073,16000023,20260406T214053.000Z
15000292,0,16000005,16000012,16000001,16000099,16000073,16000023,20260406T213826.000Z
15000005,1,16000003,16000064,16000079,16000036,16000015,16000065,20260406T215917.000Z
15000005,1,16000003,16000064,16000079,16000036,16000015,16000065,20260406T215745.000Z
15000019,0,16000094,16000001,16000046,16000078,16000019,16000012,20260406T215247.000Z
15000019,0,16000094,16000001,16000046,16000078,16000019,16000012,20260406T215035.000Z
15000440,0,16000003,16000005,16000065,16000079,16000097,16000064,20260406T214447.000Z
15000440,0,16000003,16000005,16000065,16000079,16000097,16000064,20260406T214214.000Z
15000115,1,16000017,16000019,16000063,16000059,16000057,16000023,20260406T213332.000Z
15000115,1,16000017,16000019,16000063,16000059,16000057,16000023,20260406T213048.000Z
15000083,0,16000005,16000019,16000029,16000025,16000044,16000098,20260406T212628.000Z
15000083,0,16000005,16000019,16000029,16000025,16000044,16000098,20260406T212410.000Z
15000083,1,16000005,16000019,16000029,16000025,16000044,16000098,20260406T212152.000Z
15001021,0,16000014,16000083,16000044,16000063,16000001,16000059,20260406T211708.000Z
15001021,0,16000014,16000083,16000044,16000063,16000001,16000059,20260406T211605.000Z
15000368,1,16000099,16000003,16000098,16000044,16000061,16000089,20260406T211044.000Z
15000368,1,16000099,16000003,16000098,16000044,16000061,16000089,20260406T210852.000Z
15000368,0,16000099,16000003,16000098,16000044,16000061,16000089,20260406T210603.000Z
15000050,1,16000083,16000012,16000044,16000070,16000005,16000081,20260406T210046.000Z
15000050,1,16000083,16000012,16000044,16000070,16000005,16000081,20260406T205836.000Z
15000050,0,16000083,16000012,16000044,16000070,16000005,16000081,20260406T205653.000Z
15000053,1,16000096,16000070,16000026,16000075,16000025,16000083,20260406T205024.000Z
15000053,1,16000096,16000070,16000026,16000075,16000025,16000083,20260406T204823.000Z
15001021,1,16000012,16000089,16000019,16000001,16000029,16000074,20260406T204246.000Z
15001021,1,16000012,16000089,16000019,16000001,16000029,16000074,20260406T203958.000Z
15000083,1,16000065,16000023,16000036,16000029,16000102,16000024,20260406T220330.000Z
15000083,1,16000065,16000023,16000036,16000029,16000102,16000024,20260406T220129.000Z
15000368,0,16000005,16000098,16000025,16000103,16000081,16000004,20260406T215738.000Z
15000368,0,16000005,16000098,16000025,16000103,16000081,16000004,20260406T215458.000Z
15000019,0,16000001,16000056,16000075,16000014,16000012,16000081,20260406T214905.000Z
15000019,1,16000001,16000056,16000075,16000014,16000012,16000081,20260406T214634.000Z
15000019,0,16000001,16000056,16000075,16000014,16000012,16000081,20260406T214406.000Z
15000143,1,16000012,16000023,16000063,16000077,16000013,16000026,20260406T213946.000Z
15000143,1,16000012,16000023,16000063,16000077,16000013,16000026,20260406T213759.000Z
15000703,0,16000015,16000012,16000005,16000004,16000023,16000065,20260406T213220.000Z
15000703,0,16000015,16000012,16000005,16000004,16000023,16000065,20260406T213058.000Z
15000300,0,16000061,16000071,16000099,16000014,16000095,16000026,20260406T220526.000Z
15000005,0,16000021,16000054,16000099,16000103,16000075,16000023,20260405T114436.000Z
15000005,0,16000021,16000054,16000099,16000103,16000075,16000023,20260405T114217.000Z
15000083,0,16000005,16000081,16000042,16000047,16000098,16000061,20260406T210741.000Z
15000083,0,16000005,16000081,16000042,16000047,16000098,16000061,20260406T210522.000Z
15000005,0,16000036,16000003,16000064,16000042,16000081,16000021,20260406T210031.000Z
15000005,0,16000036,16000003,16000064,16000042,16000081,16000021,20260406T205813.000Z
15000005,1,16000036,16000003,16000064,16000042,16000081,16000021,20260406T205633.000Z
15000010,0,16000002,16000023,16000012,16000014,16000026,16000059,20260406T204645.000Z
15000010,0,16000002,16000023,16000012,16000014,16000026,16000059,20260406T204437.000Z
15000300,1,16000099,16000019,16000092,16000014,16000047,16000041,20260406T203647.000Z
15000300,0,16000099,16000019,16000092,16000014,16000047,16000041,20260406T203150.000Z
15000082,0,16000086,16000098,16000001,16000089,16000061,16000012,20260406T202229.000Z
15000082,0,16000086,16000098,16000001,16000089,16000061,16000012,20260406T202022.000Z
15000019,0,16000079,16000099,16000046,16000003,16000012,16000094,20260406T201057.000Z
15000019,1,16000079,16000099,16000046,16000003,16000012,16000094,20260406T200808.000Z
15000019,0,16000079,16000099,16000046,16000003,16000012,16000094,20260406T200520.000Z
15000306,0,16000089,16000012,16000099,16000005,16000011,16000070,20260406T195857.000Z
15000306,0,16000089,16000012,16000099,16000005,16000011,16000070,20260406T195653.000Z
15000292,1,16000083,16000023,16000098,16000025,16000013,16000059,20260406T195133.000Z
15000292,1,16000083,16000023,16000098,16000025,16000013,16000059,20260406T194916.000Z
15000703,1,16000023,16000061,16000047,16000005,16000097,16000079,20260406T203144.000Z
15000703,1,16000023,16000061,16000047,16000005,16000097,16000079,20260406T202931.000Z
15000306,1,16000011,16000012,16000004,16000026,16000097,16000098,20260406T202241.000Z
15000306,1,16000011,16000012,16000004,16000026,16000097,16000098,20260406T202024.000Z
15000306,0,16000011,16000012,16000004,16000026,16000097,16000098,20260406T201801.000Z
15000022,0,16000061,16000065,16000044,16000023,16000042,16000046,20260406T201306.000Z
15000022,0,16000061,16000065,16000044,16000023,16000042,16000046,20260406T201047.000Z
15000082,0,16000011,16000099,16000030,16000023,16000022,16000086,20260406T181645.000Z
15000082,0,16000011,16000099,16000030,16000023,16000022,16000086,20260406T181436.000Z
15000082,1,16000011,16000099,16000030,16000023,16000022,16000086,20260406T181249.000Z
15000132,1,16000102,16000035,16000026,16000002,16000001,16000028,20260406T180751.000Z
15000132,1,16000102,16000035,16000026,16000002,16000001,16000028,20260406T180658.000Z
15000005,1,16000042,16000103,16000015,16000001,16000099,16000046,20260406T164536.000Z
15000005,1,16000042,16000103,16000015,16000001,16000099,16000046,20260406T164355.000Z
15000292,1,16000045,16000083,16000014,16000003,16000070,16000030,20260406T163226.000Z
15000292,1,16000045,16000083,16000014,16000003,16000070,16000030,20260406T163006.000Z
15000440,1,16000003,16000037,16000099,16000001,16000012,16000023,20260406T162453.000Z
15000440,1,16000003,16000037,16000099,16000001,16000012,16000023,20260406T162254.000Z
15000007,0,16000095,16000083,16000030,16000029,16000016,16000005,20260406T161921.000Z
15000007,0,16000095,16000083,16000030,16000029,16000016,16000005,20260406T161657.000Z
15000007,1,16000095,16000083,16000030,16000029,16000016,16000005,20260406T161509.000Z
15000010,1,16000102,16000103,16000000,16000005,16000002,16000017,20260406T202507.000Z
15000010,0,16000102,16000103,16000000,16000005,16000002,16000017,20260406T202301.000Z
15000010,1,16000102,16000103,16000000,16000005,16000002,16000017,20260406T202047.000Z
15000118,1,16000000,16000103,16000067,16000005,16000042,16000026,20260406T201635.000Z
15000118,1,16000000,16000103,16000067,16000005,16000042,16000026,20260406T201454.000Z
15000368,1,16000075,16000089,16000099,16000023,16000003,16000048,20260406T201028.000Z
15000368,1,16000075,16000089,16000099,16000023,16000003,16000048,20260406T200900.000Z
15000053,1,16000082,16000026,16000004,16000019,16000023,16000012,20260406T200452.000Z
15000053,1,16000082,16000026,16000004,16000019,16000023,16000012,20260406T200325.000Z
15000143,0,16000001,16000023,16000059,16000026,16000063,16000099,20260406T155759.000Z
15000143,0,16000001,16000023,16000059,16000026,16000063,16000099,20260406T155654.000Z
15000082,1,16000047,16000098,16000095,16000022,16000081,16000089,20260406T153459.000Z
15000082,1,16000047,16000098,16000095,16000022,16000081,16000089,20260406T153240.000Z
15000053,1,16000006,16000005,16000002,16000026,16000039,16000004,20260405T213505.000Z
15000053,1,16000006,16000005,16000002,16000026,16000039,16000004,20260405T213309.000Z
15000053,0,16000006,16000005,16000002,16000026,16000039,16000004,20260405T213038.000Z
15000440,1,16000023,16000005,16000037,16000000,16000065,16000021,20260405T212445.000Z
15000440,1,16000023,16000005,16000037,16000000,16000065,16000021,20260405T212158.000Z
15000010,1,16000062,16000057,16000012,16000063,16000099,16000026,20260405T211446.000Z
15000010,1,16000062,16000057,16000012,16000063,16000099,16000026,20260405T211234.000Z
15000010,0,16000062,16000057,16000012,16000063,16000099,16000026,20260405T211039.000Z
15000118,1,16000098,16000005,16000012,16000006,16000099,16000023,20260405T210432.000Z
15000118,1,16000098,16000005,16000012,16000006,16000099,16000023,20260405T210145.000Z
15000300,0,16000092,16000029,16000095,16000005,16000023,16000063,20260405T205616.000Z
15000300,0,16000092,16000029,16000095,16000005,16000023,16000063,20260405T205355.000Z
15000118,0,16000067,16000070,16000005,16000012,16000001,16000098,20260405T204801.000Z
15000118,0,16000067,16000070,16000005,16000012,16000001,16000098,20260405T204502.000Z
15000118,1,16000067,16000070,16000005,16000012,16000001,16000098,20260405T204113.000Z
15000010,1,16000095,16000012,16000083,16000049,16000040,16000023,20260406T130142.000Z
15000010,0,16000095,16000012,16000083,16000049,16000040,16000023,20260406T125939.000Z
15000010,1,16000095,16000012,16000083,16000049,16000040,16000023,20260406T125728.000Z
15000118,1,16000004,16000098,16000012,16000001,16000038,16000002,20260406T125250.000Z
15000118,1,16000004,16000098,16000012,16000001,16000038,16000002,20260406T125046.000Z
15000292,0,16000085,16000005,16000023,16000011,16000086,16000059,20260406T124606.000Z
15000292,0,16000085,16000005,16000023,16000011,16000086,16000059,20260406T124411.000Z
15000072,0,16000023,16000004,16000095,16000026,16000079,16000012,20260406T123922.000Z
15000072,0,16000023,16000004,16000095,16000026,16000079,16000012,20260406T123756.000Z
15000115,0,16000103,16000089,16000063,16000081,16000014,16000059,20260406T184214.000Z
15000115,0,16000103,16000089,16000063,16000081,16000014,16000059,20260406T184014.000Z
15000018,0,16000095,16000078,16000040,16000025,16000002,16000099,20260406T183530.000Z
15000018,0,16000095,16000078,16000040,16000025,16000002,16000099,20260406T183313.000Z
15000306,1,16000099,16000011,16000014,16000102,16000012,16000098,20260406T182627.000Z
15000306,1,16000099,16000011,16000014,16000102,16000012,16000098,20260406T182429.000Z
15000293,1,16000011,16000030,16000067,16000070,16000002,16000087,20260406T181843.000Z
15000293,1,16000011,16000030,16000067,16000070,16000002,16000087,20260406T181647.000Z
15000300,1,16000025,16000041,16000071,16000000,16000019,16000030,20260406T212909.000Z
15000703,1,16000025,16000012,16000004,16000020,16000077,16000052,20260406T212647.000Z
15000300,1,16000102,16000023,16000025,16000043,16000082,16000078,20260406T212444.000Z
15000022,1,16000094,16000036,16000035,16000011,16000065,16000043,20260406T220635.000Z
15000011,1,16000007,16000026,16000001,16000071,16000102,16000094,20260406T220318.000Z
15001021,1,16000063,16000009,16000000,16000070,16000000,16000009,20260406T220036.000Z
15001021,1,16000009,16000004,16000011,16000030,16000084,16000026,20260404T094045.000Z
15000143,1,16000070,16000042,16000026,16000014,16000077,16000043,20260404T093754.000Z
15000368,1,16000103,16000035,16000020,16000043,16000005,16000065,20260404T093602.000Z
15000368,1,16000102,16000037,16000103,16000077,16000099,16000003,20260406T165707.000Z
15000143,1,16000004,16000023,16000102,16000028,16000043,16000038,20260406T165525.000Z
15000115,1,16000014,16000020,16000030,16000003,16000070,16000020,20260406T165229.000Z
15000022,1,16000071,16000001,16000085,16000005,16000032,16000015,20260406T165007.000Z
15000019,1,16000070,16000001,16000003,16000077,16000029,16000004,20260406T164753.000Z
15001021,1,16000012,16000086,16000011,16000005,16000063,16000059,20260406T114753.000Z
15001021,1,16000012,16000086,16000011,16000005,16000063,16000059,20260406T114703.000Z
15001021,0,16000012,16000086,16000011,16000005,16000063,16000059,20260406T114531.000Z
15000083,1,16000099,16000042,16000002,16000003,16000011,16000015,20260406T114050.000Z
15000083,1,16000099,16000042,16000002,16000003,16000011,16000015,20260406T113907.000Z
15000300,0,16000002,16000098,16000019,16000095,16000022,16000023,20260406T113445.000Z
15000300,0,16000002,16000098,16000019,16000095,16000022,16000023,20260406T113233.000Z
15000300,1,16000002,16000098,16000019,16000095,16000022,16000023,20260406T113011.000Z
15001021,0,16000047,16000001,16000099,16000084,16000100,16000005,20260406T112533.000Z
15001021,0,16000047,16000001,16000099,16000084,16000100,16000005,20260406T112432.000Z
15000019,0,16000002,16000019,16000001,16000059,16000083,16000079,20260406T111926.000Z
15000019,0,16000002,16000019,16000001,16000059,16000083,16000079,20260406T111637.000Z
15000019,1,16000002,16000019,16000001,16000059,16000083,16000079,20260406T111407.000Z
15000011,1,16000102,16000004,16000021,16000012,16000023,16000059,20260406T213106.000Z
15000011,1,16000102,16000004,16000021,16000012,16000023,16000059,20260406T212818.000Z
15000050,0,16000083,16000103,16000071,16000034,16000050,16000008,20260406T212144.000Z
15000050,1,16000083,16000103,16000071,16000034,16000050,16000008,20260406T211846.000Z
15000050,0,16000083,16000103,16000071,16000034,16000050,16000008,20260406T211701.000Z
15000115,1,16000030,16000026,16000103,16000050,16000021,16000071,20260406T211323.000Z
15000115,0,16000030,16000026,16000103,16000050,16000021,16000071,20260406T211145.000Z
15000115,1,16000030,16000026,16000103,16000050,16000021,16000071,20260406T210929.000Z
15000019,1,16000081,16000103,16000039,16000012,16000015,16000001,20260406T210520.000Z
15000019,1,16000081,16000103,16000039,16000012,16000015,16000001,20260406T210300.000Z
15000025,1,16000030,16000103,16000102,16000008,16000069,16000071,20260406T205836.000Z
15000025,1,16000030,16000103,16000102,16000008,16000069,16000071,20260406T205705.000Z
15000082,1,16000061,16000087,16000103,16000004,16000048,16000065,20260406T205221.000Z
15000082,1,16000061,16000087,16000103,16000004,16000048,16000065,20260406T205009.000Z
15000050,1,16000020,16000012,16000071,16000000,16000034,16000023,20260406T204608.000Z
15000050,0,16000020,16000012,16000071,16000000,16000034,16000023,20260406T204502.000Z
15000050,1,16000020,16000012,16000071,16000000,16000034,16000023,20260406T204214.000Z
15000007,1,16000081,16000102,16000103,16000005,16000099,16000048,20260406T203725.000Z
15000007,1,16000081,16000102,16000103,16000005,16000099,16000048,20260406T203545.000Z
15000118,0,16000089,16000038,16000030,16000013,16000023,16000026,20260406T203105.000Z
15000118,0,16000089,16000038,16000030,16000013,16000023,16000026,20260406T202859.000Z
15000019,1,16000026,16000098,16000001,16000019,16000020,16000075,20260406T172249.000Z
15000019,1,16000026,16000098,16000001,16000019,16000020,16000075,20260406T172059.000Z
15000022,1,16000005,16000061,16000101,16000012,16000015,16000065,20260406T171630.000Z
15000022,1,16000005,16000061,16000101,16000012,16000015,16000065,20260406T171432.000Z
15000018,1,16000073,16000001,16000005,16000012,16000003,16000008,20260406T170820.000Z
15000018,1,16000073,16000001,16000005,16000012,16000003,16000008,20260406T170649.000Z
15000053,1,16000005,16000025,16000004,16000070,16000075,16000012,20260406T220324.000Z
15000053,1,16000005,16000025,16000004,16000070,16000075,16000012,20260406T220149.000Z
15000053,0,16000026,16000005,16000070,16000004,16000012,16000073,20260406T215514.000Z
15000053,0,16000026,16000005,16000070,16000004,16000012,16000073,20260406T215321.000Z
15000300,1,16000083,16000005,16000014,16000046,16000023,16000054,20260406T214930.000Z
15000300,1,16000083,16000005,16000014,16000046,16000023,16000054,20260406T214657.000Z
15000300,0,16000095,16000014,16000097,16000012,16000089,16000023,20260406T214248.000Z
15000300,0,16000095,16000014,16000097,16000012,16000089,16000023,20260406T214039.000Z
15000300,1,16000095,16000014,16000097,16000012,16000089,16000023,20260406T213824.000Z
15000083,1,16000098,16000099,16000094,16000061,16000065,16000022,20260406T213055.000Z
15000083,1,16000098,16000099,16000094,16000061,16000065,16000022,20260406T212836.000Z
15001021,1,16000063,16000044,16000042,16000004,16000005,16000025,20260406T212342.000Z
15001021,1,16000063,16000044,16000042,16000004,16000005,16000025,20260406T212041.000Z
15000072,1,16000078,16000023,16000103,16000079,16000001,16000015,20260406T211555.000Z
15000072,1,16000078,16000023,16000103,16000079,16000001,16000015,20260406T211414.000Z
15000007,1,16000063,16000014,16000081,16000004,16000011,16000103,20260406T210845.000Z
15000007,1,16000063,16000014,16000081,16000004,16000011,16000103,20260406T210509.000Z
15000007,0,16000063,16000014,16000081,16000004,16000011,16000103,20260406T210247.000Z
15000132,0,16000044,16000005,16000002,16000059,16000012,16000000,20260406T205637.000Z
15000132,0,16000044,16000005,16000002,16000059,16000012,16000000,20260406T205349.000Z
15000293,1,16000081,16000070,16000103,16000096,16000030,16000087,20260406T204734.000Z
15000293,1,16000081,16000070,16000103,16000096,16000030,16000087,20260406T204555.000Z
15000010,0,16000004,16000005,16000012,16000063,16000014,16000070,20260406T204025.000Z
15000010,0,16000004,16000005,16000012,16000063,16000014,16000070,20260406T203816.000Z
15000050,0,16000103,16000095,16000097,16000034,16000044,16000004,20260406T160516.000Z
15000050,0,16000103,16000095,16000097,16000034,16000044,16000004,20260406T160151.000Z
15000050,1,16000103,16000095,16000097,16000034,16000044,16000004,20260406T160052.000Z
15000050,1,16000026,16000023,16000004,16000025,16000001,16000012,20260406T155410.000Z
15000050,1,16000026,16000023,16000004,16000025,16000001,16000012,20260406T155252.000Z
15000118,1,16000102,16000011,16000098,16000002,16000023,16000087,20260406T154655.000Z
15000118,1,16000102,16000011,16000098,16000002,16000023,16000087,20260406T154536.000Z
15000118,1,16000023,16000102,16000059,16000019,16000026,16000050,20260406T093905.000Z
15000118,1,16000023,16000102,16000059,16000019,16000026,16000050,20260406T093617.000Z
15000118,0,16000102,16000014,16000001,16000025,16000042,16000002,20260406T093258.000Z
15000118,1,16000102,16000014,16000001,16000025,16000042,16000002,20260406T093206.000Z
15000118,0,16000102,16000014,16000001,16000025,16000042,16000002,20260406T092917.000Z
15000143,0,16000040,16000103,16000012,16000102,16000083,16000011,20260406T205806.000Z
15000143,0,16000040,16000103,16000012,16000102,16000083,16000011,20260406T205523.000Z
15000007,0,16000014,16000000,16000011,16000083,16000002,16000012,20260406T202900.000Z
15000007,0,16000014,16000000,16000011,16000083,16000002,16000012,20260406T202642.000Z
15000022,1,16000011,16000012,16000042,16000103,16000077,16000036,20260406T202154.000Z
15000022,1,16000011,16000012,16000042,16000103,16000077,16000036,20260406T201935.000Z
15000368,1,16000099,16000037,16000003,16000021,16000103,16000046,20260406T201440.000Z
15000368,1,16000099,16000037,16000003,16000021,16000103,16000046,20260406T201255.000Z
15001021,1,16000030,16000001,16000063,16000098,16000005,16000008,20260406T163114.000Z
15001021,1,16000030,16000001,16000063,16000098,16000005,16000008,20260406T162852.000Z
15001021,0,16000030,16000001,16000063,16000098,16000005,16000008,20260406T162741.000Z
15000292,1,16000087,16000023,16000014,16000012,16000038,16000067,20260406T162408.000Z
15000292,1,16000087,16000023,16000014,16000012,16000038,16000067,20260406T162243.000Z
15000018,1,16000012,16000042,16000001,16000078,16000079,16000040,20260406T161910.000Z
15000018,1,16000012,16000042,16000001,16000078,16000079,16000040,20260406T161645.000Z
15001021,1,16000030,16000001,16000063,16000004,16000026,16000011,20260406T161139.000Z
15001021,1,16000030,16000001,16000063,16000004,16000026,16000011,20260406T161000.000Z
15001021,0,16000030,16000001,16000063,16000004,16000026,16000011,20260406T160844.000Z
15000050,0,16000005,16000089,16000012,16000044,16000059,16000063,20260406T213313.000Z
15000050,0,16000005,16000089,16000012,16000044,16000059,16000063,20260406T213121.000Z
15000050,1,16000005,16000089,16000012,16000044,16000059,16000063,20260406T212833.000Z
15000293,0,16000102,16000087,16000089,16000066,16000011,16000085,20260406T212210.000Z
15000293,0,16000102,16000087,16000089,16000066,16000011,16000085,20260406T211942.000Z
15000293,1,16000102,16000087,16000089,16000066,16000011,16000085,20260406T211721.000Z
15000143,1,16000012,16000005,16000030,16000089,16000059,16000098,20260406T210838.000Z
15000143,1,16000012,16000005,16000030,16000089,16000059,16000098,20260406T210551.000Z
15001021,0,16000011,16000008,16000023,16000012,16000002,16000103,20260406T205919.000Z
15001021,1,16000011,16000008,16000023,16000012,16000002,16000103,20260406T205638.000Z
15001021,0,16000011,16000008,16000023,16000012,16000002,16000103,20260406T205506.000Z
15000306,0,16000011,16000030,16000012,16000103,16000063,16000005,20260406T205035.000Z
15000306,0,16000011,16000030,16000012,16000103,16000063,16000005,20260406T204812.000Z
15000018,0,16000079,16000001,16000075,16000059,16000012,16000025,20260406T204121.000Z
15000018,0,16000079,16000001,16000075,16000059,16000012,16000025,20260406T203856.000Z
15000300,1,16000097,16000063,16000046,16000042,16000005,16000023,20260406T203242.000Z
15000300,1,16000097,16000063,16000046,16000042,16000005,16000023,20260406T203057.000Z
15000300,0,16000097,16000063,16000046,16000042,16000005,16000023,20260406T202841.000Z
15000025,1,16000005,16000026,16000028,16000004,16000011,16000059,20260406T142632.000Z
15000025,1,16000005,16000026,16000028,16000004,16000011,16000059,20260406T142301.000Z
15000300,0,16000012,16000029,16000002,16000020,16000014,16000005,20260406T172256.000Z
15000300,0,16000012,16000029,16000002,16000020,16000014,16000005,20260406T172052.000Z
15000292,1,16000014,16000089,16000082,16000039,16000022,16000007,20260406T171453.000Z
15000292,1,16000014,16000089,16000082,16000039,16000022,16000007,20260406T171208.000Z
15000011,1,16000014,16000095,16000063,16000019,16000103,16000076,20260406T170708.000Z
15000011,1,16000014,16000095,16000063,16000019,16000103,16000076,20260406T170440.000Z
15000083,1,16000061,16000011,16000064,16000042,16000087,16000023,20260406T154729.000Z
15000083,0,16000061,16000011,16000064,16000042,16000087,16000023,20260406T154510.000Z
15000050,0,16000044,16000023,16000009,16000038,16000004,16000005,20260406T153954.000Z
15000050,0,16000044,16000023,16000009,16000038,16000004,16000005,20260406T153700.000Z
15000703,0,16000003,16000023,16000097,16000072,16000001,16000064,20260406T153043.000Z
15000703,0,16000003,16000023,16000097,16000072,16000001,16000064,20260406T152854.000Z
15000703,1,16000003,16000023,16000097,16000072,16000001,16000064,20260406T152702.000Z
15000011,1,16000002,16000023,16000004,16000081,16000092,16000011,20260406T152220.000Z
15000011,1,16000002,16000023,16000004,16000081,16000092,16000011,20260406T152040.000Z
15000300,1,16000014,16000063,16000026,16000102,16000023,16000054,20260406T151523.000Z
15000300,1,16000014,16000063,16000026,16000102,16000023,16000054,20260406T151332.000Z
15000115,1,16000004,16000089,16000000,16000012,16000054,16000026,20260406T150913.000Z
15000115,1,16000004,16000089,16000000,16000012,16000054,16000026,20260406T150722.000Z
15000022,0,16000042,16000023,16000015,16000061,16000072,16000003,20260406T150311.000Z
15000022,0,16000042,16000023,16000015,16000061,16000072,16000003,20260406T150053.000Z
15000300,1,16000005,16000011,16000012,16000072,16000040,16000023,20260406T070458.000Z
15000300,1,16000005,16000011,16000012,16000072,16000040,16000023,20260406T070304.000Z
15000083,1,16000031,16000103,16000015,16000005,16000025,16000065,20260406T065655.000Z
15000083,1,16000031,16000103,16000015,16000005,16000025,16000065,20260406T065549.000Z
15000368,1,16000077,16000048,16000103,16000063,16000023,16000067,20260406T065014.000Z
15000368,1,16000077,16000048,16000103,16000063,16000023,16000067,20260406T064806.000Z
15001021,1,16000015,16000103,16000070,16000102,16000043,16000030,20260406T064439.000Z
15001021,1,16000015,16000103,16000070,16000102,16000043,16000030,20260406T064226.000Z
15000293,1,16000002,16000087,16000102,16000005,16000075,16000011,20260406T171738.000Z
15000293,0,16000002,16000087,16000102,16000005,16000075,16000011,20260406T171521.000Z
15000293,1,16000002,16000087,16000102,16000005,16000075,16000011,20260406T171331.000Z
15000306,1,16000014,16000011,16000005,16000084,16000025,16000012,20260406T132534.000Z
15000306,0,16000014,16000011,16000005,16000084,16000025,16000012,20260406T132314.000Z
15000306,1,16000014,16000011,16000005,16000084,16000025,16000012,20260406T132115.000Z
15000292,0,16000077,16000011,16000023,16000045,16000006,16000012,20260406T131623.000Z
15000292,1,16000077,16000011,16000023,16000045,16000006,16000012,20260406T131359.000Z
15000292,0,16000077,16000011,16000023,16000045,16000006,16000012,20260406T131145.000Z
15000300,1,16000023,16000019,16000000,16000026,16000012,16000095,20260406T130727.000Z
15000300,1,16000023,16000019,16000000,16000026,16000012,16000095,20260406T130528.000Z
15000368,1,16000061,16000099,16000003,16000042,16000004,16000046,20260406T130041.000Z
15000368,1,16000061,16000099,16000003,16000042,16000004,16000046,20260406T125932.000Z
15000022,1,16000042,16000099,16000094,16000012,16000019,16000014,20260406T125547.000Z
15000022,1,16000042,16000099,16000094,16000012,16000019,16000014,20260406T125329.000Z
15000022,0,16000042,16000099,16000094,16000012,16000019,16000014,20260406T125110.000Z
15000011,1,16000099,16000017,16000012,16000026,16000038,16000103,20260406T220815.000Z
15000019,0,16000103,16000099,16000001,16000003,16000004,16000075,20260406T220451.000Z
15000019,0,16000103,16000099,16000001,16000003,16000004,16000075,20260406T220202.000Z
15000018,1,16000014,16000073,16000039,16000050,16000015,16000012,20260406T135924.000Z
15000018,1,16000014,16000073,16000039,16000050,16000015,16000012,20260406T135742.000Z
15000053,1,16000102,16000009,16000008,16000003,16000007,16000071,20260406T135304.000Z
15000053,1,16000102,16000009,16000008,16000003,16000007,16000071,20260406T135033.000Z
15000306,1,16000062,16000013,16000030,16000083,16000085,16000050,20260406T134633.000Z
15000306,1,16000062,16000013,16000030,16000083,16000085,16000050,20260406T134450.000Z
15000053,1,16000005,16000075,16000030,16000043,16000042,16000012,20260406T134050.000Z
15000053,1,16000005,16000075,16000030,16000043,16000042,16000012,20260406T133838.000Z
15000018,0,16000023,16000012,16000005,16000001,16000070,16000073,20260406T133430.000Z
15000018,1,16000023,16000012,16000005,16000001,16000070,16000073,20260406T133143.000Z
15000018,0,16000023,16000012,16000005,16000001,16000070,16000073,20260406T132854.000Z
15000143,1,16000098,16000012,16000001,16000059,16000089,16000063,20260406T164039.000Z
15000143,1,16000098,16000012,16000001,16000059,16000089,16000063,20260406T163823.000Z
15000548,1,16000046,16000003,16000021,16000079,16000014,16000065,20260406T103357.000Z
15000548,1,16000046,16000003,16000021,16000079,16000014,16000065,20260406T103024.000Z
15000548,0,16000046,16000003,16000021,16000079,16000014,16000065,20260406T102821.000Z
15000082,1,16000089,16000004,16000098,16000005,16000077,16000023,20260406T102213.000Z
15000082,1,16000089,16000004,16000098,16000005,16000077,16000023,20260406T102010.000Z
15000440,0,16000076,16000005,16000048,16000090,16000042,16000021,20260406T101602.000Z
15000440,0,16000076,16000005,16000048,16000090,16000042,16000021,20260406T101246.000Z
15000440,1,16000076,16000005,16000048,16000090,16000042,16000021,20260406T100936.000Z
15000007,0,16000063,16000014,16000086,16000026,16000089,16000057,20260406T083856.000Z
15000007,0,16000063,16000014,16000086,16000026,16000089,16000057,20260406T083715.000Z
15000082,0,16000059,16000047,16000083,16000048,16000011,16000026,20260406T083157.000Z
15000082,0,16000059,16000047,16000083,16000048,16000011,16000026,20260406T083003.000Z
15000082,1,16000059,16000047,16000083,16000048,16000011,16000026,20260406T082750.000Z
15000025,0,16000103,16000026,16000098,16000085,16000049,16000025,20260406T082344.000Z
15000025,0,16000103,16000026,16000098,16000085,16000049,16000025,20260406T082210.000Z
15000143,0,16000063,16000086,16000083,16000029,16000023,16000002,20260406T183057.000Z
15000143,0,16000063,16000086,16000083,16000029,16000023,16000002,20260406T182808.000Z
15000143,1,16000063,16000086,16000083,16000029,16000023,16000002,20260406T182618.000Z
15000293,0,16000077,16000103,16000070,16000087,16000011,16000071,20260406T182141.000Z
15000293,0,16000077,16000103,16000070,16000087,16000011,16000071,20260406T181958.000Z
15000306,1,16000011,16000044,16000030,16000083,16000103,16000098,20260406T170329.000Z
15000306,0,16000011,16000044,16000030,16000083,16000103,16000098,20260406T170052.000Z
15000306,1,16000011,16000044,16000030,16000083,16000103,16000098,20260406T165832.000Z
15000440,0,16000062,16000064,16000098,16000046,16000003,16000011,20260406T165253.000Z
15000440,0,16000062,16000064,16000098,16000046,16000003,16000011,20260406T165052.000Z
15000306,0,16000011,16000044,16000089,16000092,16000002,16000012,20260406T164445.000Z
15000306,0,16000011,16000044,16000089,16000092,16000002,16000012,20260406T164311.000Z
15000018,0,16000005,16000015,16000094,16000081,16000074,16000099,20260406T163843.000Z
15000018,1,16000005,16000015,16000094,16000081,16000074,16000099,20260406T163554.000Z
15000018,0,16000005,16000015,16000094,16000081,16000074,16000099,20260406T163307.000Z
15000132,0,16000004,16000059,16000000,16000089,16000002,16000005,20260406T162840.000Z
15000132,0,16000004,16000059,16000000,16000089,16000002,16000005,20260406T162629.000Z
15000300,1,16000012,16000014,16000081,16000029,16000092,16000054,20260406T122857.000Z
15000300,1,16000012,16000014,16000081,16000029,16000092,16000054,20260406T122642.000Z
15000053,1,16000075,16000026,16000091,16000014,16000020,16000059,20260406T112118.000Z
15000053,1,16000075,16000026,16000091,16000014,16000020,16000059,20260406T111849.000Z
15000018,1,16000012,16000083,16000029,16000065,16000001,16000003,20260406T204642.000Z
15000018,1,16000012,16000083,16000029,16000065,16000001,16000003,20260406T204354.000Z
15000018,0,16000012,16000083,16000029,16000065,16000001,16000003,20260406T204104.000Z
15000011,1,16000014,16000011,16000102,16000004,16000012,16000002,20260328T075056.000Z
15000011,1,16000014,16000011,16000102,16000004,16000012,16000002,20260328T074919.000Z
15000011,0,16000014,16000011,16000102,16000004,16000012,16000002,20260328T074741.000Z
15000368,1,16000006,16000061,16000064,16000065,16000004,16000099,20260327T200234.000Z
15000368,1,16000006,16000061,16000064,16000065,16000004,16000099,20260327T195953.000Z
15000005,1,16000029,16000038,16000045,16000065,16000001,16000002,20260327T195553.000Z
15000005,1,16000029,16000038,16000045,16000065,16000001,16000002,20260327T195422.000Z
15000005,1,16000065,16000001,16000011,16000003,16000004,16000046,20260327T195114.000Z
15000005,0,16000065,16000001,16000011,16000003,16000004,16000046,20260327T194938.000Z
15000005,1,16000065,16000001,16000011,16000003,16000004,16000046,20260327T194812.000Z
15000115,0,16000007,16000050,16000002,16000012,16000000,16000059,20260327T194402.000Z
15000115,0,16000007,16000050,16000002,16000012,16000000,16000059,20260327T194201.000Z
15000005,1,16000002,16000045,16000077,16000043,16000003,16000036,20260327T193739.000Z
15000005,1,16000002,16000045,16000077,16000043,16000003,16000036,20260327T193616.000Z
15000132,1,16000005,16000063,16000012,16000001,16000072,16000025,20260406T214252.000Z
15000132,1,16000005,16000063,16000012,16000001,16000072,16000025,20260406T214004.000Z
15000132,0,16000005,16000063,16000012,16000001,16000072,16000025,20260406T213716.000Z
15000368,0,16000098,16000003,16000021,16000042,16000011,16000036,20260406T213126.000Z
15000368,1,16000098,16000003,16000021,16000042,16000011,16000036,20260406T212958.000Z
15000368,0,16000098,16000003,16000021,16000042,16000011,16000036,20260406T212831.000Z
15000010,1,16000081,16000019,16000023,16000102,16000002,16000103,20260406T212343.000Z
15000010,1,16000081,16000019,16000023,16000102,16000002,16000103,20260406T212201.000Z
15000053,1,16000005,16000030,16000025,16000094,16000070,16000039,20260406T211346.000Z
15000053,1,16000005,16000030,16000025,16000094,16000070,16000039,20260406T211129.000Z
15000053,0,16000005,16000030,16000025,16000094,16000070,16000039,20260406T210849.000Z
15000132,1,16000098,16000012,16000025,16000011,16000089,16000044,20260406T210329.000Z
15000132,1,16000098,16000012,16000025,16000011,16000089,16000044,20260406T210042.000Z
15000050,0,16000001,16000050,16000012,16000023,16000005,16000063,20260406T205453.000Z
15000050,0,16000001,16000050,16000012,16000023,16000005,16000063,20260406T205133.000Z
15000050,1,16000024,16000030,16000063,16000046,16000008,16000018,20260405T164610.000Z
15000050,0,16000024,16000030,16000063,16000046,16000008,16000018,20260405T164459.000Z
15000050,1,16000024,16000030,16000063,16000046,16000008,16000018,20260405T164211.000Z
15000548,0,16000036,16000005,16000021,16000012,16000089,16000042,20260329T151149.000Z
15000548,0,16000036,16000005,16000021,16000012,16000089,16000042,20260329T151007.000Z
15000292,0,16000085,16000012,16000030,16000097,16000050,16000063,20260406T183829.000Z
15000292,0,16000085,16000012,16000030,16000097,16000050,16000063,20260406T183601.000Z
15000292,1,16000085,16000012,16000030,16000097,16000050,16000063,20260406T183321.000Z
15000548,0,16000004,16000042,16000093,16000079,16000099,16000021,20260406T181450.000Z
15000548,0,16000004,16000042,16000093,16000079,16000099,16000021,20260406T181149.000Z
15000548,1,16000004,16000042,16000093,16000079,16000099,16000021,20260406T180923.000Z
15000132,0,16000030,16000063,16000001,16000014,16000012,16000002,20260406T180515.000Z
15000132,1,16000030,16000063,16000001,16000014,16000012,16000002,20260406T180359.000Z
15000132,0,16000030,16000063,16000001,16000014,16000012,16000002,20260406T180208.000Z
15000010,0,16000063,16000011,16000012,16000017,16000044,16000014,20260406T175646.000Z
15000010,0,16000063,16000011,16000012,16000017,16000044,16000014,20260406T175355.000Z
15000022,0,16000042,16000021,16000032,16000061,16000026,16000036,20260406T172614.000Z
15000022,0,16000042,16000021,16000032,16000061,16000026,16000036,20260406T172410.000Z
15000548,0,16000029,16000015,16000021,16000046,16000061,16000036,20260406T171726.000Z
15000548,0,16000029,16000015,16000021,16000046,16000061,16000036,20260406T171556.000Z
15000703,0,16000046,16000003,16000045,16000011,16000015,16000021,20260406T141625.000Z
15000703,0,16000046,16000003,16000045,16000011,16000015,16000021,20260406T141438.000Z
15000025,1,16000089,16000063,16000005,16000023,16000070,16000083,20260406T140944.000Z
15000025,1,16000089,16000063,16000005,16000023,16000070,16000083,20260406T140726.000Z
15000025,0,16000089,16000063,16000005,16000023,16000070,16000083,20260406T140413.000Z
15000143,1,16000102,16000012,16000058,16000005,16000004,16000045,20260406T135950.000Z
15000143,1,16000102,16000012,16000058,16000005,16000004,16000045,20260406T135701.000Z
15000072,1,16000015,16000075,16000001,16000061,16000065,16000079,20260406T135331.000Z
15000072,1,16000015,16000075,16000001,16000061,16000065,16000079,20260406T135128.000Z
15000007,0,16000023,16000102,16000002,16000059,16000021,16000011,20260406T131250.000Z
15000007,0,16000023,16000102,16000002,16000059,16000021,16000011,20260406T131027.000Z
15000115,0,16000040,16000024,16000011,16000014,16000005,16000030,20260406T123417.000Z
15000115,0,16000040,16000024,16000011,16000014,16000005,16000030,20260406T123150.000Z
15000115,1,16000040,16000024,16000011,16000014,16000005,16000030,20260406T122904.000Z
15000548,0,16000093,16000061,16000015,16000036,16000003,16000011,20260406T121725.000Z
15000548,0,16000093,16000061,16000015,16000036,16000003,16000011,20260406T121541.000Z
15000548,1,16000093,16000061,16000015,16000036,16000003,16000011,20260406T121412.000Z
15000306,0,16000083,16000026,16000012,16000023,16000030,16000005,20260406T115920.000Z
15000306,0,16000083,16000026,16000012,16000023,16000030,16000005,20260406T115658.000Z
15000007,0,16000061,16000012,16000026,16000063,16000029,16000011,20260406T115029.000Z
15000007,0,16000061,16000012,16000026,16000063,16000029,16000011,20260406T114841.000Z
15000118,1,16000002,16000038,16000059,16000070,16000089,16000026,20260406T114345.000Z
15000118,1,16000002,16000038,16000059,16000070,16000089,16000026,20260406T114229.000Z
15000132,0,16000001,16000012,16000005,16000089,16000004,16000026,20260406T113824.000Z
15000132,0,16000001,16000012,16000005,16000089,16000004,16000026,20260406T113715.000Z
15000053,1,16000001,16000012,16000030,16000025,16000005,16000004,20260406T080607.000Z
15000053,1,16000001,16000012,16000030,16000025,16000005,16000004,20260406T080354.000Z
15000292,0,16000099,16000014,16000001,16000009,16000007,16000054,20260406T181739.000Z
15000292,0,16000099,16000014,16000001,16000009,16000007,16000054,20260406T181528.000Z
15000292,1,16000099,16000014,16000001,16000009,16000007,16000054,20260406T181225.000Z
15000132,0,16000059,16000000,16000026,16000002,16000049,16000010,20260406T180356.000Z
15000132,0,16000059,16000000,16000026,16000002,16000049,16000010,20260406T180133.000Z
15000368,0,16000089,16000001,16000023,16000048,16000011,16000004,20260406T175326.000Z
15000368,0,16000089,16000001,16000023,16000048,16000011,16000004,20260406T175201.000Z
15000368,1,16000089,16000001,16000023,16000048,16000011,16000004,20260406T175000.000Z
15000010,1,16000017,16000012,16000038,16000001,16000044,16000004,20260406T174441.000Z
15000010,1,16000017,16000012,16000038,16000001,16000044,16000004,20260406T174236.000Z
15000019,1,16000019,16000056,16000075,16000008,16000007,16000014,20260406T173842.000Z
15000019,1,16000019,16000056,16000075,16000008,16000007,16000014,20260406T173725.000Z
15000118,1,16000012,16000070,16000042,16000011,16000063,16000099,20260406T204530.000Z
15000118,0,16000012,16000070,16000042,16000011,16000063,16000099,20260406T204242.000Z
15000118,1,16000012,16000070,16000042,16000011,16000063,16000099,20260406T203954.000Z
15001021,0,16000044,16000087,16000063,16000099,16000001,16000012,20260406T203623.000Z
15001021,0,16000044,16000087,16000063,16000099,16000001,16000012,20260406T203350.000Z
15000368,0,16000047,16000003,16000012,16000048,16000046,16000077,20260406T202852.000Z
15000368,0,16000047,16000003,16000012,16000048,16000046,16000077,20260406T202745.000Z
15000007,1,16000012,16000011,16000014,16000004,16000089,16000023,20260406T202005.000Z
15000007,1,16000012,16000011,16000014,16000004,16000089,16000023,20260406T201759.000Z
15000132,0,16000001,16000099,16000011,16000044,16000063,16000059,20260406T200447.000Z
15000132,0,16000001,16000099,16000011,16000044,16000063,16000059,20260406T200152.000Z
15000018,0,16000075,16000012,16000005,16000099,16000001,16000078,20260406T195627.000Z
15000018,0,16000075,16000012,16000005,16000099,16000001,16000078,20260406T195423.000Z
15000083,1,16000025,16000015,16000023,16000003,16000005,16000065,20260406T193334.000Z
15000083,1,16000025,16000015,16000023,16000003,16000005,16000065,20260406T193116.000Z
15000072,1,16000046,16000042,16000074,16000099,16000073,16000012,20260406T212504.000Z
15000072,1,16000046,16000042,16000074,16000099,16000073,16000012,20260406T212258.000Z
15000292,0,16000012,16000001,16000099,16000030,16000098,16000014,20260406T204539.000Z
15000292,0,16000012,16000001,16000099,16000030,16000098,16000014,20260406T204339.000Z
15000072,1,16000012,16000078,16000036,16000094,16000001,16000065,20260406T203931.000Z
15000072,1,16000012,16000078,16000036,16000094,16000001,16000065,20260406T203704.000Z
15000050,1,16000083,16000005,16000041,16000004,16000030,16000002,20260406T203233.000Z
15000050,1,16000083,16000005,16000041,16000004,16000030,16000002,20260406T203017.000Z
15000082,0,16000005,16000076,16000085,16000099,16000046,16000002,20260406T202613.000Z
15000082,0,16000005,16000076,16000085,16000099,16000046,16000002,20260406T202429.000Z
15000007,1,16000026,16000014,16000012,16000019,16000063,16000061,20260406T201923.000Z
15000007,1,16000026,16000014,16000012,16000019,16000063,16000061,20260406T201717.000Z
15000440,0,16000089,16000003,16000021,16000064,16000103,16000042,20260406T091752.000Z
15000440,0,16000089,16000003,16000021,16000064,16000103,16000042,20260406T091538.000Z
15000050,0,16000098,16000063,16000005,16000023,16000083,16000030,20260406T194510.000Z
15000050,0,16000098,16000063,16000005,16000023,16000083,16000030,20260406T194402.000Z
15000011,1,16000014,16000063,16000102,16000081,16000004,16000005,20260406T193824.000Z
15000011,1,16000014,16000063,16000102,16000081,16000004,16000005,20260406T193632.000Z
15000300,1,16000014,16000099,16000083,16000097,16000064,16000030,20260406T045710.000Z
15000300,1,16000014,16000099,16000083,16000097,16000064,16000030,20260406T045529.000Z
15001021,1,16000098,16000025,16000023,16000011,16000063,16000074,20260406T045010.000Z
15001021,1,16000098,16000025,16000023,16000011,16000063,16000074,20260406T044828.000Z
15000440,1,16000074,16000023,16000022,16000021,16000066,16000037,20260406T044319.000Z
15000440,1,16000074,16000023,16000022,16000021,16000066,16000037,20260406T044111.000Z
15000072,0,16000094,16000056,16000065,16000075,16000079,16000001,20260406T043604.000Z
15000072,0,16000094,16000056,16000065,16000075,16000079,16000001,20260406T043338.000Z
15000072,1,16000094,16000056,16000065,16000075,16000079,16000001,20260406T043152.000Z
15000005,1,16000011,16000061,16000029,16000090,16000079,16000042,20260406T042638.000Z
15000005,1,16000011,16000061,16000029,16000090,16000079,16000042,20260406T042445.000Z
15000368,1,16000003,16000021,16000085,16000046,16000015,16000064,20260406T041946.000Z
15000368,1,16000003,16000021,16000085,16000046,16000015,16000064,20260406T041741.000Z
15000368,0,16000003,16000021,16000085,16000046,16000015,16000064,20260406T041428.000Z
15000118,0,16000011,16000042,16000023,16000083,16000012,16000004,20260406T040846.000Z
15000118,1,16000011,16000042,16000023,16000083,16000012,16000004,20260406T040709.000Z
15000118,0,16000011,16000042,16000023,16000083,16000012,16000004,20260406T040429.000Z
15000072,1,16000056,16000103,16000099,16000094,16000079,16000012,20260406T035855.000Z
15000072,1,16000056,16000103,16000099,16000094,16000079,16000012,20260406T035607.000Z
15000072,0,16000056,16000103,16000099,16000094,16000079,16000012,20260406T035319.000Z
15000440,0,16000003,16000018,16000046,16000011,16000021,16000079,20260406T034727.000Z
15000440,1,16000003,16000018,16000046,16000011,16000021,16000079,20260406T034442.000Z
15000440,0,16000003,16000018,16000046,16000011,16000021,16000079,20260406T034212.000Z
15000292,1,16000043,16000048,16000099,16000098,16000004,16000014,20260406T212746.000Z
15000292,1,16000043,16000048,16000099,16000098,16000004,16000014,20260406T212507.000Z
15000083,1,16000005,16000022,16000094,16000076,16000003,16000047,20260406T211907.000Z
15000083,1,16000005,16000022,16000094,16000076,16000003,16000047,20260406T211721.000Z
15000703,1,16000012,16000023,16000029,16000081,16000015,16000001,20260406T183014.000Z
15000703,1,16000012,16000023,16000029,16000081,16000015,16000001,20260406T182848.000Z
15000083,1,16000103,16000064,16000023,16000061,16000029,16000067,20260406T165946.000Z
15000083,1,16000103,16000064,16000023,16000061,16000029,16000067,20260406T165752.000Z
15001021,1,16000025,16000103,16000084,16000002,16000050,16000001,20260406T165402.000Z
15001021,1,16000025,16000103,16000084,16000002,16000050,16000001,20260406T165211.000Z
15000143,1,16000009,16000030,16000005,16000038,16000004,16000044,20260405T211250.000Z
15000143,1,16000009,16000030,16000005,16000038,16000004,16000044,20260405T211101.000Z
15000025,1,16000009,16000068,16000026,16000002,16000007,16000083,20260405T210601.000Z
15000025,1,16000009,16000068,16000026,16000002,16000007,16000083,20260405T210516.000Z
15000053,0,16000008,16000078,16000005,16000059,16000063,16000077,20260405T210219.000Z
15000053,0,16000008,16000078,16000005,16000059,16000063,16000077,20260405T210053.000Z
15000053,1,16000008,16000078,16000005,16000059,16000063,16000077,20260405T205841.000Z
15000005,1,16000015,16000103,16000061,16000012,16000036,16000079,20260406T203338.000Z
15000005,1,16000015,16000103,16000061,16000012,16000036,16000079,20260406T203119.000Z
15000300,0,16000030,16000028,16000099,16000071,16000064,16000042,20260406T175855.000Z
15000300,1,16000030,16000028,16000099,16000071,16000064,16000042,20260406T175638.000Z
15000300,0,16000030,16000028,16000099,16000071,16000064,16000042,20260406T175433.000Z
15000025,1,16000041,16000070,16000002,16000063,16000026,16000083,20260406T174634.000Z
15000025,1,16000041,16000070,16000002,16000063,16000026,16000083,20260406T174428.000Z
15000703,0,16000064,16000076,16000018,16000042,16000023,16000002,20260406T215720.000Z
15000703,1,16000064,16000076,16000018,16000042,16000023,16000002,20260406T215515.000Z
15000703,0,16000064,16000076,16000018,16000042,16000023,16000002,20260406T215334.000Z
15000025,1,16000022,16000103,16000071,16000009,16000018,16000030,20260406T192328.000Z
15000300,0,16000022,16000003,16000054,16000013,16000085,16000008,20260406T192119.000Z
15000010,1,16000059,16000099,16000103,16000007,16000063,16000008,20260406T191459.000Z
15000293,0,16000047,16000103,16000049,16000048,16000012,16000103,20260406T160018.000Z
15000306,1,16000103,16000002,16000009,16000041,16000009,16000019,20260406T155656.000Z
15000115,1,16000103,16000070,16000050,16000011,16000070,16000030,20260406T154838.000Z
15000010,1,16000035,16000103,16000011,16000063,16000043,16000011,20260406T154257.000Z
15000306,1,16000103,16000050,16000014,16000103,16000011,16000009,20260406T153948.000Z
15000703,1,16000015,16000005,16000103,16000030,16000019,16000004,20260406T153358.000Z
15000007,1,16000004,16000050,16000022,16000102,16000004,16000070,20260406T151714.000Z
15001021,1,16000047,16000084,16000101,16000026,16000070,16000043,20260406T150526.000Z
15000025,1,16000005,16000001,16000070,16000038,16000050,16000026,20260406T150004.000Z
15000306,1,16000020,16000070,16000103,16000030,16000009,16000071,20260406T132928.000Z
15000115,1,16000057,16000026,16000043,16000063,16000011,16000030,20260406T132410.000Z
15000019,1,16000023,16000012,16000047,16000023,16000070,16000050,20260406T130658.000Z
15000703,1,16000103,16000008,16000075,16000012,16000036,16000043,20260406T130340.000Z
15000703,1,16000004,16000023,16000103,16000029,16000047,16000004,20260406T130103.000Z
15000132,1,16000004,16000002,16000071,16000001,16000040,16000034,20260406T125838.000Z
15000300,1,16000030,16000047,16000054,16000001,16000012,16000071,20260406T125617.000Z
15000083,1,16000046,16000011,16000103,16000070,16000015,16000043,20260406T125411.000Z
15000005,0,16000005,16000014,16000103,16000005,16000030,16000056,20260406T125210.000Z
15001021,1,16000020,16000103,16000050,16000004,16000002,16000009,20260406T124932.000Z
15000292,1,16000005,16000009,16000008,16000028,16000009,16000070,20260406T124701.000Z
15000118,1,16000103,16000102,16000030,16000020,16000030,16000001,20260406T124444.000Z
15000293,0,16000002,16000023,16000098,16000026,16000011,16000083,20260406T205738.000Z
15000293,0,16000002,16000023,16000098,16000026,16000011,16000083,20260406T205610.000Z
15000293,1,16000002,16000023,16000098,16000026,16000011,16000083,20260406T205427.000Z
15000440,0,16000023,16000097,16000064,16000048,16000020,16000061,20260406T204851.000Z
15000440,0,16000023,16000097,16000064,16000048,16000020,16000061,20260406T204658.000Z
15000010,1,16000030,16000059,16000081,16000023,16000002,16000017,20260406T204201.000Z
15000010,1,16000030,16000059,16000081,16000023,16000002,16000017,20260406T204016.000Z
15000053,0,16000103,16000002,16000094,16000070,16000076,16000026,20260406T203508.000Z
15000053,0,16000103,16000002,16000094,16000070,16000076,16000026,20260406T203351.000Z
15000368,1,16000099,16000004,16000089,16000097,16000003,16000064,20260406T202956.000Z
15000368,1,16000099,16000004,16000089,16000097,16000003,16000064,20260406T202721.000Z
15000132,1,16000098,16000059,16000095,16000014,16000044,16000002,20260406T202045.000Z
15000132,1,16000098,16000059,16000095,16000014,16000044,16000002,20260406T201800.000Z
15000019,1,16000078,16000083,16000025,16000002,16000079,16000103,20260406T201310.000Z
15000019,1,16000078,16000083,16000025,16000002,16000079,16000103,20260406T201031.000Z
15000082,0,16000098,16000002,16000071,16000030,16000048,16000086,20260406T200637.000Z
15000082,0,16000098,16000002,16000071,16000030,16000048,16000086,20260406T200443.000Z
15000368,1,16000003,16000005,16000046,16000037,16000089,16000023,20260406T200047.000Z
15000368,1,16000003,16000005,16000046,16000037,16000089,16000023,20260406T195714.000Z
15000053,1,16000083,16000008,16000089,16000026,16000001,16000102,20260406T195202.000Z
15000053,1,16000083,16000008,16000089,16000026,16000001,16000102,20260406T194918.000Z
15000053,0,16000083,16000008,16000089,16000026,16000001,16000102,20260406T194644.000Z
15000025,1,16000044,16000086,16000089,16000063,16000018,16000004,20260406T194119.000Z
15000025,1,16000044,16000086,16000089,16000063,16000018,16000004,20260406T193936.000Z
15000010,0,16000074,16000012,16000083,16000102,16000017,16000063,20260406T214142.000Z
15000010,1,16000074,16000012,16000083,16000102,16000017,16000063,20260406T213915.000Z
15000010,0,16000074,16000012,16000083,16000102,16000017,16000063,20260406T213709.000Z
15000368,1,16000011,16000048,16000043,16000009,16000081,16000023,20260406T215911.000Z
15000368,1,16000011,16000048,16000043,16000009,16000081,16000023,20260406T215758.000Z
15000703,1,16000103,16000003,16000042,16000015,16000021,16000061,20260406T192408.000Z
15000703,1,16000103,16000003,16000042,16000015,16000021,16000061,20260406T192232.000Z
15000018,0,16000004,16000040,16000065,16000008,16000043,16000015,20260331T162451.000Z
15000018,0,16000004,16000040,16000065,16000008,16000043,16000015,20260331T162211.000Z
15000018,1,16000004,16000040,16000065,16000008,16000043,16000015,20260331T161952.000Z
15000010,0,16000059,16000086,16000013,16000026,16000063,16000023,20260331T161508.000Z
15000010,0,16000059,16000086,16000013,16000026,16000063,16000023,20260331T161316.000Z
15000143,1,16000026,16000001,16000047,16000030,16000004,16000050,20260331T160924.000Z
15000143,0,16000026,16000001,16000047,16000030,16000004,16000050,20260331T160618.000Z
15000143,1,16000026,16000001,16000047,16000030,16000004,16000050,20260331T160329.000Z
15000306,0,16000019,16000026,16000041,16000004,16000102,16000025,20260331T155828.000Z
15000306,0,16000019,16000026,16000041,16000004,16000102,16000025,20260331T155552.000Z
15000118,1,16000012,16000063,16000023,16000038,16000059,16000005,20260331T155116.000Z
15000118,1,16000012,16000063,16000023,16000038,16000059,16000005,20260331T154732.000Z
15000005,0,16000001,16000021,16000005,16000099,16000042,16000100,20260331T154243.000Z
15000005,1,16000001,16000021,16000005,16000099,16000042,16000100,20260331T154028.000Z
15000005,0,16000001,16000021,16000005,16000099,16000042,16000100,20260331T153809.000Z
15000548,1,16000079,16000094,16000001,16000059,16000015,16000022,20260331T145315.000Z
15000548,1,16000079,16000094,16000001,16000059,16000015,16000022,20260331T145015.000Z
15000703,1,16000037,16000001,16000036,16000012,16000095,16000064,20260331T144631.000Z
15000703,0,16000037,16000001,16000036,16000012,16000095,16000064,20260331T144410.000Z
15000703,1,16000037,16000001,16000036,16000012,16000095,16000064,20260331T144218.000Z
15000005,0,16000015,16000028,16000019,16000064,16000023,16000079,20260406T132257.000Z
15000005,0,16000015,16000028,16000019,16000064,16000023,16000079,20260406T132104.000Z
15000005,1,16000015,16000028,16000019,16000064,16000023,16000079,20260406T131914.000Z
15000007,1,16000103,16000014,16000030,16000023,16000050,16000059,20260406T020418.000Z
15000007,1,16000103,16000014,16000030,16000023,16000050,16000059,20260406T020217.000Z
15000082,1,16000099,16000069,16000085,16000086,16000096,16000005,20260406T002146.000Z
15000082,1,16000099,16000069,16000085,16000086,16000096,16000005,20260406T001949.000Z
15000082,0,16000099,16000069,16000085,16000086,16000096,16000005,20260406T001756.000Z
15000368,1,16000004,16000089,16000103,16000006,16000012,16000043,20260406T180722.000Z
15000011,0,16000005,16000017,16000047,16000030,16000009,16000011,20260406T180500.000Z
15000025,1,16000087,16000004,16000063,16000005,16000012,16000086,20260406T061213.000Z
15000025,1,16000087,16000004,16000063,16000005,16000012,16000086,20260406T061124.000Z
15000025,1,16000102,16000005,16000002,16000012,16000070,16000030,20260406T060024.000Z
15000025,1,16000102,16000005,16000002,16000012,16000070,16000030,20260406T055736.000Z
15000300,1,16000020,16000046,16000005,16000063,16000095,16000012,20260406T054834.000Z
15000300,1,16000020,16000046,16000005,16000063,16000095,16000012,20260406T054636.000Z
15000050,0,16000001,16000099,16000005,16000084,16000023,16000004,20260406T051548.000Z
15000050,0,16000001,16000099,16000005,16000084,16000023,16000004,20260406T051450.000Z
15000115,1,16000030,16000059,16000002,16000083,16000023,16000061,20260406T085931.000Z
15000115,0,16000030,16000059,16000002,16000083,16000023,16000061,20260406T085636.000Z
15000115,1,16000030,16000059,16000002,16000083,16000023,16000061,20260406T085436.000Z
15000050,0,16000083,16000010,16000061,16000002,16000063,16000026,20260406T084753.000Z
15000050,0,16000083,16000010,16000061,16000002,16000063,16000026,20260406T084505.000Z
15000118,1,16000067,16000063,16000012,16000077,16000043,16000004,20260406T083913.000Z
15000118,1,16000067,16000063,16000012,16000077,16000043,16000004,20260406T083548.000Z
15000022,1,16000021,16000079,16000036,16000061,16000015,16000042,20260406T082724.000Z
15000022,0,16000021,16000079,16000036,16000061,16000015,16000042,20260406T082458.000Z
15000022,1,16000021,16000079,16000036,16000061,16000015,16000042,20260406T082240.000Z
15000019,1,16000027,16000004,16000019,16000007,16000014,16000001,20260406T220125.000Z
15000019,1,16000027,16000004,16000019,16000007,16000014,16000001,20260406T215836.000Z
15000082,1,16000004,16000074,16000011,16000005,16000098,16000012,20260406T215339.000Z
15000082,1,16000004,16000074,16000011,16000005,16000098,16000012,20260406T215131.000Z
15000082,0,16000004,16000074,16000011,16000005,16000098,16000012,20260406T214913.000Z
15000292,0,16000099,16000086,16000014,16000005,16000074,16000023,20260406T214417.000Z
15000292,0,16000099,16000086,16000014,16000005,16000074,16000023,20260406T214209.000Z
15000118,0,16000011,16000020,16000007,16000068,16000054,16000012,20260406T194859.000Z
15000118,1,16000011,16000020,16000007,16000068,16000054,16000012,20260406T194635.000Z
15000118,0,16000011,16000020,16000007,16000068,16000054,16000012,20260406T194539.000Z
15000368,0,16000015,16000047,16000037,16000099,16000004,16000011,20260406T214707.000Z
15000368,1,16000015,16000047,16000037,16000099,16000004,16000011,20260406T214416.000Z
15000368,0,16000015,16000047,16000037,16000099,16000004,16000011,20260406T214229.000Z
15000118,1,16000004,16000002,16000098,16000089,16000085,16000023,20260406T213733.000Z
15000118,1,16000004,16000002,16000098,16000089,16000085,16000023,20260406T213545.000Z
15000143,0,16000098,16000083,16000014,16000001,16000030,16000099,20260406T213102.000Z
15000143,0,16000098,16000083,16000014,16000001,16000030,16000099,20260406T212849.000Z
15000293,0,16000083,16000034,16000063,16000059,16000081,16000023,20260406T212645.000Z
15000293,0,16000083,16000034,16000063,16000059,16000081,16000023,20260406T212402.000Z
15000293,1,16000083,16000034,16000063,16000059,16000081,16000023,20260406T212152.000Z
15000440,0,16000099,16000059,16000048,16000046,16000066,16000022,20260405T031922.000Z
15000440,1,16000099,16000059,16000048,16000046,16000066,16000022,20260405T031718.000Z
15000440,0,16000099,16000059,16000048,16000046,16000066,16000022,20260405T031544.000Z
15000292,0,16000059,16000063,16000012,16000074,16000097,16000011,20260406T185346.000Z
15000292,0,16000059,16000063,16000012,16000074,16000097,16000011,20260406T185136.000Z
15000011,0,16000063,16000012,16000094,16000085,16000089,16000038,20260406T184655.000Z
15000011,1,16000063,16000012,16000094,16000085,16000089,16000038,20260406T184452.000Z
15000011,0,16000063,16000012,16000094,16000085,16000089,16000038,20260406T184253.000Z
15000306,0,16000012,16000064,16000002,16000023,16000063,16000102,20260406T183754.000Z
15000306,0,16000012,16000064,16000002,16000023,16000063,16000102,20260406T183619.000Z
15000022,0,16000042,16000011,16000065,16000046,16000025,16000012,20260406T183027.000Z
15000022,0,16000042,16000011,16000065,16000046,16000025,16000012,20260406T182819.000Z
15000143,1,16000040,16000023,16000084,16000005,16000012,16000001,20260406T181101.000Z
15000143,1,16000040,16000023,16000084,16000005,16000012,16000001,20260406T180812.000Z
15000011,1,16000012,16000011,16000059,16000063,16000099,16000023,20260406T180203.000Z
15000011,1,16000012,16000011,16000059,16000063,16000099,16000023,20260406T175944.000Z
15000005,0,16000023,16000021,16000011,16000005,16000036,16000003,20260406T215845.000Z
15000005,0,16000023,16000021,16000011,16000005,16000036,16000003,20260406T215627.000Z
15000083,1,16000076,16000011,16000061,16000021,16000062,16000023,20260406T215050.000Z
15000083,0,16000076,16000011,16000061,16000021,16000062,16000023,20260406T214842.000Z
15000083,1,16000076,16000011,16000061,16000021,16000062,16000023,20260406T214624.000Z
15000053,0,16000030,16000001,16000002,16000025,16000008,16000081,20260406T214039.000Z
15000053,0,16000030,16000001,16000002,16000025,16000008,16000081,20260406T213916.000Z
15000082,1,16000003,16000059,16000023,16000094,16000066,16000086,20260406T212906.000Z
15000082,0,16000003,16000059,16000023,16000094,16000066,16000086,20260406T212724.000Z
15000082,1,16000003,16000059,16000023,16000094,16000066,16000086,20260406T212516.000Z
15000050,0,16000005,16000086,16000103,16000085,16000023,16000063,20260406T212032.000Z
15000050,0,16000005,16000086,16000103,16000085,16000023,16000063,20260406T211922.000Z
15000019,0,16000066,16000012,16000019,16000004,16000040,16000094,20260406T211310.000Z
15000019,0,16000066,16000012,16000019,16000004,16000040,16000094,20260406T211022.000Z
15000300,1,16000099,16000013,16000019,16000054,16000063,16000089,20260406T204406.000Z
15000300,1,16000099,16000013,16000019,16000054,16000063,16000089,20260406T204233.000Z
15000083,1,16000011,16000065,16000102,16000042,16000059,16000061,20260406T160929.000Z
15000083,1,16000011,16000065,16000102,16000042,16000059,16000061,20260406T160733.000Z
15000083,0,16000011,16000065,16000102,16000042,16000059,16000061,20260406T160515.000Z
15000050,0,16000070,16000069,16000012,16000095,16000008,16000063,20260406T155848.000Z
15000050,0,16000070,16000069,16000012,16000095,16000008,16000063,20260406T155652.000Z
15000118,1,16000081,16000002,16000004,16000030,16000071,16000012,20260406T173937.000Z
15000118,1,16000081,16000002,16000004,16000030,16000071,16000012,20260406T173648.000Z
15000018,1,16000008,16000050,16000001,16000065,16000003,16000007,20260406T173230.000Z
15000018,1,16000008,16000050,16000001,16000065,16000003,16000007,20260406T173113.000Z
15000132,1,16000012,16000017,16000071,16000034,16000102,16000083,20260406T172819.000Z
15000132,1,16000012,16000017,16000071,16000034,16000102,16000083,20260406T172540.000Z
15000440,1,16000006,16000054,16000059,16000046,16000012,16000043,20260406T172046.000Z
15000440,1,16000006,16000054,16000059,16000046,16000012,16000043,20260406T171749.000Z
15000019,1,16000083,16000079,16000075,16000014,16000019,16000081,20260406T220953.000Z
15000019,0,16000083,16000079,16000075,16000014,16000019,16000081,20260406T220736.000Z
15000368,0,16000012,16000023,16000046,16000037,16000064,16000001,20260406T220648.000Z
15000368,0,16000012,16000023,16000046,16000037,16000064,16000001,20260406T220356.000Z
15000293,0,16000086,16000077,16000012,16000087,16000099,16000081,20260406T215830.000Z
15000293,0,16000086,16000077,16000012,16000087,16000099,16000081,20260406T215548.000Z
15000293,1,16000002,16000012,16000102,16000023,16000087,16000030,20260406T214553.000Z
15000293,1,16000002,16000012,16000102,16000023,16000087,16000030,20260406T214338.000Z
15000293,0,16000002,16000012,16000102,16000023,16000087,16000030,20260406T214150.000Z
15000050,1,16000050,16000017,16000095,16000063,16000062,16000083,20260406T213710.000Z
15000050,1,16000050,16000017,16000095,16000063,16000062,16000083,20260406T213538.000Z
15000050,0,16000050,16000017,16000095,16000063,16000062,16000083,20260406T213249.000Z
15000022,0,16000046,16000036,16000012,16000079,16000094,16000102,20260406T212903.000Z
15000022,1,16000046,16000036,16000012,16000079,16000094,16000102,20260406T212645.000Z
15000022,0,16000046,16000036,16000012,16000079,16000094,16000102,20260406T212433.000Z
15000306,0,16000019,16000083,16000023,16000005,16000012,16000098,20260406T211909.000Z
15000306,0,16000019,16000083,16000023,16000005,16000012,16000098,20260406T211722.000Z
15000703,1,16000019,16000079,16000003,16000005,16000064,16000090,20260406T213719.000Z
15000703,1,16000019,16000079,16000003,16000005,16000064,16000090,20260406T213401.000Z
15000703,0,16000019,16000079,16000003,16000005,16000064,16000090,20260406T213133.000Z
15000440,1,16000047,16000064,16000021,16000011,16000005,16000099,20260406T212631.000Z
15000440,0,16000047,16000064,16000021,16000011,16000005,16000099,20260406T212352.000Z
15000440,1,16000047,16000064,16000021,16000011,16000005,16000099,20260406T212144.000Z
15000018,1,16000012,16000001,16000099,16000083,16000014,16000079,20260406T211520.000Z
15000018,0,16000012,16000001,16000099,16000083,16000014,16000079,20260406T211234.000Z
15000018,1,16000012,16000001,16000099,16000083,16000014,16000079,20260406T210946.000Z
15000083,0,16000089,16000064,16000005,16000101,16000099,16000097,20260406T210400.000Z
15000083,0,16000089,16000064,16000005,16000101,16000099,16000097,20260406T210139.000Z
15000050,1,16000004,16000012,16000086,16000001,16000005,16000063,20260406T205507.000Z
15000050,1,16000004,16000012,16000086,16000001,16000005,16000063,20260406T205334.000Z
15000143,1,16000086,16000001,16000099,16000030,16000063,16000005,20260406T204632.000Z
15000143,1,16000086,16000001,16000099,16000030,16000063,16000005,20260406T204409.000Z
15000005,1,16000011,16000036,16000099,16000040,16000097,16000061,20260406T203457.000Z
15000005,1,16000011,16000036,16000099,16000040,16000097,16000061,20260406T203235.000Z
15000082,1,16000089,16000023,16000005,16000021,16000014,16000012,20260406T202338.000Z
15000082,1,16000089,16000023,16000005,16000021,16000014,16000012,20260406T202116.000Z
15000118,1,16000023,16000025,16000086,16000049,16000063,16000005,20260406T201503.000Z
15000118,1,16000023,16000025,16000086,16000049,16000063,16000005,20260406T201329.000Z
15000132,1,16000063,16000008,16000023,16000005,16000002,16000044,20260406T200608.000Z
15000132,1,16000063,16000008,16000023,16000005,16000002,16000044,20260406T200432.000Z
15000292,1,16000091,16000011,16000014,16000005,16000085,16000023,20260406T195908.000Z
15000292,1,16000091,16000011,16000014,16000005,16000085,16000023,20260406T195654.000Z
15000306,1,16000014,16000008,16000059,16000002,16000030,16000023,20260406T215345.000Z
15000306,1,16000014,16000008,16000059,16000002,16000030,16000023,20260406T215210.000Z
15000440,0,16000071,16000064,16000068,16000021,16000012,16000014,20260406T214747.000Z
15000440,1,16000071,16000064,16000068,16000021,16000012,16000014,20260406T214524.000Z
15000440,0,16000071,16000064,16000068,16000021,16000012,16000014,20260406T214334.000Z
15000300,0,16000044,16000102,16000012,16000089,16000023,16000011,20260406T213857.000Z
15000300,0,16000044,16000102,16000012,16000089,16000023,16000011,20260406T213612.000Z
15000019,1,16000001,16000019,16000079,16000003,16000102,16000099,20260406T213108.000Z
15000019,1,16000001,16000019,16000079,16000003,16000102,16000099,20260406T212953.000Z
15000011,1,16000002,16000030,16000059,16000098,16000081,16000023,20260406T211325.000Z
15000011,1,16000002,16000030,16000059,16000098,16000081,16000023,20260406T211118.000Z
15000007,0,16000002,16000014,16000004,16000086,16000102,16000021,20260406T045246.000Z
15000007,1,16000002,16000014,16000004,16000086,16000102,16000021,20260406T045059.000Z
15000007,0,16000002,16000014,16000004,16000086,16000102,16000021,20260406T044857.000Z
15000025,1,16000064,16000083,16000023,16000002,16000059,16000098,20260406T044341.000Z
15000025,1,16000064,16000083,16000023,16000002,16000059,16000098,20260406T044112.000Z
15000025,0,16000064,16000083,16000023,16000002,16000059,16000098,20260406T043824.000Z
15000293,1,16000076,16000012,16000087,16000005,16000086,16000004,20260406T043048.000Z
15000293,1,16000076,16000012,16000087,16000005,16000086,16000004,20260406T042759.000Z
15000293,0,16000076,16000012,16000087,16000005,16000086,16000004,20260406T042535.000Z
15000440,0,16000098,16000000,16000023,16000030,16000099,16000005,20260406T212945.000Z
15000440,1,16000098,16000000,16000023,16000030,16000099,16000005,20260406T212612.000Z
15000440,0,16000098,16000000,16000023,16000030,16000099,16000005,20260406T212258.000Z
15000118,0,16000077,16000004,16000085,16000063,16000098,16000099,20260406T211743.000Z
15000118,0,16000077,16000004,16000085,16000063,16000098,16000099,20260406T211452.000Z
15000703,1,16000023,16000044,16000015,16000003,16000005,16000099,20260406T210650.000Z
15000703,0,16000023,16000044,16000015,16000003,16000005,16000099,20260406T210522.000Z
15000703,1,16000023,16000044,16000015,16000003,16000005,16000099,20260406T210346.000Z
15000118,0,16000086,16000005,16000083,16000011,16000001,16000063,20260406T205943.000Z
15000118,0,16000086,16000005,16000083,16000011,16000001,16000063,20260406T205802.000Z
15000053,1,16000099,16000073,16000098,16000086,16000001,16000012,20260406T205236.000Z
15000053,1,16000099,16000073,16000098,16000086,16000001,16000012,20260406T205109.000Z
15000082,0,16000076,16000102,16000011,16000002,16000005,16000086,20260406T204639.000Z
15000082,0,16000076,16000102,16000011,16000002,16000005,16000086,20260406T204441.000Z
15000025,0,16000083,16000012,16000085,16000077,16000030,16000063,20260406T204017.000Z
15000025,0,16000083,16000012,16000085,16000077,16000030,16000063,20260406T203842.000Z
15000022,1,16000021,16000094,16000076,16000023,16000036,16000061,20260406T184952.000Z
15000022,0,16000021,16000094,16000076,16000023,16000036,16000061,20260406T184733.000Z
15000022,1,16000021,16000094,16000076,16000023,16000036,16000061,20260406T184518.000Z
15000083,1,16000042,16000011,16000089,16000093,16000023,16000063,20260406T180006.000Z
15000083,1,16000042,16000011,16000089,16000093,16000023,16000063,20260406T175758.000Z
15000011,1,16000074,16000005,16000063,16000017,16000099,16000059,20260406T184838.000Z
15000011,1,16000074,16000005,16000063,16000017,16000099,16000059,20260406T184617.000Z
15000025,1,16000083,16000086,16000067,16000096,16000041,16000012,20260406T184111.000Z
15000025,1,16000083,16000086,16000067,16000096,16000041,16000012,20260406T183852.000Z
15000293,1,16000087,16000002,16000064,16000077,16000063,16000023,20260406T183528.000Z
15000293,1,16000087,16000002,16000064,16000077,16000063,16000023,20260406T183309.000Z
15000118,0,16000099,16000086,16000004,16000083,16000009,16000023,20260406T182833.000Z
15000118,1,16000099,16000086,16000004,16000083,16000009,16000023,20260406T182536.000Z
15000118,0,16000099,16000086,16000004,16000083,16000009,16000023,20260406T182327.000Z
15000025,0,16000067,16000001,16000002,16000099,16000098,16000012,20260406T181952.000Z
15000025,0,16000067,16000001,16000002,16000099,16000098,16000012,20260406T181829.000Z
15000025,1,16000067,16000001,16000002,16000099,16000098,16000012,20260406T181554.000Z
15000306,1,16000012,16000083,16000011,16000019,16000072,16000014,20260406T180936.000Z
15000306,0,16000012,16000083,16000011,16000019,16000072,16000014,20260406T180718.000Z
15000306,1,16000012,16000083,16000011,16000019,16000072,16000014,20260406T180535.000Z
15000115,0,16000083,16000063,16000051,16000023,16000005,16000017,20260406T180140.000Z
15000115,1,16000083,16000063,16000051,16000023,16000005,16000017,20260406T175943.000Z
15000115,0,16000083,16000063,16000051,16000023,16000005,16000017,20260406T175715.000Z
15000292,1,16000005,16000014,16000083,16000099,16000001,16000023,20260406T174958.000Z
15000292,1,16000005,16000014,16000083,16000099,16000001,16000023,20260406T174828.000Z
15000083,1,16000025,16000046,16000103,16000023,16000042,16000049,20260406T174325.000Z
15000083,1,16000025,16000046,16000103,16000023,16000042,16000049,20260406T174122.000Z
15000083,0,16000025,16000046,16000103,16000023,16000042,16000049,20260406T173903.000Z
15000025,1,16000085,16000086,16000002,16000099,16000063,16000009,20260406T173118.000Z
15000025,1,16000085,16000086,16000002,16000099,16000063,16000009,20260406T173027.000Z
15000132,0,16000005,16000070,16000048,16000050,16000004,16000094,20260406T182537.000Z
15000132,0,16000005,16000070,16000048,16000050,16000004,16000094,20260406T182248.000Z
15000132,1,16000005,16000070,16000048,16000050,16000004,16000094,20260406T182008.000Z
15000292,1,16000086,16000023,16000083,16000072,16000099,16000012,20260406T181634.000Z
15000292,1,16000086,16000023,16000083,16000072,16000099,16000012,20260406T181415.000Z
15000132,1,16000063,16000102,16000099,16000044,16000083,16000004,20260406T180744.000Z
15000132,1,16000063,16000102,16000099,16000044,16000083,16000004,20260406T180616.000Z
15000440,0,16000094,16000059,16000103,16000003,16000022,16000070,20260406T021038.000Z
15000440,0,16000094,16000059,16000103,16000003,16000022,16000070,20260406T020639.000Z
15000082,1,16000086,16000023,16000059,16000030,16000099,16000002,20260406T201405.000Z
15000082,1,16000086,16000023,16000059,16000030,16000099,16000002,20260406T201205.000Z
15000018,1,16000001,16000099,16000019,16000079,16000103,16000056,20260406T200802.000Z
15000018,1,16000001,16000099,16000019,16000079,16000103,16000056,20260406T200513.000Z
15000022,1,16000079,16000012,16000005,16000042,16000011,16000015,20260406T200010.000Z
15000022,1,16000079,16000012,16000005,16000042,16000011,16000015,20260406T195752.000Z
15000132,1,16000014,16000047,16000057,16000025,16000012,16000063,20260406T195140.000Z
15000132,1,16000014,16000047,16000057,16000025,16000012,16000063,20260406T194841.000Z
15000132,0,16000014,16000047,16000057,16000025,16000012,16000063,20260406T194552.000Z
15000010,0,16000061,16000023,16000017,16000011,16000059,16000012,20260406T193849.000Z
15000010,0,16000061,16000023,16000017,16000011,16000059,16000012,20260406T193636.000Z
15000010,1,16000061,16000023,16000017,16000011,16000059,16000012,20260406T193414.000Z
15000019,0,16000003,16000001,16000046,16000079,16000098,16000012,20260406T192949.000Z
15000019,0,16000003,16000001,16000046,16000079,16000098,16000012,20260406T192707.000Z
15000007,0,16000002,16000102,16000012,16000011,16000014,16000057,20260406T180508.000Z
15000007,0,16000002,16000102,16000012,16000011,16000014,16000057,20260406T180216.000Z
15000118,1,16000012,16000077,16000000,16000026,16000023,16000063,20260406T174023.000Z
15000118,0,16000012,16000077,16000000,16000026,16000023,16000063,20260406T173842.000Z
15000118,1,16000012,16000077,16000000,16000026,16000023,16000063,20260406T173632.000Z
15000548,0,16000061,16000003,16000021,16000023,16000036,16000042,20260406T173115.000Z
15000548,0,16000061,16000003,16000021,16000023,16000036,16000042,20260406T172836.000Z
15000019,1,16000012,16000075,16000001,16000003,16000014,16000002,20260406T172330.000Z
15000019,1,16000012,16000075,16000001,16000003,16000014,16000002,20260406T172150.000Z
15000025,1,16000092,16000083,16000026,16000012,16000070,16000035,20260406T220947.000Z
15000025,1,16000092,16000083,16000026,16000012,16000070,16000035,20260406T220808.000Z
15000082,1,16000064,16000069,16000042,16000095,16000026,16000012,20260406T220447.000Z
15000082,1,16000064,16000069,16000042,16000095,16000026,16000012,20260406T220249.000Z
15000306,1,16000083,16000019,16000072,16000035,16000098,16000012,20260406T215811.000Z
15000306,1,16000083,16000019,16000072,16000035,16000098,16000012,20260406T215603.000Z
15000005,1,16000059,16000054,16000065,16000075,16000046,16000103,20260406T215042.000Z
15000005,1,16000059,16000054,16000065,16000075,16000046,16000103,20260406T214838.000Z
15000010,1,16000102,16000004,16000026,16000063,16000103,16000048,20260406T214145.000Z
15000010,1,16000102,16000004,16000026,16000063,16000103,16000048,20260406T213916.000Z
15000082,1,16000086,16000067,16000099,16000069,16000070,16000005,20260406T213436.000Z
15000082,1,16000086,16000067,16000099,16000069,16000070,16000005,20260406T213216.000Z
15000011,1,16000083,16000026,16000029,16000011,16000017,16000030,20260406T212516.000Z
15000011,1,16000083,16000026,16000029,16000011,16000017,16000030,20260406T212334.000Z
15000010,1,16000019,16000083,16000026,16000005,16000102,16000070,20260406T211856.000Z
15000010,1,16000019,16000083,16000026,16000005,16000102,16000070,20260406T211708.000Z
15000072,1,16000001,16000012,16000036,16000042,16000103,16000014,20260406T211311.000Z
15000072,1,16000001,16000012,16000036,16000042,16000103,16000014,20260406T211116.000Z
15000072,0,16000001,16000012,16000036,16000042,16000103,16000014,20260406T210915.000Z
15000083,1,16000064,16000005,16000103,16000054,16000022,16000061,20260406T210031.000Z
15000083,1,16000064,16000005,16000103,16000054,16000022,16000061,20260406T205813.000Z
15000019,1,16000025,16000075,16000030,16000060,16000102,16000019,20260406T205434.000Z
15000019,1,16000025,16000075,16000030,16000060,16000102,16000019,20260406T205250.000Z
15000019,1,16000012,16000005,16000075,16000101,16000002,16000103,20260406T204814.000Z
15000019,1,16000012,16000005,16000075,16000101,16000002,16000103,20260406T204633.000Z
15000300,1,16000002,16000014,16000023,16000095,16000059,16000052,20260406T203917.000Z
15000300,1,16000002,16000014,16000023,16000095,16000059,16000052,20260406T203718.000Z
15000143,0,16000063,16000029,16000005,16000059,16000030,16000001,20260406T203212.000Z
15000143,0,16000063,16000029,16000005,16000059,16000030,16000001,20260406T202921.000Z
15000143,1,16000063,16000029,16000005,16000059,16000030,16000001,20260406T202740.000Z
15000022,0,16000005,16000094,16000036,16000099,16000064,16000079,20260406T201951.000Z
15000022,0,16000005,16000094,16000036,16000099,16000064,16000079,20260406T201733.000Z
15000053,0,16000086,16000103,16000002,16000059,16000073,16000070,20260406T201336.000Z
15000053,0,16000086,16000103,16000002,16000059,16000073,16000070,20260406T201135.000Z
15000050,1,16000102,16000063,16000001,16000054,16000050,16000008,20260406T200701.000Z
15000050,1,16000102,16000063,16000001,16000054,16000050,16000008,20260406T200528.000Z
15000132,1,16000063,16000095,16000099,16000066,16000023,16000004,20260406T195954.000Z
15000132,1,16000063,16000095,16000099,16000066,16000023,16000004,20260406T195607.000Z
15000007,0,16000076,16000012,16000044,16000011,16000102,16000057,20260406T194934.000Z
15000007,0,16000076,16000012,16000044,16000011,16000102,16000057,20260406T194723.000Z
15001021,1,16000068,16000070,16000005,16000030,16000012,16000004,20260406T122025.000Z
15001021,1,16000068,16000070,16000005,16000030,16000012,16000004,20260406T121935.000Z
15000368,1,16000048,16000025,16000004,16000031,16000102,16000037,20260406T121404.000Z
15000368,1,16000048,16000025,16000004,16000031,16000102,16000037,20260406T121222.000Z
15000368,0,16000048,16000025,16000004,16000031,16000102,16000037,20260406T121101.000Z
15000005,0,16000015,16000042,16000021,16000097,16000023,16000099,20260406T120638.000Z
15000005,0,16000015,16000042,16000021,16000097,16000023,16000099,20260406T120419.000Z
15000005,1,16000015,16000042,16000021,16000097,16000023,16000099,20260406T120200.000Z
15000022,1,16000005,16000046,16000012,16000036,16000101,16000031,20260328T215855.000Z
15000022,1,16000005,16000046,16000012,16000036,16000101,16000031,20260328T215647.000Z
15000548,1,16000023,16000003,16000079,16000102,16000029,16000042,20260328T214932.000Z
15000548,1,16000023,16000003,16000079,16000102,16000029,16000042,20260328T214703.000Z
15000072,0,16000078,16000046,16000081,16000018,16000076,16000059,20260328T214213.000Z
15000072,1,16000078,16000046,16000081,16000018,16000076,16000059,20260328T213959.000Z
15000072,0,16000078,16000046,16000081,16000018,16000076,16000059,20260328T213746.000Z
15000292,1,16000029,16000012,16000019,16000096,16000008,16000026,20260328T213335.000Z
15000292,1,16000029,16000012,16000019,16000096,16000008,16000026,20260328T213158.000Z
15000292,0,16000029,16000012,16000019,16000096,16000008,16000026,20260328T213016.000Z
15000053,1,16000004,16000070,16000065,16000039,16000078,16000007,20260406T135455.000Z
15000292,1,16000007,16000009,16000043,16000004,16000007,16000076,20260406T135145.000Z
15000005,1,16000022,16000011,16000065,16000050,16000023,16000015,20260406T134844.000Z
15000010,0,16000089,16000017,16000023,16000035,16000016,16000012,20260406T202414.000Z
15000010,0,16000089,16000017,16000023,16000035,16000016,16000012,20260406T202202.000Z
15000072,0,16000075,16000065,16000012,16000002,16000059,16000056,20260406T201439.000Z
15000072,0,16000075,16000065,16000012,16000002,16000059,16000056,20260406T201323.000Z
15000300,0,16000014,16000099,16000023,16000019,16000083,16000092,20260406T200617.000Z
15000300,0,16000014,16000099,16000023,16000019,16000083,16000092,20260406T200356.000Z
15000300,1,16000014,16000099,16000023,16000019,16000083,16000092,20260406T200113.000Z
15000293,1,16000005,16000098,16000012,16000049,16000077,16000023,20260406T195512.000Z
15000293,0,16000005,16000098,16000012,16000049,16000077,16000023,20260406T195239.000Z
15000293,1,16000005,16000098,16000012,16000049,16000077,16000023,20260406T194946.000Z
15000072,0,16000065,16000012,16000056,16000079,16000007,16000075,20260406T194436.000Z
15000072,0,16000065,16000012,16000056,16000079,16000007,16000075,20260406T194340.000Z
15000082,0,16000095,16000000,16000099,16000098,16000061,16000011,20260406T193632.000Z
15000082,0,16000095,16000000,16000099,16000098,16000061,16000011,20260406T193416.000Z
15000292,0,16000026,16000077,16000083,16000002,16000023,16000098,20260406T192159.000Z
15000292,0,16000026,16000077,16000083,16000002,16000023,16000098,20260406T191956.000Z
15000368,0,16000003,16000004,16000102,16000022,16000042,16000031,20260406T191444.000Z
15000368,1,16000003,16000004,16000102,16000022,16000042,16000031,20260406T191235.000Z
15000368,0,16000003,16000004,16000102,16000022,16000042,16000031,20260406T191036.000Z
15000548,1,16000003,16000047,16000023,16000079,16000102,16000001,20260406T190030.000Z
15000548,1,16000003,16000047,16000023,16000079,16000102,16000001,20260406T185845.000Z
15000306,0,16000019,16000023,16000041,16000012,16000030,16000102,20260406T185349.000Z
15000306,0,16000019,16000023,16000041,16000012,16000030,16000102,20260406T185220.000Z
15000118,1,16000083,16000042,16000001,16000004,16000103,16000017,20260406T003941.000Z
15000118,1,16000083,16000042,16000001,16000004,16000103,16000017,20260406T003829.000Z
15000292,1,16000047,16000099,16000048,16000005,16000011,16000077,20260406T003425.000Z
15000292,1,16000047,16000099,16000048,16000005,16000011,16000077,20260406T003218.000Z
15000019,1,16000081,16000001,16000027,16000012,16000014,16000078,20260406T002649.000Z
15000019,0,16000081,16000001,16000027,16000012,16000014,16000078,20260406T002531.000Z
15000019,1,16000081,16000001,16000027,16000012,16000014,16000078,20260406T002315.000Z
15000019,1,16000099,16000065,16000019,16000075,16000001,16000012,20260406T001756.000Z
15000019,0,16000099,16000065,16000019,16000075,16000001,16000012,20260406T001522.000Z
15000019,1,16000099,16000065,16000019,16000075,16000001,16000012,20260406T001233.000Z
15000010,1,16000012,16000061,16000004,16000014,16000095,16000059,20260406T000659.000Z
15000010,0,16000012,16000061,16000004,16000014,16000095,16000059,20260406T000521.000Z
15000010,1,16000012,16000061,16000004,16000014,16000095,16000059,20260406T000330.000Z
15000118,0,16000026,16000010,16000001,16000023,16000002,16000099,20260405T235507.000Z
15000118,0,16000026,16000010,16000001,16000023,16000002,16000099,20260405T235409.000Z
15000368,1,16000037,16000046,16000023,16000012,16000099,16000003,20260405T234843.000Z
15000368,1,16000037,16000046,16000023,16000012,16000099,16000003,20260405T234627.000Z
15000306,1,16000000,16000047,16000014,16000011,16000099,16000002,20260405T234214.000Z
15000306,1,16000000,16000047,16000014,16000011,16000099,16000002,20260405T234041.000Z
15000118,1,16000011,16000042,16000087,16000002,16000099,16000098,20260405T233624.000Z
15000118,1,16000011,16000042,16000087,16000002,16000099,16000098,20260405T233404.000Z
15000005,1,16000046,16000015,16000023,16000083,16000003,16000036,20260405T233030.000Z
15000005,1,16000046,16000015,16000023,16000083,16000003,16000036,20260405T232811.000Z
15000082,0,16000066,16000071,16000064,16000021,16000002,16000061,20260405T232338.000Z
15000082,0,16000066,16000071,16000064,16000021,16000002,16000061,20260405T232119.000Z
15000007,1,16000057,16000095,16000026,16000012,16000011,16000103,20260405T231654.000Z
15000007,1,16000057,16000095,16000026,16000012,16000011,16000103,20260405T231428.000Z
15000007,0,16000057,16000095,16000026,16000012,16000011,16000103,20260405T231156.000Z
15000132,1,16000012,16000063,16000026,16000001,16000005,16000014,20260405T230754.000Z
15000132,1,16000012,16000063,16000026,16000001,16000005,16000014,20260405T230617.000Z
15000018,1,16000001,16000026,16000050,16000073,16000099,16000075,20260405T230217.000Z
15000018,1,16000001,16000026,16000050,16000073,16000099,16000075,20260405T230049.000Z
15000019,1,16000102,16000002,16000073,16000026,16000066,16000001,20260405T225633.000Z
15000019,1,16000102,16000002,16000073,16000026,16000066,16000001,20260405T225429.000Z
15000440,1,16000102,16000026,16000099,16000014,16000065,16000037,20260405T224932.000Z
15000440,1,16000102,16000026,16000099,16000014,16000065,16000037,20260405T224654.000Z
15000132,0,16000095,16000004,16000002,16000023,16000026,16000059,20260405T224324.000Z
15000132,1,16000095,16000004,16000002,16000023,16000026,16000059,20260405T224100.000Z
15000132,0,16000095,16000004,16000002,16000023,16000026,16000059,20260405T223902.000Z
15000018,0,16000100,16000002,16000073,16000001,16000083,16000070,20260405T223231.000Z
15000018,0,16000100,16000002,16000073,16000001,16000083,16000070,20260405T223035.000Z
15000025,0,16000063,16000085,16000077,16000005,16000004,16000009,20260405T222413.000Z
15000025,0,16000063,16000085,16000077,16000005,16000004,16000009,20260405T222103.000Z
15000293,1,16000086,16000063,16000012,16000103,16000030,16000066,20260405T221439.000Z
15000293,1,16000086,16000063,16000012,16000103,16000030,16000066,20260405T221151.000Z
15000143,1,16000102,16000026,16000005,16000049,16000077,16000023,20260405T220445.000Z
15000143,1,16000102,16000026,16000005,16000049,16000077,16000023,20260405T220156.000Z
15000118,0,16000001,16000099,16000089,16000004,16000077,16000059,20260405T215750.000Z
15000118,0,16000001,16000099,16000089,16000004,16000077,16000059,20260405T215610.000Z
15000050,1,16000028,16000026,16000001,16000002,16000005,16000004,20260403T181010.000Z
15000050,1,16000028,16000026,16000001,16000002,16000005,16000004,20260403T180728.000Z
15000050,1,16000083,16000001,16000012,16000103,16000004,16000071,20260403T174857.000Z
15000050,1,16000083,16000001,16000012,16000103,16000004,16000071,20260403T174652.000Z
15000703,0,16000042,16000103,16000097,16000003,16000065,16000089,20260403T174029.000Z
15000703,0,16000042,16000103,16000097,16000003,16000065,16000089,20260403T173807.000Z
15000025,0,16000004,16000011,16000059,16000063,16000025,16000067,20260406T023254.000Z
15000025,0,16000004,16000011,16000059,16000063,16000025,16000067,20260406T023119.000Z
15000025,1,16000004,16000011,16000059,16000063,16000025,16000067,20260406T023004.000Z
15000011,0,16000083,16000005,16000103,16000044,16000081,16000012,20260406T022448.000Z
15000011,0,16000083,16000005,16000103,16000044,16000081,16000012,20260406T022240.000Z
15000072,1,16000001,16000012,16000094,16000079,16000078,16000098,20260406T015846.000Z
15000072,1,16000001,16000012,16000094,16000079,16000078,16000098,20260406T015700.000Z
15000011,0,16000057,16000059,16000012,16000014,16000095,16000004,20260406T220733.000Z
15000011,0,16000057,16000059,16000012,16000014,16000095,16000004,20260406T220547.000Z
15000118,1,16000012,16000050,16000099,16000098,16000063,16000011,20260406T215649.000Z
15000118,1,16000012,16000050,16000099,16000098,16000063,16000011,20260406T215359.000Z
15000132,1,16000049,16000102,16000020,16000026,16000023,16000004,20260406T214912.000Z
15000132,1,16000049,16000102,16000020,16000026,16000023,16000004,20260406T214624.000Z
15000053,1,16000049,16000082,16000010,16000026,16000103,16000004,20260406T090736.000Z
15000053,1,16000049,16000082,16000010,16000026,16000103,16000004,20260406T090607.000Z
15000053,1,16000004,16000082,16000026,16000077,16000001,16000103,20260406T090121.000Z
15000053,1,16000004,16000082,16000026,16000077,16000001,16000103,20260406T085904.000Z
15000005,0,16000042,16000023,16000072,16000079,16000012,16000015,20260406T085351.000Z
15000005,0,16000042,16000023,16000072,16000079,16000012,16000015,20260406T085133.000Z
15000005,1,16000042,16000023,16000072,16000079,16000012,16000015,20260406T084915.000Z
15000022,0,16000042,16000094,16000026,16000061,16000023,16000014,20260405T234611.000Z
15000022,0,16000042,16000094,16000026,16000061,16000023,16000014,20260405T234352.000Z
15000115,0,16000014,16000059,16000023,16000011,16000030,16000089,20260405T233833.000Z
15000115,0,16000014,16000059,16000023,16000011,16000030,16000089,20260405T233631.000Z
15000115,1,16000014,16000059,16000023,16000011,16000030,16000089,20260405T233425.000Z
15000082,1,16000014,16000094,16000067,16000047,16000005,16000097,20260405T232903.000Z
15000082,1,16000014,16000094,16000067,16000047,16000005,16000097,20260405T232645.000Z
15000082,0,16000014,16000094,16000067,16000047,16000005,16000097,20260405T232427.000Z
15000010,1,16000014,16000059,16000008,16000017,16000063,16000054,20260405T231902.000Z
15000010,1,16000014,16000059,16000008,16000017,16000063,16000054,20260405T231725.000Z
15000082,1,16000070,16000094,16000098,16000089,16000091,16000048,20260405T231315.000Z
15000082,1,16000070,16000094,16000098,16000089,16000091,16000048,20260405T231051.000Z
15000018,1,16000019,16000073,16000099,16000070,16000027,16000002,20260405T230358.000Z
15000018,0,16000019,16000073,16000099,16000070,16000027,16000002,20260405T230136.000Z
15000018,1,16000019,16000073,16000099,16000070,16000027,16000002,20260405T225939.000Z
15000082,0,16000103,16000002,16000035,16000023,16000099,16000010,20260405T225503.000Z
15000082,0,16000103,16000002,16000035,16000023,16000099,16000010,20260405T225239.000Z
15000010,1,16000004,16000029,16000008,16000074,16000050,16000084,20260406T192307.000Z
15000010,1,16000004,16000029,16000008,16000074,16000050,16000084,20260406T192128.000Z
15000010,0,16000004,16000029,16000008,16000074,16000050,16000084,20260406T191858.000Z
15000293,0,16000030,16000010,16000031,16000086,16000081,16000006,20260404T172502.000Z
15000293,0,16000030,16000010,16000031,16000086,16000081,16000006,20260404T172300.000Z
15000293,1,16000030,16000010,16000031,16000086,16000081,16000006,20260404T172025.000Z
15000300,0,16000002,16000004,16000014,16000050,16000095,16000022,20260404T171501.000Z
15000300,1,16000002,16000004,16000014,16000050,16000095,16000022,20260404T171325.000Z
15000300,0,16000002,16000004,16000014,16000050,16000095,16000022,20260404T171109.000Z
15000143,1,16000098,16000001,16000026,16000011,16000012,16000004,20260404T170222.000Z
15000143,0,16000098,16000001,16000026,16000011,16000012,16000004,20260404T165928.000Z
15000143,1,16000098,16000001,16000026,16000011,16000012,16000004,20260404T165750.000Z
15000293,1,16000030,16000023,16000069,16000066,16000070,16000038,20260404T165155.000Z
15000293,1,16000030,16000023,16000069,16000066,16000070,16000038,20260404T165003.000Z
15000005,0,16000061,16000064,16000079,16000003,16000074,16000001,20260406T153506.000Z
15000005,1,16000061,16000064,16000079,16000003,16000074,16000001,20260406T153248.000Z
15000005,0,16000061,16000064,16000079,16000003,16000074,16000001,20260406T153029.000Z
15000082,0,16000094,16000001,16000086,16000037,16000064,16000002,20260406T152212.000Z
15000082,1,16000094,16000001,16000086,16000037,16000064,16000002,20260406T151954.000Z
15000082,0,16000094,16000001,16000086,16000037,16000064,16000002,20260406T151748.000Z
15000019,0,16000078,16000023,16000099,16000004,16000081,16000001,20260406T151232.000Z
15000019,0,16000078,16000023,16000099,16000004,16000081,16000001,20260406T151010.000Z
15000050,1,16000001,16000063,16000103,16000089,16000002,16000012,20260406T150130.000Z
15000050,1,16000001,16000063,16000103,16000089,16000002,16000012,20260406T145842.000Z
15000053,1,16000009,16000086,16000083,16000078,16000004,16000005,20260406T095602.000Z
15000053,1,16000009,16000086,16000083,16000078,16000004,16000005,20260406T095409.000Z
15000703,0,16000002,16000079,16000042,16000011,16000076,16000003,20260406T094756.000Z
15000703,1,16000002,16000079,16000042,16000011,16000076,16000003,20260406T094546.000Z
15000703,0,16000002,16000079,16000042,16000011,16000076,16000003,20260406T094306.000Z
15000440,0,16000071,16000064,16000061,16000090,16000021,16000046,20260406T093732.000Z
15000440,0,16000071,16000064,16000061,16000090,16000021,16000046,20260406T093555.000Z
15000053,1,16000030,16000043,16000026,16000063,16000001,16000012,20260406T093029.000Z
15000053,1,16000030,16000043,16000026,16000063,16000001,16000012,20260406T092827.000Z
15000548,0,16000005,16000099,16000023,16000079,16000011,16000012,20260406T090921.000Z
15000548,0,16000005,16000099,16000023,16000079,16000011,16000012,20260406T090729.000Z
15000548,1,16000005,16000099,16000023,16000079,16000011,16000012,20260406T090550.000Z
15000010,1,16000011,16000099,16000057,16000089,16000012,16000095,20260406T121241.000Z
15000010,0,16000011,16000099,16000057,16000089,16000012,16000095,20260406T121025.000Z
15000010,1,16000011,16000099,16000057,16000089,16000012,16000095,20260406T120837.000Z
15000143,1,16000026,16000001,16000017,16000063,16000083,16000089,20260406T120412.000Z
15000143,1,16000026,16000001,16000017,16000063,16000083,16000089,20260406T120138.000Z
15000007,1,16000096,16000008,16000004,16000086,16000005,16000063,20260406T125740.000Z
15000007,0,16000096,16000008,16000004,16000086,16000005,16000063,20260406T125541.000Z
15000007,1,16000096,16000008,16000004,16000086,16000005,16000063,20260406T125355.000Z
15000010,0,16000103,16000014,16000043,16000083,16000012,16000023,20260406T174006.000Z
15000010,0,16000103,16000014,16000043,16000083,16000012,16000023,20260406T173816.000Z
15000083,1,16000012,16000042,16000094,16000046,16000005,16000079,20260405T075631.000Z
15000083,1,16000012,16000042,16000094,16000046,16000005,16000079,20260405T075412.000Z
15000292,0,16000085,16000099,16000004,16000005,16000017,16000023,20260405T074857.000Z
15000292,0,16000085,16000099,16000004,16000005,16000017,16000023,20260405T074700.000Z
15000082,1,16000102,16000003,16000005,16000026,16000064,16000004,20260406T113533.000Z
15000082,1,16000102,16000003,16000005,16000026,16000064,16000004,20260406T113340.000Z
15000018,1,16000078,16000014,16000012,16000005,16000019,16000074,20260406T102025.000Z
15000018,1,16000078,16000014,16000012,16000005,16000019,16000074,20260406T101748.000Z
15000018,0,16000078,16000014,16000012,16000005,16000019,16000074,20260406T101500.000Z
15000703,0,16000079,16000066,16000003,16000001,16000021,16000042,20260406T133115.000Z
15000703,0,16000079,16000066,16000003,16000001,16000021,16000042,20260406T132840.000Z
15000703,1,16000079,16000066,16000003,16000001,16000021,16000042,20260406T132602.000Z
15000440,1,16000015,16000003,16000066,16000103,16000021,16000046,20260406T132109.000Z
15000440,1,16000015,16000003,16000066,16000103,16000021,16000046,20260406T131918.000Z
15000118,0,16000029,16000059,16000044,16000042,16000030,16000002,20260406T130929.000Z
15000118,0,16000029,16000059,16000044,16000042,16000030,16000002,20260406T130742.000Z
15000115,0,16000008,16000014,16000059,16000001,16000063,16000035,20260406T130217.000Z
15000115,0,16000008,16000014,16000059,16000001,16000063,16000035,20260406T130041.000Z
15000011,1,16000027,16000023,16000035,16000083,16000004,16000002,20260406T125629.000Z
15000011,0,16000027,16000023,16000035,16000083,16000004,16000002,20260406T125444.000Z
15000011,1,16000027,16000023,16000035,16000083,16000004,16000002,20260406T125241.000Z
15000143,0,16000059,16000005,16000026,16000086,16000099,16000023,20260406T124837.000Z
15000143,0,16000059,16000005,16000026,16000086,16000099,16000023,20260406T124719.000Z
15000440,0,16000064,16000031,16000042,16000023,16000003,16000021,20260406T124008.000Z
15000440,0,16000064,16000031,16000042,16000023,16000003,16000021,20260406T123807.000Z
15000440,1,16000064,16000031,16000042,16000023,16000003,16000021,20260406T123613.000Z
15000050,1,16000098,16000063,16000005,16000059,16000006,16000030,20260406T123022.000Z
15000050,0,16000098,16000063,16000005,16000059,16000006,16000030,20260406T122715.000Z
15000050,1,16000098,16000063,16000005,16000059,16000006,16000030,20260406T122326.000Z
15001021,0,16000004,16000011,16000083,16000059,16000023,16000063,20260406T121800.000Z
15001021,0,16000004,16000011,16000083,16000059,16000023,16000063,20260406T121601.000Z
15000007,1,16000012,16000019,16000011,16000044,16000025,16000081,20260406T121117.000Z
15000007,1,16000012,16000019,16000011,16000044,16000025,16000081,20260406T120841.000Z
15000292,1,16000103,16000045,16000002,16000047,16000041,16000011,20260406T154439.000Z
15000292,1,16000103,16000045,16000002,16000047,16000041,16000011,20260406T154206.000Z
15000053,0,16000043,16000001,16000012,16000026,16000006,16000004,20260406T153740.000Z
15000053,0,16000043,16000001,16000012,16000026,16000006,16000004,20260406T153514.000Z
15001021,0,16000006,16000025,16000023,16000083,16000063,16000005,20260406T152901.000Z
15001021,0,16000006,16000025,16000023,16000083,16000063,16000005,20260406T152702.000Z
15000115,0,16000071,16000063,16000004,16000012,16000059,16000023,20260406T152014.000Z
15000115,0,16000071,16000063,16000004,16000012,16000059,16000023,20260406T151805.000Z
15000022,0,16000023,16000018,16000036,16000025,16000001,16000103,20260406T151305.000Z
15000022,1,16000023,16000018,16000036,16000025,16000001,16000103,20260406T151047.000Z
15000022,0,16000023,16000018,16000036,16000025,16000001,16000103,20260406T150841.000Z
15000072,1,16000004,16000015,16000059,16000070,16000042,16000003,20260406T150354.000Z
15000072,1,16000004,16000015,16000059,16000070,16000042,16000003,20260406T150257.000Z
15000072,0,16000004,16000015,16000059,16000070,16000042,16000003,20260406T150133.000Z
15000072,1,16000015,16000005,16000075,16000059,16000099,16000003,20260406T145613.000Z
15000072,1,16000015,16000005,16000075,16000059,16000099,16000003,20260406T145456.000Z
15000083,0,16000025,16000023,16000042,16000067,16000012,16000064,20260406T145111.000Z
15000083,0,16000025,16000023,16000042,16000067,16000012,16000064,20260406T144854.000Z
15000293,1,16000087,16000002,16000076,16000049,16000096,16000009,20260406T144355.000Z
15000293,1,16000087,16000002,16000076,16000049,16000096,16000009,20260406T144219.000Z
15000143,0,16000099,16000020,16000035,16000023,16000002,16000026,20260406T132621.000Z
15000143,0,16000099,16000020,16000035,16000023,16000002,16000026,20260406T132356.000Z
15000019,0,16000039,16000026,16000023,16000102,16000081,16000001,20260406T102005.000Z
15000019,0,16000039,16000026,16000023,16000102,16000081,16000001,20260406T101717.000Z
15000019,1,16000039,16000026,16000023,16000102,16000081,16000001,20260406T101559.000Z
15000132,1,16000040,16000012,16000059,16000044,16000001,16000083,20260406T100725.000Z
15000132,1,16000040,16000012,16000059,16000044,16000001,16000083,20260406T100529.000Z
15000368,0,16000005,16000041,16000079,16000047,16000099,16000011,20260406T132900.000Z
15000368,0,16000005,16000041,16000079,16000047,16000099,16000011,20260406T132723.000Z
15000025,1,16000083,16000001,16000098,16000074,16000011,16000102,20260406T132243.000Z
15000025,1,16000083,16000001,16000098,16000074,16000011,16000102,20260406T131955.000Z
15000007,0,16000014,16000083,16000103,16000005,16000011,16000044,20260406T131252.000Z
15000007,0,16000014,16000083,16000103,16000005,16000011,16000044,20260406T131052.000Z
15000440,0,16000048,16000099,16000023,16000075,16000089,16000036,20260406T033646.000Z
15000440,0,16000048,16000099,16000023,16000075,16000089,16000036,20260406T033344.000Z
15000132,1,16000012,16000102,16000050,16000014,16000083,16000017,20260406T032808.000Z
15000132,0,16000012,16000102,16000050,16000014,16000083,16000017,20260406T032654.000Z
15000132,1,16000012,16000102,16000050,16000014,16000083,16000017,20260406T032405.000Z
15000018,1,16000002,16000001,16000012,16000073,16000063,16000059,20260406T032008.000Z
15000018,1,16000002,16000001,16000012,16000073,16000063,16000059,20260406T031811.000Z
15000018,0,16000002,16000001,16000012,16000073,16000063,16000059,20260406T031651.000Z
15000703,1,16000042,16000079,16000002,16000061,16000023,16000064,20260406T031209.000Z
15000703,1,16000042,16000079,16000002,16000061,16000023,16000064,20260406T031000.000Z
15000143,0,16000097,16000086,16000043,16000070,16000025,16000049,20260406T030318.000Z
15000143,1,16000097,16000086,16000043,16000070,16000025,16000049,20260406T030209.000Z
15000143,0,16000097,16000086,16000043,16000070,16000025,16000049,20260406T030010.000Z
15000053,1,16000099,16000083,16000002,16000070,16000001,16000012,20260406T025501.000Z
15000053,0,16000099,16000083,16000002,16000070,16000001,16000012,20260406T025308.000Z
15000053,1,16000099,16000083,16000002,16000070,16000001,16000012,20260406T025110.000Z
15000018,1,16000081,16000075,16000099,16000012,16000043,16000003,20260406T024607.000Z
15000018,1,16000081,16000075,16000099,16000012,16000043,16000003,20260406T024355.000Z
15000115,0,16000001,16000014,16000026,16000011,16000000,16000012,20260406T221059.000Z
15000115,1,16000001,16000014,16000026,16000011,16000000,16000012,20260406T220839.000Z
15000007,0,16000023,16000081,16000008,16000070,16000063,16000014,20260406T220439.000Z
15000007,0,16000023,16000081,16000008,16000070,16000063,16000014,20260406T220242.000Z
15001021,0,16000008,16000030,16000035,16000069,16000098,16000011,20260406T215842.000Z
15001021,0,16000008,16000030,16000035,16000069,16000098,16000011,20260406T215554.000Z
15000007,1,16000014,16000059,16000103,16000023,16000063,16000070,20260406T215051.000Z
15000007,1,16000014,16000059,16000103,16000023,16000063,16000070,20260406T214832.000Z
15000118,1,16000012,16000011,16000041,16000030,16000050,16000077,20260406T210325.000Z
15000118,1,16000012,16000011,16000041,16000030,16000050,16000077,20260406T210030.000Z
15000118,0,16000012,16000011,16000041,16000030,16000050,16000077,20260406T205855.000Z
15000440,0,16000001,16000061,16000005,16000003,16000087,16000066,20260406T205307.000Z
15000440,0,16000001,16000061,16000005,16000003,16000087,16000066,20260406T205124.000Z
15000440,1,16000001,16000061,16000005,16000003,16000087,16000066,20260406T204831.000Z
15000368,1,16000061,16000003,16000098,16000065,16000034,16000005,20260406T204305.000Z
15000368,1,16000061,16000003,16000098,16000065,16000034,16000005,20260406T204035.000Z
15000082,1,16000022,16000103,16000002,16000070,16000081,16000012,20260406T203630.000Z
15000082,1,16000022,16000103,16000002,16000070,16000081,16000012,20260406T203413.000Z
15000548,1,16000041,16000003,16000015,16000002,16000013,16000039,20260406T203008.000Z
15000548,1,16000041,16000003,16000015,16000002,16000013,16000039,20260406T202848.000Z
15000050,0,16000001,16000050,16000008,16000063,16000071,16000004,20260406T202526.000Z
15000050,0,16000001,16000050,16000008,16000063,16000071,16000004,20260406T202358.000Z
15000018,1,16000014,16000073,16000008,16000001,16000012,16000063,20260406T201844.000Z
15000018,1,16000014,16000073,16000008,16000001,16000012,16000063,20260406T201641.000Z
15000018,0,16000014,16000073,16000008,16000001,16000012,16000063,20260406T201438.000Z
15000022,0,16000015,16000012,16000046,16000037,16000019,16000036,20260406T103505.000Z
15000022,1,16000015,16000012,16000046,16000037,16000019,16000036,20260406T103247.000Z
15000022,0,16000015,16000012,16000046,16000037,16000019,16000036,20260406T103028.000Z
15000300,1,16000025,16000011,16000046,16000102,16000092,16000099,20260406T102417.000Z
15000300,1,16000025,16000011,16000046,16000102,16000092,16000099,20260406T102237.000Z
15000072,1,16000003,16000023,16000046,16000039,16000025,16000102,20260406T101911.000Z
15000072,1,16000003,16000023,16000046,16000039,16000025,16000102,20260406T101722.000Z
15000072,0,16000003,16000023,16000046,16000039,16000025,16000102,20260406T101553.000Z
15000292,1,16000043,16000005,16000067,16000070,16000102,16000030,20260406T101035.000Z
15000292,1,16000043,16000005,16000067,16000070,16000102,16000030,20260406T100846.000Z
15000118,1,16000002,16000054,16000099,16000059,16000030,16000009,20260406T100128.000Z
15000118,1,16000002,16000054,16000099,16000059,16000030,16000009,20260406T095840.000Z
15000306,1,16000034,16000030,16000064,16000012,16000103,16000102,20260406T095348.000Z
15000306,1,16000034,16000030,16000064,16000012,16000103,16000102,20260406T095212.000Z
15000368,0,16000071,16000064,16000003,16000002,16000004,16000022,20260405T233432.000Z
15000368,0,16000071,16000064,16000003,16000002,16000004,16000022,20260405T233138.000Z
15000368,1,16000071,16000064,16000003,16000002,16000004,16000022,20260405T232951.000Z
15000007,1,16000081,16000063,16000012,16000026,16000011,16000023,20260405T232504.000Z
15000007,1,16000081,16000063,16000012,16000026,16000011,16000023,20260405T232327.000Z
15000011,1,16000059,16000002,16000023,16000103,16000012,16000011,20260405T140754.000Z
15000011,1,16000059,16000002,16000023,16000103,16000012,16000011,20260405T140610.000Z
15000083,1,16000011,16000046,16000079,16000089,16000003,16000001,20260405T135935.000Z
15000083,1,16000011,16000046,16000079,16000089,16000003,16000001,20260405T135717.000Z
15000548,1,16000076,16000094,16000090,16000004,16000081,16000015,20260406T140734.000Z
15000548,1,16000076,16000094,16000090,16000004,16000081,16000015,20260406T140423.000Z
15000548,1,16000022,16000081,16000064,16000079,16000076,16000003,20260406T135626.000Z
15000548,1,16000022,16000081,16000064,16000079,16000076,16000003,20260406T135511.000Z
15000005,1,16000012,16000011,16000015,16000005,16000048,16000031,20260406T135118.000Z
15000005,1,16000012,16000011,16000015,16000005,16000048,16000031,20260406T134940.000Z
15001021,0,16000045,16000063,16000097,16000001,16000026,16000042,20260406T134559.000Z
15001021,0,16000045,16000063,16000097,16000001,16000026,16000042,20260406T134311.000Z
15000083,1,16000012,16000015,16000061,16000043,16000042,16000066,20260406T133943.000Z
15000083,1,16000012,16000015,16000061,16000043,16000042,16000066,20260406T133758.000Z
15000132,1,16000009,16000068,16000063,16000025,16000005,16000003,20260406T084312.000Z
15000132,1,16000009,16000068,16000063,16000025,16000005,16000003,20260406T083958.000Z
15000440,1,16000026,16000099,16000064,16000012,16000014,16000003,20260406T121353.000Z
15000440,1,16000026,16000099,16000064,16000012,16000014,16000003,20260406T121041.000Z
15000440,0,16000026,16000099,16000064,16000012,16000014,16000003,20260406T120824.000Z
15000292,1,16000026,16000005,16000041,16000030,16000102,16000048,20260406T120147.000Z
15000292,1,16000026,16000005,16000041,16000030,16000102,16000048,20260406T115916.000Z
15000025,1,16000026,16000030,16000067,16000038,16000023,16000040,20260406T115457.000Z
15000025,1,16000026,16000030,16000067,16000038,16000023,16000040,20260406T115145.000Z
15000010,1,16000061,16000012,16000004,16000054,16000042,16000063,20260406T114745.000Z
15000010,0,16000061,16000012,16000004,16000054,16000042,16000063,20260406T114555.000Z
15000010,1,16000061,16000012,16000004,16000054,16000042,16000063,20260406T114411.000Z
15001021,1,16000068,16000030,16000004,16000001,16000071,16000083,20260406T113921.000Z
15001021,1,16000068,16000030,16000004,16000001,16000071,16000083,20260406T113555.000Z
15000703,0,16000003,16000061,16000042,16000021,16000023,16000005,20260406T113237.000Z
15000703,0,16000003,16000061,16000042,16000021,16000023,16000005,20260406T113024.000Z
15000083,1,16000003,16000001,16000005,16000061,16000032,16000014,20260406T112545.000Z
15000083,1,16000003,16000001,16000005,16000061,16000032,16000014,20260406T112338.000Z
15000440,0,16000003,16000012,16000065,16000005,16000015,16000001,20260406T111908.000Z
15000440,0,16000003,16000012,16000065,16000005,16000015,16000001,20260406T111720.000Z
15000440,0,16000043,16000026,16000019,16000075,16000045,16000000,20260406T220006.000Z
15000440,0,16000043,16000026,16000019,16000075,16000045,16000000,20260406T215744.000Z
15000440,1,16000043,16000026,16000019,16000075,16000045,16000000,20260406T215533.000Z
15000143,1,16000009,16000083,16000102,16000005,16000020,16000030,20260406T192742.000Z
15000143,1,16000009,16000083,16000102,16000005,16000020,16000030,20260406T192501.000Z
15000019,1,16000005,16000103,16000001,16000042,16000054,16000012,20260406T192048.000Z
15000072,0,16000099,16000018,16000014,16000025,16000043,16000042,20260406T191707.000Z
15000072,0,16000099,16000018,16000014,16000025,16000043,16000042,20260406T191511.000Z
15000083,0,16000048,16000043,16000031,16000012,16000066,16000050,20260406T191214.000Z
15000083,0,16000048,16000043,16000031,16000012,16000066,16000050,20260406T191022.000Z
15000072,0,16000004,16000015,16000014,16000037,16000003,16000012,20260406T190434.000Z
15000072,0,16000004,16000015,16000014,16000037,16000003,16000012,20260406T190222.000Z
15000072,1,16000004,16000015,16000014,16000037,16000003,16000012,20260406T185934.000Z
15000053,0,16000081,16000102,16000001,16000025,16000026,16000004,20260406T180240.000Z
15000053,0,16000081,16000102,16000001,16000025,16000026,16000004,20260406T180106.000Z
15000053,1,16000081,16000102,16000001,16000025,16000026,16000004,20260406T175847.000Z
15000018,1,16000078,16000005,16000102,16000099,16000001,16000019,20260406T131323.000Z
15000018,1,16000078,16000005,16000102,16000099,16000001,16000019,20260406T131046.000Z
15000025,1,16000074,16000002,16000102,16000012,16000020,16000026,20260406T130409.000Z
15000025,0,16000074,16000002,16000102,16000012,16000020,16000026,20260406T130120.000Z
15000025,1,16000074,16000002,16000102,16000012,16000020,16000026,20260406T125943.000Z
15000083,1,16000029,16000036,16000103,16000003,16000047,16000061,20260406T125325.000Z
15000083,0,16000029,16000036,16000103,16000003,16000047,16000061,20260406T125107.000Z
15000083,1,16000029,16000036,16000103,16000003,16000047,16000061,20260406T124857.000Z
15000703,1,16000000,16000012,16000071,16000011,16000064,16000004,20260405T142629.000Z
15000703,1,16000000,16000012,16000071,16000011,16000064,16000004,20260405T142355.000Z
15000010,1,16000011,16000002,16000006,16000099,16000059,16000102,20260405T141946.000Z
15000010,1,16000011,16000002,16000006,16000099,16000059,16000102,20260405T141801.000Z
15000082,1,16000005,16000011,16000038,16000094,16000002,16000071,20260405T141342.000Z
15000082,1,16000005,16000011,16000038,16000094,16000002,16000071,20260405T141142.000Z
15000118,1,16000012,16000070,16000011,16000023,16000017,16000059,20260405T140721.000Z
15000118,1,16000012,16000070,16000011,16000023,16000017,16000059,20260405T140530.000Z
15000306,0,16000020,16000044,16000042,16000012,16000011,16000025,20260406T150939.000Z
15000306,0,16000020,16000044,16000042,16000012,16000011,16000025,20260406T150739.000Z
15000703,0,16000044,16000064,16000066,16000099,16000046,16000023,20260406T150245.000Z
15000703,1,16000044,16000064,16000066,16000099,16000046,16000023,20260406T150032.000Z
15000703,0,16000044,16000064,16000066,16000099,16000046,16000023,20260406T145752.000Z
15000132,1,16000004,16000044,16000023,16000059,16000011,16000001,20260406T144908.000Z
15000132,1,16000004,16000044,16000023,16000059,16000011,16000001,20260406T144620.000Z
15000132,0,16000004,16000044,16000023,16000059,16000011,16000001,20260406T144249.000Z
15000011,1,16000074,16000020,16000063,16000089,16000002,16000059,20260406T143814.000Z
15000011,0,16000074,16000020,16000063,16000089,16000002,16000059,20260406T143537.000Z
15000011,1,16000074,16000020,16000063,16000089,16000002,16000059,20260406T143221.000Z
15000548,1,16000021,16000036,16000020,16000015,16000061,16000023,20260406T142802.000Z
15000548,0,16000021,16000036,16000020,16000015,16000061,16000023,20260406T142505.000Z
15000548,1,16000021,16000036,16000020,16000015,16000061,16000023,20260406T142247.000Z
15000018,1,16000025,16000079,16000083,16000002,16000040,16000001,20260406T140458.000Z
15000018,1,16000025,16000079,16000083,16000002,16000040,16000001,20260406T140210.000Z
15000703,1,16000098,16000046,16000099,16000042,16000023,16000074,20260406T125300.000Z
15000703,1,16000098,16000046,16000099,16000042,16000023,16000074,20260406T125056.000Z
15000703,0,16000098,16000046,16000099,16000042,16000023,16000074,20260406T124847.000Z
15000072,1,16000036,16000012,16000099,16000015,16000023,16000065,20260406T124404.000Z
15000072,1,16000036,16000012,16000099,16000015,16000023,16000065,20260406T124150.000Z
15000010,1,16000063,16000012,16000059,16000011,16000004,16000070,20260406T123641.000Z
15000010,1,16000063,16000012,16000059,16000011,16000004,16000070,20260406T123501.000Z
15000292,1,16000023,16000064,16000030,16000099,16000054,16000045,20260405T040646.000Z
15000292,1,16000023,16000064,16000030,16000099,16000054,16000045,20260405T040502.000Z
15000007,1,16000085,16000063,16000074,16000023,16000024,16000019,20260405T040044.000Z
15000007,1,16000085,16000063,16000074,16000023,16000024,16000019,20260405T035842.000Z
15000132,1,16000097,16000063,16000004,16000059,16000014,16000001,20260405T035410.000Z
15000132,1,16000097,16000063,16000004,16000059,16000014,16000001,20260405T035238.000Z
15000548,1,16000064,16000054,16000042,16000047,16000079,16000021,20260405T034757.000Z
15000548,1,16000064,16000054,16000042,16000047,16000079,16000021,20260405T034621.000Z
15000053,1,16000070,16000083,16000005,16000086,16000002,16000001,20260405T034042.000Z
15000053,1,16000070,16000083,16000005,16000086,16000002,16000001,20260405T033804.000Z
15000053,0,16000070,16000083,16000005,16000086,16000002,16000001,20260405T033546.000Z
15000082,0,16000019,16000083,16000089,16000025,16000081,16000099,20260405T032935.000Z
15000082,0,16000019,16000083,16000089,16000025,16000081,16000099,20260405T032722.000Z
15000010,1,16000020,16000004,16000023,16000095,16000005,16000024,20260404T135259.000Z
15000010,0,16000020,16000004,16000023,16000095,16000005,16000024,20260404T135104.000Z
15000010,1,16000020,16000004,16000023,16000095,16000005,16000024,20260404T134919.000Z
15000053,1,16000030,16000025,16000082,16000099,16000075,16000078,20260404T133526.000Z
15000053,1,16000030,16000025,16000082,16000099,16000075,16000078,20260404T133402.000Z
15000118,1,16000045,16000097,16000063,16000030,16000023,16000059,20260404T132444.000Z
15000118,0,16000045,16000097,16000063,16000030,16000023,16000059,20260404T132246.000Z
15000118,1,16000045,16000097,16000063,16000030,16000023,16000059,20260404T131939.000Z
15000440,1,16000011,16000003,16000087,16000015,16000037,16000102,20260404T105710.000Z
15000440,1,16000011,16000003,16000087,16000015,16000037,16000102,20260404T105340.000Z
15000368,1,16000002,16000042,16000103,16000003,16000098,16000036,20260406T153148.000Z
15000368,0,16000002,16000042,16000103,16000003,16000098,16000036,20260406T153008.000Z
15000368,1,16000002,16000042,16000103,16000003,16000098,16000036,20260406T152801.000Z
15000007,0,16000005,16000002,16000023,16000081,16000030,16000083,20260405T121018.000Z
15000007,1,16000005,16000002,16000023,16000081,16000030,16000083,20260405T120756.000Z
15000007,0,16000005,16000002,16000023,16000081,16000030,16000083,20260405T120615.000Z
15000118,0,16000099,16000026,16000049,16000087,16000103,16000063,20260405T120146.000Z
15000118,0,16000099,16000026,16000049,16000087,16000103,16000063,20260405T120007.000Z
15000440,1,16000099,16000046,16000047,16000003,16000077,16000015,20260405T115539.000Z
15000440,1,16000099,16000046,16000047,16000003,16000077,16000015,20260405T115230.000Z
15000703,0,16000021,16000097,16000042,16000003,16000004,16000046,20260404T020259.000Z
15000703,0,16000021,16000097,16000042,16000003,16000004,16000046,20260404T020130.000Z
15000703,0,16000062,16000093,16000064,16000003,16000103,16000021,20260406T165301.000Z
15000703,0,16000062,16000093,16000064,16000003,16000103,16000021,20260406T165044.000Z
15000082,0,16000047,16000012,16000097,16000083,16000098,16000023,20260406T164605.000Z
15000082,0,16000047,16000012,16000097,16000083,16000098,16000023,20260406T164346.000Z
15000115,0,16000057,16000017,16000005,16000023,16000063,16000011,20260406T163822.000Z
15000115,0,16000057,16000017,16000005,16000023,16000063,16000011,20260406T163615.000Z
15000115,1,16000057,16000017,16000005,16000023,16000063,16000011,20260406T163342.000Z
15000548,0,16000093,16000079,16000099,16000021,16000001,16000061,20260406T162800.000Z
15000548,1,16000093,16000079,16000099,16000021,16000001,16000061,20260406T162522.000Z
15000548,0,16000093,16000079,16000099,16000021,16000001,16000061,20260406T162249.000Z
15000548,0,16000036,16000023,16000003,16000099,16000032,16000061,20260406T161640.000Z
15000548,0,16000036,16000023,16000003,16000099,16000032,16000061,20260406T161428.000Z
15001021,0,16000029,16000048,16000023,16000012,16000001,16000083,20260406T154707.000Z
15001021,0,16000029,16000048,16000023,16000012,16000001,16000083,20260406T154338.000Z
15001021,1,16000029,16000048,16000023,16000012,16000001,16000083,20260406T154019.000Z
15000132,1,16000057,16000017,16000070,16000005,16000059,16000018,20260405T144345.000Z
15000132,0,16000057,16000017,16000070,16000005,16000059,16000018,20260405T144029.000Z
15000132,1,16000057,16000017,16000070,16000005,16000059,16000018,20260405T143814.000Z
15001021,1,16000004,16000097,16000059,16000030,16000014,16000003,20260405T143240.000Z
15001021,1,16000004,16000097,16000059,16000030,16000014,16000003,20260405T143129.000Z
15000072,1,16000079,16000001,16000005,16000014,16000002,16000059,20260405T142713.000Z
15000072,1,16000079,16000001,16000005,16000014,16000002,16000059,20260405T142519.000Z
15000548,1,16000048,16000032,16000099,16000037,16000064,16000065,20260404T162133.000Z
15000548,1,16000048,16000032,16000099,16000037,16000064,16000065,20260404T162003.000Z
15000010,1,16000043,16000010,16000070,16000004,16000011,16000034,20260404T161009.000Z
15000010,1,16000043,16000010,16000070,16000004,16000011,16000034,20260404T160824.000Z
15000083,1,16000099,16000014,16000012,16000047,16000099,16000015,20260404T160320.000Z
15000050,1,16000043,16000000,16000070,16000000,16000083,16000002,20260404T160036.000Z
15000011,1,16000014,16000062,16000023,16000035,16000002,16000011,20260406T073413.000Z
15000011,0,16000014,16000062,16000023,16000035,16000002,16000011,20260406T073225.000Z
15000011,1,16000014,16000062,16000023,16000035,16000002,16000011,20260406T072947.000Z
15000548,1,16000042,16000029,16000003,16000012,16000004,16000023,20260404T063631.000Z
15000548,1,16000042,16000029,16000003,16000012,16000004,16000023,20260404T063537.000Z
15000022,1,16000042,16000011,16000093,16000102,16000023,16000003,20260404T063214.000Z
15000022,1,16000042,16000011,16000093,16000102,16000023,16000003,20260404T063051.000Z
15000053,1,16000097,16000004,16000102,16000020,16000014,16000010,20260404T062715.000Z
15000022,1,16000032,16000021,16000036,16000042,16000003,16000046,20260406T091135.000Z
15000022,1,16000032,16000021,16000036,16000042,16000003,16000046,20260406T090938.000Z
15000082,1,16000086,16000064,16000004,16000099,16000026,16000094,20260406T090538.000Z
15000082,1,16000086,16000064,16000004,16000099,16000026,16000094,20260406T090342.000Z
15000082,0,16000086,16000064,16000004,16000099,16000026,16000094,20260406T090157.000Z
15000306,0,16000092,16000037,16000002,16000014,16000030,16000023,20260406T153010.000Z
15000306,0,16000092,16000037,16000002,16000014,16000030,16000023,20260406T152825.000Z
15000005,0,16000036,16000099,16000064,16000003,16000012,16000023,20260406T152347.000Z
15000005,0,16000036,16000099,16000064,16000003,16000012,16000023,20260406T152152.000Z
15000293,1,16000089,16000085,16000083,16000069,16000012,16000077,20260406T151726.000Z
15000293,1,16000089,16000085,16000083,16000069,16000012,16000077,20260406T151520.000Z
15000293,1,16000083,16000069,16000087,16000009,16000066,16000071,20260406T151102.000Z
15000293,1,16000083,16000069,16000087,16000009,16000066,16000071,20260406T150905.000Z
15000025,1,16000063,16000030,16000004,16000026,16000012,16000020,20260406T150124.000Z
15000025,1,16000063,16000030,16000004,16000026,16000012,16000020,20260406T145948.000Z
15000007,1,16000070,16000099,16000081,16000059,16000026,16000064,20260406T142059.000Z
15000007,1,16000070,16000099,16000081,16000059,16000026,16000064,20260406T141916.000Z
15000007,0,16000070,16000099,16000081,16000059,16000026,16000064,20260406T141652.000Z
15000053,1,16000039,16000073,16000004,16000082,16000012,16000008,20260406T141221.000Z
15000053,1,16000039,16000073,16000004,16000082,16000012,16000008,20260406T141043.000Z
15000143,1,16000063,16000082,16000099,16000043,16000011,16000023,20260406T140453.000Z
15000143,1,16000063,16000082,16000099,16000043,16000011,16000023,20260406T140205.000Z
15000143,0,16000063,16000082,16000099,16000043,16000011,16000023,20260406T135838.000Z
15000300,1,16000030,16000044,16000099,16000023,16000092,16000011,20260406T135322.000Z
15000300,1,16000030,16000044,16000099,16000023,16000092,16000011,20260406T135123.000Z
15000292,1,16000063,16000084,16000091,16000092,16000030,16000023,20260406T134541.000Z
15000292,1,16000063,16000084,16000091,16000092,16000030,16000023,20260406T134306.000Z
15000292,0,16000063,16000084,16000091,16000092,16000030,16000023,20260406T134110.000Z
15000548,1,16000061,16000099,16000003,16000079,16000011,16000023,20260406T133401.000Z
15000548,1,16000061,16000099,16000003,16000079,16000011,16000023,20260406T133053.000Z
15000143,0,16000019,16000044,16000012,16000005,16000102,16000059,20260406T095118.000Z
15000143,1,16000019,16000044,16000012,16000005,16000102,16000059,20260406T094728.000Z
15000143,0,16000019,16000044,16000012,16000005,16000102,16000059,20260406T094412.000Z
15000548,1,16000102,16000046,16000032,16000003,16000012,16000061,20260406T093442.000Z
15000548,1,16000102,16000046,16000032,16000003,16000012,16000061,20260406T093149.000Z
15000022,1,16000014,16000023,16000042,16000012,16000063,16000003,20260406T092621.000Z
15000022,1,16000014,16000023,16000042,16000012,16000063,16000003,20260406T092403.000Z
15000548,1,16000061,16000012,16000046,16000064,16000042,16000001,20260406T091630.000Z
15000548,1,16000061,16000012,16000046,16000064,16000042,16000001,20260406T091511.000Z
15000293,0,16000011,16000084,16000005,16000067,16000026,16000070,20260406T110106.000Z
15000293,0,16000011,16000084,16000005,16000067,16000026,16000070,20260406T105925.000Z
15000300,1,16000014,16000099,16000023,16000081,16000012,16000059,20260406T115810.000Z
15000300,1,16000014,16000099,16000023,16000081,16000012,16000059,20260406T115545.000Z
15000368,1,16000005,16000061,16000023,16000079,16000003,16000044,20260406T102832.000Z
15000368,1,16000005,16000061,16000023,16000079,16000003,16000044,20260406T102719.000Z
15000050,1,16000043,16000023,16000002,16000007,16000063,16000089,20260406T102213.000Z
15000050,1,16000043,16000023,16000002,16000007,16000063,16000089,20260406T102033.000Z
15000440,1,16000071,16000064,16000102,16000087,16000042,16000100,20260406T044838.000Z
15000440,1,16000071,16000064,16000102,16000087,16000042,16000100,20260406T044637.000Z
15000019,1,16000099,16000012,16000078,16000081,16000014,16000002,20260406T153621.000Z
15000011,1,16000063,16000099,16000014,16000011,16000012,16000002,20260406T153217.000Z
15000011,1,16000063,16000099,16000014,16000011,16000012,16000002,20260406T153005.000Z
15000118,1,16000103,16000012,16000020,16000083,16000059,16000014,20260406T152453.000Z
15000118,1,16000103,16000012,16000020,16000083,16000059,16000014,20260406T152140.000Z
15000293,0,16000069,16000012,16000077,16000089,16000085,16000083,20260406T151726.000Z
15000293,0,16000069,16000012,16000077,16000089,16000085,16000083,20260406T151520.000Z
15000306,1,16000026,16000103,16000030,16000050,16000005,16000102,20260406T151035.000Z
15000306,1,16000026,16000103,16000030,16000050,16000005,16000102,20260406T150824.000Z
15000306,1,16000103,16000012,16000047,16000038,16000020,16000082,20260406T150230.000Z
15000306,1,16000103,16000012,16000047,16000038,16000020,16000082,20260406T150037.000Z
15000368,0,16000103,16000047,16000042,16000005,16000023,16000043,20260406T145619.000Z
15000368,0,16000103,16000047,16000042,16000005,16000023,16000043,20260406T145451.000Z
15000368,1,16000103,16000047,16000042,16000005,16000023,16000043,20260406T145327.000Z
15001021,1,16000012,16000000,16000030,16000101,16000069,16000099,20260406T144828.000Z
15001021,0,16000012,16000000,16000030,16000101,16000069,16000099,20260406T144620.000Z
15001021,1,16000012,16000000,16000030,16000101,16000069,16000099,20260406T144519.000Z
15000083,1,16000103,16000015,16000081,16000042,16000065,16000061,20260406T144105.000Z
15000083,1,16000103,16000015,16000081,16000042,16000065,16000061,20260406T143847.000Z
15000053,1,16000001,16000103,16000082,16000081,16000012,16000019,20260406T143049.000Z
15000053,1,16000001,16000103,16000082,16000081,16000012,16000019,20260406T142933.000Z
15000292,0,16000083,16000011,16000023,16000014,16000103,16000017,20260406T221233.000Z
15000440,0,16000025,16000005,16000003,16000072,16000089,16000031,20260406T220808.000Z
15000440,0,16000025,16000005,16000003,16000072,16000089,16000031,20260406T220441.000Z
15000440,1,16000025,16000005,16000003,16000072,16000089,16000031,20260406T220107.000Z
15000010,0,16000005,16000099,16000063,16000081,16000044,16000012,20260406T215318.000Z
15000010,0,16000005,16000099,16000063,16000081,16000044,16000012,20260406T215119.000Z
15000072,0,16000078,16000018,16000036,16000042,16000103,16000014,20260406T214704.000Z
15000072,0,16000078,16000018,16000036,16000042,16000103,16000014,20260406T214456.000Z
15000019,0,16000036,16000075,16000103,16000014,16000002,16000025,20260406T214059.000Z
15000019,0,16000036,16000075,16000103,16000014,16000002,16000025,20260406T213902.000Z
15000300,1,16000011,16000014,16000013,16000103,16000063,16000019,20260406T184439.000Z
15000300,1,16000011,16000014,16000013,16000103,16000063,16000019,20260406T184259.000Z
15000440,1,16000012,16000042,16000011,16000021,16000047,16000005,20260406T173612.000Z
15000440,0,16000012,16000042,16000011,16000021,16000047,16000005,20260406T173210.000Z
15000440,1,16000012,16000042,16000011,16000021,16000047,16000005,20260406T173025.000Z
15000300,0,16000022,16000059,16000099,16000074,16000014,16000063,20260406T172445.000Z
15000300,0,16000022,16000059,16000099,16000074,16000014,16000063,20260406T172312.000Z
15000440,0,16000011,16000099,16000003,16000098,16000023,16000015,20260406T171909.000Z
15000440,0,16000011,16000099,16000003,16000098,16000023,16000015,20260406T171726.000Z
15000053,1,16000073,16000063,16000059,16000040,16000001,16000082,20260406T171124.000Z
15000053,1,16000073,16000063,16000059,16000040,16000001,16000082,20260406T170931.000Z
15000053,0,16000073,16000063,16000059,16000040,16000001,16000082,20260406T170657.000Z
15000548,1,16000044,16000079,16000021,16000074,16000012,16000023,20260406T170143.000Z
15000548,1,16000044,16000079,16000021,16000074,16000012,16000023,20260406T165920.000Z
15000548,1,16000099,16000044,16000081,16000005,16000023,16000046,20260406T165457.000Z
15000548,1,16000099,16000044,16000081,16000005,16000023,16000046,20260406T165322.000Z
15000019,1,16000012,16000073,16000019,16000079,16000070,16000066,20260406T164817.000Z
15000019,1,16000012,16000073,16000019,16000079,16000070,16000066,20260406T164621.000Z
15000306,0,16000063,16000089,16000012,16000023,16000006,16000102,20260406T164242.000Z
15000306,0,16000063,16000089,16000012,16000023,16000006,16000102,20260406T164108.000Z
15000019,0,16000046,16000019,16000073,16000083,16000075,16000001,20260406T163554.000Z
15000019,0,16000046,16000019,16000073,16000083,16000075,16000001,20260406T163351.000Z
15000019,1,16000046,16000019,16000073,16000083,16000075,16000001,20260406T163158.000Z
15000300,1,16000029,16000023,16000083,16000063,16000081,16000014,20260406T160406.000Z
15000300,1,16000029,16000023,16000083,16000063,16000081,16000014,20260406T160240.000Z
15000011,1,16000030,16000028,16000063,16000095,16000023,16000005,20260406T155847.000Z
15000011,1,16000030,16000028,16000063,16000095,16000023,16000005,20260406T155657.000Z
15000143,1,16000012,16000059,16000102,16000063,16000072,16000011,20260406T181544.000Z
15000143,1,16000012,16000059,16000102,16000063,16000072,16000011,20260406T181404.000Z
15000143,0,16000012,16000059,16000102,16000063,16000072,16000011,20260406T181116.000Z
15000703,0,16000046,16000036,16000065,16000021,16000075,16000064,20260406T180715.000Z
15000703,0,16000046,16000036,16000065,16000021,16000075,16000064,20260406T180521.000Z
15000018,0,16000094,16000012,16000005,16000079,16000081,16000056,20260406T180012.000Z
15000018,0,16000094,16000012,16000005,16000079,16000081,16000056,20260406T175722.000Z
15000306,0,16000011,16000063,16000099,16000102,16000050,16000012,20260406T175236.000Z
15000306,0,16000011,16000063,16000099,16000102,16000050,16000012,20260406T175051.000Z
15000083,1,16000065,16000046,16000011,16000003,16000066,16000074,20260406T174557.000Z
15000083,1,16000065,16000046,16000011,16000003,16000066,16000074,20260406T174338.000Z
15000019,1,16000025,16000066,16000019,16000075,16000099,16000102,20260406T173810.000Z
15000019,1,16000025,16000066,16000019,16000075,16000099,16000102,20260406T173525.000Z
15000019,0,16000025,16000066,16000019,16000075,16000099,16000102,20260406T173241.000Z
15001021,0,16000001,16000084,16000029,16000012,16000099,16000045,20260406T172659.000Z
15001021,0,16000001,16000084,16000029,16000012,16000099,16000045,20260406T172602.000Z
15000115,1,16000028,16000011,16000012,16000095,16000026,16000017,20260406T172017.000Z
15000115,1,16000028,16000011,16000012,16000095,16000026,16000017,20260406T171831.000Z
15000007,1,16000014,16000083,16000086,16000063,16000095,16000004,20260406T221338.000Z
15000007,0,16000014,16000083,16000086,16000063,16000095,16000004,20260406T221147.000Z
15000019,1,16000019,16000036,16000025,16000099,16000079,16000075,20260406T220721.000Z
15000019,1,16000019,16000036,16000025,16000099,16000079,16000075,20260406T220433.000Z
15000548,0,16000015,16000047,16000023,16000003,16000065,16000072,20260406T220042.000Z
15000548,0,16000015,16000047,16000023,16000003,16000065,16000072,20260406T215735.000Z
15000118,1,16000099,16000026,16000083,16000057,16000023,16000045,20260406T215221.000Z
15000118,1,16000099,16000026,16000083,16000057,16000023,16000045,20260406T215102.000Z
15000011,1,16000099,16000002,16000004,16000063,16000058,16000050,20260406T214728.000Z
15000011,1,16000099,16000002,16000004,16000063,16000058,16000050,20260406T214541.000Z
15001021,0,16000063,16000002,16000072,16000014,16000097,16000005,20260406T214027.000Z
15001021,1,16000063,16000002,16000072,16000014,16000097,16000005,20260406T213828.000Z
15001021,0,16000063,16000002,16000072,16000014,16000097,16000005,20260406T213550.000Z
15000083,1,16000021,16000025,16000046,16000064,16000042,16000094,20260406T213017.000Z
15000083,1,16000021,16000025,16000046,16000064,16000042,16000094,20260406T212758.000Z
15000010,0,16000012,16000004,16000005,16000023,16000102,16000014,20260406T212246.000Z
15000010,0,16000012,16000004,16000005,16000023,16000102,16000014,20260406T212058.000Z
15000025,0,16000086,16000012,16000002,16000063,16000089,16000026,20260406T211635.000Z
15000025,0,16000086,16000012,16000002,16000063,16000089,16000026,20260406T211449.000Z
15000007,1,16000086,16000099,16000044,16000004,16000014,16000102,20260406T210959.000Z
15000007,1,16000086,16000099,16000044,16000004,16000014,16000102,20260406T210803.000Z
15000293,1,16000023,16000002,16000071,16000010,16000009,16000012,20260406T210349.000Z
15000293,1,16000023,16000002,16000071,16000010,16000009,16000012,20260406T210153.000Z
15000293,1,16000044,16000085,16000063,16000086,16000089,16000077,20260406T193027.000Z
15000293,1,16000044,16000085,16000063,16000086,16000089,16000077,20260406T192811.000Z
15000293,0,16000044,16000085,16000063,16000086,16000089,16000077,20260406T192513.000Z
15000548,1,16000099,16000079,16000047,16000021,16000040,16000012,20260406T191939.000Z
15000548,1,16000099,16000079,16000047,16000021,16000040,16000012,20260406T191646.000Z
15000025,0,16000063,16000011,16000084,16000102,16000044,16000089,20260406T191130.000Z
15000025,0,16000063,16000011,16000084,16000102,16000044,16000089,20260406T190848.000Z
15000025,1,16000063,16000011,16000084,16000102,16000044,16000089,20260406T190652.000Z
15000300,0,16000017,16000098,16000092,16000023,16000019,16000012,20260406T190030.000Z
15000300,1,16000017,16000098,16000092,16000023,16000019,16000012,20260406T185810.000Z
15000300,0,16000017,16000098,16000092,16000023,16000019,16000012,20260406T185542.000Z
15000019,0,16000012,16000094,16000040,16000025,16000103,16000019,20260406T185002.000Z
15000019,0,16000012,16000094,16000040,16000025,16000103,16000019,20260406T184754.000Z
15000440,0,16000062,16000015,16000021,16000011,16000005,16000003,20260406T181437.000Z
15000440,1,16000062,16000015,16000021,16000011,16000005,16000003,20260406T181135.000Z
15000440,0,16000062,16000015,16000021,16000011,16000005,16000003,20260406T180803.000Z
15000548,1,16000063,16000079,16000042,16000011,16000047,16000099,20260406T174800.000Z
15000548,1,16000063,16000079,16000042,16000011,16000047,16000099,20260406T174451.000Z
15000083,1,16000079,16000085,16000005,16000061,16000011,16000021,20260406T173647.000Z
15000083,0,16000079,16000085,16000005,16000061,16000011,16000021,20260406T173428.000Z
15000083,1,16000079,16000085,16000005,16000061,16000011,16000021,20260406T173211.000Z
15000053,0,16000103,16000094,16000063,16000059,16000002,16000082,20260406T171109.000Z
15000053,0,16000103,16000094,16000063,16000059,16000002,16000082,20260406T171008.000Z
15000050,1,16000023,16000085,16000059,16000099,16000004,16000044,20260406T115310.000Z
15000050,1,16000023,16000085,16000059,16000099,16000004,16000044,20260406T115209.000Z
15000007,0,16000074,16000023,16000099,16000083,16000004,16000070,20260406T195629.000Z
15000007,0,16000074,16000023,16000099,16000083,16000004,16000070,20260406T195431.000Z
15000082,0,16000021,16000044,16000089,16000012,16000023,16000037,20260406T194801.000Z
15000082,0,16000021,16000044,16000089,16000012,16000023,16000037,20260406T194542.000Z
15000082,0,16000096,16000021,16000061,16000023,16000069,16000089,20260406T194052.000Z
15000082,0,16000096,16000021,16000061,16000023,16000069,16000089,20260406T193915.000Z
15000011,1,16000102,16000012,16000005,16000063,16000099,16000095,20260406T193425.000Z
15000011,0,16000102,16000012,16000005,16000063,16000099,16000095,20260406T193227.000Z
15000011,1,16000102,16000012,16000005,16000063,16000099,16000095,20260406T193028.000Z
15000018,0,16000074,16000078,16000081,16000001,16000063,16000073,20260406T192528.000Z
15000018,1,16000074,16000078,16000081,16000001,16000063,16000073,20260406T192318.000Z
15000018,0,16000074,16000078,16000081,16000001,16000063,16000073,20260406T192153.000Z
15000082,1,16000099,16000098,16000005,16000070,16000023,16000021,20260406T191741.000Z
15000082,1,16000099,16000098,16000005,16000070,16000023,16000021,20260406T191525.000Z
15000053,1,16000001,16000063,16000002,16000025,16000029,16000026,20260406T191123.000Z
15000053,1,16000001,16000063,16000002,16000025,16000029,16000026,20260406T190908.000Z
15000010,0,16000063,16000002,16000012,16000059,16000061,16000023,20260406T190337.000Z
15000010,0,16000063,16000002,16000012,16000059,16000061,16000023,20260406T190109.000Z
15000083,1,16000012,16000005,16000015,16000021,16000065,16000001,20260406T185532.000Z
15000083,1,16000012,16000005,16000015,16000021,16000065,16000001,20260406T185314.000Z
15000083,0,16000012,16000005,16000015,16000021,16000065,16000001,20260406T185100.000Z
15000022,0,16000074,16000021,16000005,16000042,16000023,16000046,20260406T184534.000Z
15000022,0,16000074,16000021,16000005,16000042,16000023,16000046,20260406T184315.000Z
15000022,1,16000074,16000021,16000005,16000042,16000023,16000046,20260406T184107.000Z
15000143,0,16000103,16000025,16000006,16000102,16000026,16000012,20260406T194526.000Z
15000143,0,16000103,16000025,16000006,16000102,16000026,16000012,20260406T194351.000Z
15000368,1,16000037,16000070,16000003,16000011,16000103,16000047,20260406T145224.000Z
15000368,1,16000037,16000070,16000003,16000011,16000103,16000047,20260406T145018.000Z
15000368,0,16000037,16000070,16000003,16000011,16000103,16000047,20260406T144826.000Z
15000019,0,16000002,16000001,16000032,16000012,16000065,16000075,20260406T135250.000Z
15000019,0,16000002,16000001,16000032,16000012,16000065,16000075,20260406T135030.000Z
15000019,1,16000002,16000001,16000032,16000012,16000065,16000075,20260406T134819.000Z
15000072,1,16000018,16000056,16000099,16000046,16000001,16000094,20260406T203559.000Z
15000072,1,16000018,16000056,16000099,16000046,16000001,16000094,20260406T203311.000Z
15001021,1,16000042,16000012,16000050,16000005,16000063,16000083,20260406T202021.000Z
15001021,0,16000042,16000012,16000050,16000005,16000063,16000083,20260406T201834.000Z
15001021,1,16000042,16000012,16000050,16000005,16000063,16000083,20260406T201446.000Z
15000306,0,16000063,16000100,16000102,16000040,16000011,16000023,20260406T200814.000Z
15000306,0,16000063,16000100,16000102,16000040,16000011,16000023,20260406T200627.000Z
15000306,1,16000063,16000100,16000102,16000040,16000011,16000023,20260406T200444.000Z
15000019,1,16000025,16000019,16000073,16000012,16000041,16000078,20260406T200029.000Z
15000019,1,16000025,16000019,16000073,16000012,16000041,16000078,20260406T195838.000Z
15000306,1,16000003,16000025,16000102,16000002,16000087,16000014,20260406T195339.000Z
15000306,1,16000003,16000025,16000102,16000002,16000087,16000014,20260406T195124.000Z
15000082,0,16000099,16000057,16000044,16000089,16000063,16000098,20260406T194701.000Z
15000082,0,16000099,16000057,16000044,16000089,16000063,16000098,20260406T194507.000Z
15001021,1,16000005,16000023,16000001,16000026,16000099,16000102,20260330T153824.000Z
15001021,1,16000005,16000023,16000001,16000026,16000099,16000102,20260330T153640.000Z
15001021,0,16000005,16000023,16000001,16000026,16000099,16000102,20260330T153458.000Z
15000132,0,16000030,16000102,16000057,16000012,16000001,16000005,20260330T151610.000Z
15000132,0,16000030,16000102,16000057,16000012,16000001,16000005,20260330T151320.000Z
15000118,0,16000102,16000086,16000077,16000096,16000030,16000004,20260330T150429.000Z
15000118,0,16000102,16000086,16000077,16000096,16000030,16000004,20260330T150251.000Z
15000005,1,16000065,16000023,16000001,16000048,16000015,16000025,20260330T145546.000Z
15000005,1,16000065,16000023,16000001,16000048,16000015,16000025,20260330T145424.000Z
15000132,1,16000030,16000035,16000070,16000000,16000102,16000001,20260330T142853.000Z
15000132,1,16000030,16000035,16000070,16000000,16000102,16000001,20260330T142723.000Z
15000143,1,16000005,16000009,16000014,16000098,16000071,16000012,20260330T142012.000Z
15000143,1,16000005,16000009,16000014,16000098,16000071,16000012,20260330T141724.000Z
15000053,1,16000026,16000003,16000019,16000001,16000020,16000025,20260406T172121.000Z
15000053,0,16000026,16000003,16000019,16000001,16000020,16000025,20260406T171849.000Z
15000053,1,16000026,16000003,16000019,16000001,16000020,16000025,20260406T171707.000Z
15000703,0,16000023,16000044,16000042,16000062,16000037,16000065,20260406T171043.000Z
15000703,0,16000023,16000044,16000042,16000062,16000037,16000065,20260406T170755.000Z
15000005,1,16000036,16000005,16000079,16000061,16000099,16000021,20260406T170046.000Z
15000005,1,16000036,16000005,16000079,16000061,16000099,16000021,20260406T165827.000Z
15000083,0,16000011,16000012,16000005,16000089,16000064,16000023,20260406T151019.000Z
15000083,1,16000011,16000012,16000005,16000089,16000064,16000023,20260406T150802.000Z
15000083,0,16000011,16000012,16000005,16000089,16000064,16000023,20260406T150544.000Z
15000025,1,16000012,16000026,16000067,16000009,16000005,16000063,20260406T150038.000Z
15000025,1,16000012,16000026,16000067,16000009,16000005,16000063,20260406T145909.000Z
15000083,0,16000005,16000057,16000071,16000074,16000065,16000042,20260406T144853.000Z
15000083,1,16000005,16000057,16000071,16000074,16000065,16000042,20260406T144635.000Z
15000083,1,16000059,16000061,16000103,16000102,16000011,16000079,20260406T142837.000Z
15000083,1,16000059,16000061,16000103,16000102,16000011,16000079,20260406T142621.000Z
15000025,1,16000012,16000102,16000083,16000026,16000011,16000009,20260406T220634.000Z
15000025,1,16000012,16000102,16000083,16000026,16000011,16000009,20260406T220448.000Z
15000019,1,16000079,16000012,16000075,16000056,16000001,16000002,20260406T220002.000Z
15000019,0,16000079,16000012,16000075,16000056,16000001,16000002,20260406T215623.000Z
15000292,1,16000023,16000083,16000005,16000070,16000026,16000014,20260406T215227.000Z
15000292,1,16000023,16000083,16000005,16000070,16000026,16000014,20260406T215043.000Z
15000007,0,16000095,16000057,16000044,16000004,16000005,16000002,20260406T214557.000Z
15000007,0,16000095,16000057,16000044,16000004,16000005,16000002,20260406T214411.000Z
15000118,1,16000023,16000002,16000070,16000001,16000074,16000103,20260406T213840.000Z
15000118,1,16000023,16000002,16000070,16000001,16000074,16000103,20260406T213650.000Z
15000082,0,16000095,16000099,16000083,16000025,16000012,16000002,20260406T211021.000Z
15000082,0,16000095,16000099,16000083,16000025,16000012,16000002,20260406T210802.000Z
15000548,0,16000065,16000021,16000015,16000003,16000036,16000079,20260406T210328.000Z
15000548,0,16000065,16000021,16000015,16000003,16000036,16000079,20260406T210204.000Z
15000082,1,16000061,16000095,16000012,16000023,16000002,16000005,20260406T205233.000Z
15000082,1,16000061,16000095,16000012,16000023,16000002,16000005,20260406T205014.000Z
15000132,0,16000103,16000001,16000014,16000063,16000044,16000012,20260406T204509.000Z
15000132,0,16000103,16000001,16000014,16000063,16000044,16000012,20260406T204354.000Z
15000018,1,16000040,16000001,16000095,16000003,16000056,16000042,20260406T203621.000Z
15000018,1,16000040,16000001,16000095,16000003,16000056,16000042,20260406T203334.000Z
15000300,0,16000102,16000005,16000042,16000011,16000083,16000012,20260404T203526.000Z
15000300,0,16000102,16000005,16000042,16000011,16000083,16000012,20260404T203319.000Z
15000300,1,16000102,16000005,16000042,16000011,16000083,16000012,20260404T203058.000Z
15000292,1,16000044,16000030,16000097,16000005,16000070,16000029,20260406T213158.000Z
15000118,0,16000083,16000098,16000014,16000089,16000005,16000023,20260406T212614.000Z
15000118,0,16000083,16000098,16000014,16000089,16000005,16000023,20260406T212313.000Z
15000118,1,16000083,16000098,16000014,16000089,16000005,16000023,20260406T212155.000Z
15000019,1,16000042,16000099,16000094,16000070,16000079,16000001,20260406T211553.000Z
15000019,1,16000042,16000099,16000094,16000070,16000079,16000001,20260406T211347.000Z
15000050,0,16000030,16000026,16000044,16000095,16000059,16000023,20260406T210913.000Z
15000050,0,16000030,16000026,16000044,16000095,16000059,16000023,20260406T210638.000Z
15000115,1,16000023,16000030,16000028,16000026,16000002,16000053,20260406T210126.000Z
15000115,0,16000023,16000030,16000028,16000026,16000002,16000053,20260406T205922.000Z
15000115,1,16000023,16000030,16000028,16000026,16000002,16000053,20260406T205533.000Z
15000018,0,16000091,16000002,16000081,16000059,16000008,16000001,20260406T205126.000Z
15000018,0,16000091,16000002,16000081,16000059,16000008,16000001,20260406T204920.000Z
15000293,1,16000102,16000047,16000005,16000085,16000030,16000035,20260406T205423.000Z
15000293,1,16000102,16000047,16000005,16000085,16000030,16000035,20260406T205201.000Z
15000050,0,16000011,16000070,16000025,16000038,16000102,16000001,20260406T204810.000Z
15000050,0,16000011,16000070,16000025,16000038,16000102,16000001,20260406T204511.000Z
15000143,1,16000008,16000083,16000011,16000026,16000102,16000077,20260406T204144.000Z
15000143,0,16000008,16000083,16000011,16000026,16000102,16000077,20260406T203856.000Z
15000143,1,16000008,16000083,16000011,16000026,16000102,16000077,20260406T203735.000Z
15000440,1,16000081,16000023,16000009,16000029,16000085,16000022,20260406T203425.000Z
15000440,1,16000081,16000023,16000009,16000029,16000085,16000022,20260406T203141.000Z
15000440,0,16000081,16000023,16000009,16000029,16000085,16000022,20260406T202914.000Z
15000440,0,16000011,16000065,16000003,16000023,16000061,16000000,20260406T211633.000Z
15000440,0,16000011,16000065,16000003,16000023,16000061,16000000,20260406T211404.000Z
15000292,0,16000089,16000092,16000064,16000006,16000099,16000023,20260406T210828.000Z
15000292,0,16000089,16000092,16000064,16000006,16000099,16000023,20260406T210637.000Z
15000072,1,16000056,16000103,16000081,16000036,16000029,16000001,20260406T210128.000Z
15000072,0,16000056,16000103,16000081,16000036,16000029,16000001,20260406T205618.000Z
15000011,0,16000099,16000005,16000004,16000025,16000014,16000097,20260406T204929.000Z
15000011,1,16000099,16000005,16000004,16000025,16000014,16000097,20260406T204603.000Z
15000011,0,16000099,16000005,16000004,16000025,16000014,16000097,20260406T204313.000Z
15000368,1,16000005,16000064,16000061,16000003,16000099,16000021,20260406T203819.000Z
15000368,0,16000005,16000064,16000061,16000003,16000099,16000021,20260406T203453.000Z
15000368,1,16000005,16000064,16000061,16000003,16000099,16000021,20260406T203243.000Z
15000293,1,16000083,16000038,16000102,16000099,16000012,16000095,20260406T202913.000Z
15000293,1,16000083,16000038,16000102,16000099,16000012,16000095,20260406T202652.000Z
15000703,1,16000005,16000070,16000042,16000018,16000076,16000061,20260406T202259.000Z
15000703,1,16000005,16000070,16000042,16000018,16000076,16000061,20260406T202056.000Z
15000118,1,16000081,16000063,16000042,16000012,16000102,16000030,20260406T201612.000Z
15000118,1,16000081,16000063,16000042,16000012,16000102,16000030,20260406T201324.000Z
15000083,1,16000025,16000023,16000098,16000012,16000079,16000089,20260406T200734.000Z
15000083,1,16000025,16000023,16000098,16000012,16000079,16000089,20260406T200515.000Z
15000083,0,16000025,16000023,16000098,16000012,16000079,16000089,20260406T200307.000Z
15000300,1,16000092,16000013,16000014,16000002,16000023,16000001,20260406T195824.000Z
15000300,1,16000092,16000013,16000014,16000002,16000023,16000001,20260406T195654.000Z
15000005,1,16000061,16000035,16000025,16000042,16000009,16000029,20260328T224558.000Z
15000143,1,16000020,16000030,16000025,16000071,16000038,16000006,20260328T224341.000Z
15000703,1,16000079,16000012,16000015,16000061,16000064,16000093,20260406T195913.000Z
15000703,1,16000079,16000012,16000015,16000061,16000064,16000093,20260406T195741.000Z
15000083,1,16000003,16000094,16000023,16000090,16000098,16000014,20260406T195101.000Z
15000083,1,16000003,16000094,16000023,16000090,16000098,16000014,20260406T194846.000Z
15000025,1,16000002,16000012,16000005,16000077,16000070,16000075,20260406T194344.000Z
15000025,0,16000002,16000012,16000005,16000077,16000070,16000075,20260406T194051.000Z
15000025,1,16000002,16000012,16000005,16000077,16000070,16000075,20260406T193840.000Z
15001021,0,16000012,16000059,16000099,16000077,16000044,16000089,20260406T192711.000Z
15001021,0,16000012,16000059,16000099,16000077,16000044,16000089,20260406T192422.000Z
15001021,1,16000012,16000059,16000099,16000077,16000044,16000089,20260406T192133.000Z
15000019,1,16000094,16000040,16000003,16000079,16000001,16000012,20260406T191600.000Z
15000019,1,16000094,16000040,16000003,16000079,16000001,16000012,20260406T191425.000Z
15000300,0,16000061,16000040,16000011,16000103,16000016,16000086,20260406T185938.000Z
15000300,0,16000061,16000040,16000011,16000103,16000016,16000086,20260406T185737.000Z
15000293,1,16000085,16000070,16000103,16000025,16000038,16000023,20260406T185321.000Z
15000293,1,16000085,16000070,16000103,16000025,16000038,16000023,20260406T185200.000Z
15000025,0,16000103,16000005,16000070,16000038,16000069,16000011,20260406T184812.000Z
15000025,0,16000103,16000005,16000070,16000038,16000069,16000011,20260406T184524.000Z
15000010,0,16000002,16000023,16000017,16000095,16000005,16000085,20260406T184059.000Z
15000010,0,16000002,16000023,16000017,16000095,16000005,16000085,20260406T183817.000Z
15000368,0,16000018,16000023,16000076,16000021,16000066,16000064,20260405T212051.000Z
15000368,0,16000018,16000023,16000076,16000021,16000066,16000064,20260405T211835.000Z
15000440,1,16000065,16000103,16000061,16000097,16000021,16000002,20260405T211339.000Z
15000440,1,16000065,16000103,16000061,16000097,16000021,16000002,20260405T211126.000Z
15000440,0,16000065,16000103,16000061,16000097,16000021,16000002,20260405T210935.000Z
15000143,1,16000005,16000083,16000002,16000030,16000050,16000023,20260406T210329.000Z
15000143,0,16000005,16000083,16000002,16000030,16000050,16000023,20260406T210003.000Z
15000143,1,16000005,16000083,16000002,16000030,16000050,16000023,20260406T205727.000Z
15000132,1,16000050,16000083,16000005,16000002,16000044,16000074,20260406T205209.000Z
15000132,1,16000050,16000083,16000005,16000002,16000044,16000074,20260406T205037.000Z
15000083,1,16000023,16000097,16000089,16000012,16000098,16000025,20260406T204433.000Z
15000083,1,16000023,16000097,16000089,16000012,16000098,16000025,20260406T204215.000Z
15000053,1,16000026,16000004,16000094,16000065,16000012,16000086,20260406T203755.000Z
15000053,1,16000026,16000004,16000094,16000065,16000012,16000086,20260406T203609.000Z
15000050,1,16000083,16000044,16000026,16000070,16000038,16000045,20260406T203104.000Z
15000050,0,16000083,16000044,16000026,16000070,16000038,16000045,20260406T202926.000Z
15000050,1,16000083,16000044,16000026,16000070,16000038,16000045,20260406T202820.000Z
15000132,1,16000083,16000001,16000002,16000008,16000063,16000102,20260406T202014.000Z
15000132,1,16000083,16000001,16000002,16000008,16000063,16000102,20260406T201803.000Z
15000132,1,16000012,16000083,16000014,16000044,16000005,16000059,20260406T201338.000Z
15000132,1,16000012,16000083,16000014,16000044,16000005,16000059,20260406T201144.000Z
15000300,1,16000083,16000068,16000092,16000012,16000026,16000042,20260406T200622.000Z
15000300,1,16000083,16000068,16000092,16000012,16000026,16000042,20260406T200358.000Z
15000022,0,16000065,16000061,16000042,16000012,16000001,16000015,20260406T195955.000Z
15000022,0,16000065,16000061,16000042,16000012,16000001,16000015,20260406T195736.000Z
15000050,0,16000063,16000017,16000012,16000008,16000001,16000083,20260406T195222.000Z
15000050,0,16000063,16000017,16000012,16000008,16000001,16000083,20260406T195124.000Z
15000118,1,16000026,16000092,16000103,16000076,16000049,16000014,20260405T220257.000Z
15000118,1,16000026,16000092,16000103,16000076,16000049,16000014,20260405T220010.000Z
15000306,0,16000063,16000044,16000011,16000089,16000102,16000099,20260405T215156.000Z
15000306,0,16000063,16000044,16000011,16000089,16000102,16000099,20260405T215020.000Z
15000306,1,16000063,16000044,16000011,16000089,16000102,16000099,20260405T214843.000Z
15000025,0,16000098,16000002,16000012,16000004,16000011,16000089,20260406T204336.000Z
15000025,1,16000098,16000002,16000012,16000004,16000011,16000089,20260406T204147.000Z
15000025,0,16000098,16000002,16000012,16000004,16000011,16000089,20260406T204050.000Z
15000083,0,16000065,16000023,16000015,16000099,16000011,16000089,20260406T203528.000Z
15000083,0,16000065,16000023,16000015,16000099,16000011,16000089,20260406T203309.000Z
15000010,0,16000095,16000044,16000002,16000068,16000004,16000005,20260406T202810.000Z
15000010,1,16000095,16000044,16000002,16000068,16000004,16000005,20260406T202607.000Z
15000010,0,16000095,16000044,16000002,16000068,16000004,16000005,20260406T202354.000Z
15000300,0,16000054,16000029,16000064,16000023,16000095,16000099,20260406T201953.000Z
15000300,0,16000054,16000029,16000064,16000023,16000095,16000099,20260406T201804.000Z
15000300,1,16000054,16000029,16000064,16000023,16000095,16000099,20260406T201601.000Z
15000300,1,16000082,16000029,16000020,16000063,16000011,16000005,20260406T201055.000Z
15000300,1,16000082,16000029,16000020,16000063,16000011,16000005,20260406T200915.000Z
15000050,0,16000026,16000044,16000014,16000023,16000030,16000011,20260406T200417.000Z
15000050,0,16000026,16000044,16000014,16000023,16000030,16000011,20260406T200305.000Z
15001021,1,16000026,16000002,16000044,16000103,16000025,16000005,20260406T195916.000Z
15001021,1,16000026,16000002,16000044,16000103,16000025,16000005,20260406T195821.000Z
15000053,1,16000004,16000078,16000002,16000009,16000102,16000038,20260406T195413.000Z
15000053,1,16000004,16000078,16000002,16000009,16000102,16000038,20260406T195246.000Z
15000010,1,16000023,16000019,16000002,16000103,16000025,16000099,20260406T194749.000Z
15000010,1,16000023,16000019,16000002,16000103,16000025,16000099,20260406T194524.000Z
15000010,0,16000023,16000019,16000002,16000103,16000025,16000099,20260406T194336.000Z
15000011,1,16000012,16000002,16000019,16000026,16000023,16000095,20260406T193948.000Z
15000011,1,16000012,16000002,16000019,16000026,16000023,16000095,20260406T193752.000Z
15000083,1,16000103,16000023,16000099,16000015,16000009,16000003,20260406T121123.000Z
15000083,1,16000103,16000023,16000099,16000015,16000009,16000003,20260406T121006.000Z
15000293,1,16000071,16000098,16000103,16000034,16000066,16000077,20260406T120624.000Z
15000293,1,16000071,16000098,16000103,16000034,16000066,16000077,20260406T120432.000Z
15000300,1,16000014,16000018,16000103,16000013,16000054,16000005,20260406T113632.000Z
15000300,1,16000014,16000018,16000103,16000013,16000054,16000005,20260406T113348.000Z
15000018,0,16000019,16000075,16000012,16000059,16000078,16000039,20260406T220005.000Z
15000018,1,16000019,16000075,16000012,16000059,16000078,16000039,20260406T215746.000Z
15000018,0,16000019,16000075,16000012,16000059,16000078,16000039,20260406T215527.000Z
15000118,1,16000012,16000077,16000002,16000030,16000014,16000038,20260406T155952.000Z
15000118,1,16000012,16000077,16000002,16000030,16000014,16000038,20260406T155714.000Z
15000010,1,16000011,16000012,16000066,16000017,16000095,16000019,20260406T155233.000Z
15000010,1,16000011,16000012,16000066,16000017,16000095,16000019,20260406T155051.000Z
15000025,0,16000023,16000070,16000103,16000004,16000011,16000077,20260406T045730.000Z
15000025,0,16000023,16000070,16000103,16000004,16000011,16000077,20260406T045637.000Z
15000703,0,16000021,16000011,16000098,16000103,16000037,16000003,20260406T045106.000Z
15000703,0,16000021,16000011,16000098,16000103,16000037,16000003,20260406T044914.000Z
15000440,1,16000081,16000061,16000023,16000019,16000067,16000012,20260406T044451.000Z
15000440,1,16000081,16000061,16000023,16000019,16000067,16000012,20260406T044058.000Z
15000072,1,16000083,16000059,16000005,16000079,16000026,16000015,20260406T043605.000Z
15000072,1,16000083,16000059,16000005,16000079,16000026,16000015,20260406T043408.000Z
15000083,1,16000099,16000002,16000005,16000042,16000023,16000061,20260406T042934.000Z
15000083,1,16000099,16000002,16000005,16000042,16000023,16000061,20260406T042719.000Z
15000022,1,16000042,16000099,16000023,16000071,16000036,16000057,20260406T162729.000Z
15000022,1,16000042,16000099,16000023,16000071,16000036,16000057,20260406T162510.000Z
15000025,0,16000069,16000103,16000070,16000009,16000045,16000004,20260406T162018.000Z
15000025,0,16000069,16000103,16000070,16000009,16000045,16000004,20260406T161756.000Z
15000025,1,16000069,16000103,16000070,16000009,16000045,16000004,20260406T161508.000Z
15000143,0,16000097,16000004,16000102,16000011,16000023,16000099,20260406T160923.000Z
15000143,0,16000097,16000004,16000102,16000011,16000023,16000099,20260406T160717.000Z
15000306,1,16000026,16000012,16000070,16000019,16000092,16000008,20260406T160209.000Z
15000306,1,16000026,16000012,16000070,16000019,16000092,16000008,20260406T155956.000Z
15000018,1,16000075,16000099,16000073,16000005,16000094,16000012,20260406T155510.000Z
15000018,1,16000075,16000099,16000073,16000005,16000094,16000012,20260406T155230.000Z
15000010,1,16000004,16000012,16000019,16000085,16000102,16000099,20260406T154527.000Z
15000010,0,16000004,16000012,16000019,16000085,16000102,16000099,20260406T154217.000Z
15000010,1,16000004,16000012,16000019,16000085,16000102,16000099,20260406T154015.000Z
15000440,1,16000062,16000059,16000103,16000057,16000075,16000044,20260406T153431.000Z
15000440,1,16000062,16000059,16000103,16000057,16000075,16000044,20260406T153249.000Z
15000018,1,16000075,16000078,16000042,16000003,16000070,16000099,20260406T152759.000Z
15000018,1,16000075,16000078,16000042,16000003,16000070,16000099,20260406T152510.000Z
15000083,0,16000042,16000003,16000012,16000005,16000046,16000075,20260406T152031.000Z
15000083,0,16000042,16000003,16000012,16000005,16000046,16000075,20260406T151813.000Z
15000083,1,16000042,16000003,16000012,16000005,16000046,16000075,20260406T151612.000Z
15000083,1,16000003,16000063,16000099,16000065,16000031,16000072,20260406T150921.000Z
15000083,0,16000003,16000063,16000099,16000065,16000031,16000072,20260406T150702.000Z
15000083,1,16000003,16000063,16000099,16000065,16000031,16000072,20260406T150452.000Z
15000292,0,16000019,16000030,16000071,16000008,16000003,16000041,20260406T004958.000Z
15000292,0,16000019,16000030,16000071,16000008,16000003,16000041,20260406T004809.000Z
15000115,0,16000019,16000102,16000054,16000028,16000038,16000000,20260406T004400.000Z
15000115,0,16000019,16000102,16000054,16000028,16000038,16000000,20260406T004202.000Z
15000050,0,16000012,16000085,16000005,16000062,16000013,16000071,20260402T122225.000Z
15000050,0,16000012,16000085,16000005,16000062,16000013,16000071,20260402T122136.000Z
15000010,0,16000048,16000063,16000081,16000042,16000054,16000004,20260331T000143.000Z
15000010,1,16000048,16000063,16000081,16000042,16000054,16000004,20260330T235922.000Z
15000010,0,16000048,16000063,16000081,16000042,16000054,16000004,20260330T235713.000Z
15000011,0,16000075,16000085,16000047,16000012,16000046,16000054,20260330T153158.000Z
15000011,0,16000075,16000085,16000047,16000012,16000046,16000054,20260330T152949.000Z
15000019,0,16000001,16000012,16000019,16000078,16000100,16000005,20260330T152532.000Z
15000019,0,16000001,16000012,16000019,16000078,16000100,16000005,20260330T152313.000Z
15000703,1,16000019,16000075,16000065,16000032,16000061,16000023,20260330T151326.000Z
15000703,1,16000019,16000075,16000065,16000032,16000061,16000023,20260330T150946.000Z
15000703,0,16000019,16000075,16000065,16000032,16000061,16000023,20260330T150709.000Z
15000082,1,16000087,16000031,16000023,16000102,16000003,16000045,20260330T150351.000Z
15000082,0,16000087,16000031,16000023,16000102,16000003,16000045,20260330T150132.000Z
15000082,1,16000087,16000031,16000023,16000102,16000003,16000045,20260330T145913.000Z
15000011,0,16000099,16000095,16000005,16000061,16000023,16000083,20260405T205314.000Z
15000011,1,16000099,16000095,16000005,16000061,16000023,16000083,20260405T205101.000Z
15000011,0,16000099,16000095,16000005,16000061,16000023,16000083,20260405T204853.000Z
15000025,1,16000026,16000005,16000012,16000023,16000008,16000025,20260405T204126.000Z
15000025,1,16000026,16000005,16000012,16000023,16000008,16000025,20260405T203857.000Z
15000306,1,16000026,16000059,16000099,16000011,16000089,16000012,20260405T203207.000Z
15000306,1,16000026,16000059,16000099,16000011,16000089,16000012,20260405T203035.000Z
15000022,1,16000012,16000011,16000098,16000003,16000005,16000023,20260405T000852.000Z
15000022,1,16000012,16000011,16000098,16000003,16000005,16000023,20260405T000644.000Z
15000292,0,16000077,16000002,16000023,16000011,16000040,16000012,20260405T000227.000Z
15000292,0,16000077,16000002,16000023,16000011,16000040,16000012,20260405T000025.000Z
15000082,1,16000103,16000081,16000023,16000008,16000006,16000005,20260404T235527.000Z
15000082,1,16000103,16000081,16000023,16000008,16000006,16000005,20260404T235358.000Z
15000011,1,16000012,16000083,16000030,16000013,16000050,16000026,20260404T234913.000Z
15000011,1,16000012,16000083,16000030,16000013,16000050,16000026,20260404T234717.000Z
15000368,1,16000103,16000023,16000043,16000091,16000048,16000099,20260404T234219.000Z
15000368,1,16000103,16000023,16000043,16000091,16000048,16000099,20260404T234100.000Z
15000053,0,16000102,16000004,16000008,16000014,16000103,16000001,20260404T233600.000Z
15000053,0,16000102,16000004,16000008,16000014,16000103,16000001,20260404T233338.000Z
15000083,1,16000022,16000103,16000011,16000019,16000046,16000023,20260404T232754.000Z
15000083,1,16000022,16000103,16000011,16000019,16000046,16000023,20260404T232536.000Z
15000018,1,16000049,16000001,16000012,16000015,16000099,16000023,20260404T232123.000Z
15000018,1,16000049,16000001,16000012,16000015,16000099,16000023,20260404T231915.000Z
15000132,1,16000012,16000059,16000023,16000025,16000044,16000001,20260406T221531.000Z
15000132,1,16000012,16000059,16000023,16000025,16000044,16000001,20260406T221251.000Z
15000300,1,16000059,16000023,16000063,16000005,16000029,16000025,20260406T220719.000Z
15000300,1,16000059,16000023,16000063,16000005,16000029,16000025,20260406T220450.000Z
15000300,0,16000059,16000023,16000063,16000005,16000029,16000025,20260406T220234.000Z
15000018,1,16000001,16000056,16000099,16000023,16000046,16000005,20260406T212900.000Z
15000018,1,16000001,16000056,16000099,16000023,16000046,16000005,20260406T212717.000Z
15000019,0,16000005,16000056,16000078,16000012,16000025,16000001,20260406T213700.000Z
15000019,1,16000005,16000056,16000078,16000012,16000025,16000001,20260406T213449.000Z
15000019,0,16000005,16000056,16000078,16000012,16000025,16000001,20260406T213209.000Z
15000083,1,16000021,16000047,16000103,16000005,16000042,16000037,20260406T200538.000Z
15000083,1,16000021,16000047,16000103,16000005,16000042,16000037,20260406T200320.000Z
15000083,0,16000021,16000047,16000103,16000005,16000042,16000037,20260406T200102.000Z
15000011,1,16000084,16000000,16000099,16000011,16000081,16000063,20260406T195531.000Z
15000011,1,16000084,16000000,16000099,16000011,16000081,16000063,20260406T195341.000Z
15000022,0,16000103,16000032,16000099,16000064,16000029,16000046,20260406T153341.000Z
15000022,0,16000103,16000032,16000099,16000064,16000029,16000046,20260406T153123.000Z
15000548,1,16000066,16000023,16000089,16000015,16000012,16000021,20260406T152624.000Z
15000548,1,16000066,16000023,16000089,16000015,16000012,16000021,20260406T152410.000Z
15000007,1,16000074,16000044,16000002,16000019,16000012,16000025,20260406T152008.000Z
15000007,1,16000074,16000044,16000002,16000019,16000012,16000025,20260406T151753.000Z
15000007,0,16000074,16000044,16000002,16000019,16000012,16000025,20260406T151538.000Z
15000005,0,16000065,16000011,16000005,16000061,16000002,16000103,20260406T150649.000Z
15000005,0,16000065,16000011,16000005,16000061,16000002,16000103,20260406T150430.000Z
15000118,0,16000005,16000002,16000103,16000098,16000070,16000025,20260406T150004.000Z
15000118,0,16000005,16000002,16000103,16000098,16000070,16000025,20260406T145842.000Z
15000082,0,16000066,16000077,16000094,16000099,16000102,16000086,20260406T144630.000Z
15000082,0,16000066,16000077,16000094,16000099,16000102,16000086,20260406T144412.000Z
15000082,1,16000066,16000077,16000094,16000099,16000102,16000086,20260406T144153.000Z
15000022,1,16000036,16000099,16000090,16000064,16000011,16000061,20260406T143601.000Z
15000022,1,16000036,16000099,16000090,16000064,16000011,16000061,20260406T143343.000Z
15001021,0,16000011,16000099,16000083,16000098,16000023,16000005,20260405T014831.000Z
15001021,0,16000011,16000099,16000083,16000098,16000023,16000005,20260405T014730.000Z
15000548,0,16000101,16000026,16000005,16000012,16000099,16000047,20260405T014339.000Z
15000548,0,16000101,16000026,16000005,16000012,16000099,16000047,20260405T014224.000Z
15000548,1,16000036,16000003,16000021,16000042,16000046,16000079,20260405T013725.000Z
15000548,0,16000036,16000003,16000021,16000042,16000046,16000079,20260405T013512.000Z
15000548,1,16000036,16000003,16000021,16000042,16000046,16000079,20260405T013216.000Z
15000083,0,16000103,16000021,16000090,16000094,16000065,16000074,20260405T012719.000Z
15000083,0,16000103,16000021,16000090,16000094,16000065,16000074,20260405T012500.000Z
15000548,0,16000023,16000014,16000076,16000046,16000079,16000022,20260406T210651.000Z
15000548,0,16000023,16000014,16000076,16000046,16000079,16000022,20260406T210343.000Z
15000018,0,16000001,16000036,16000012,16000025,16000039,16000003,20260406T180513.000Z
15000018,1,16000001,16000036,16000012,16000025,16000039,16000003,20260406T180304.000Z
15000018,0,16000001,16000036,16000012,16000025,16000039,16000003,20260406T180118.000Z
15000306,0,16000035,16000009,16000014,16000020,16000011,16000089,20260406T174650.000Z
15000306,0,16000035,16000009,16000014,16000020,16000011,16000089,20260406T174459.000Z
15000072,0,16000079,16000056,16000094,16000001,16000012,16000036,20260406T215401.000Z
15000072,0,16000079,16000056,16000094,16000001,16000012,16000036,20260406T215212.000Z
15000132,1,16000011,16000044,16000102,16000005,16000002,16000029,20260406T214715.000Z
15000132,0,16000011,16000044,16000102,16000005,16000002,16000029,20260406T214419.000Z
15000132,1,16000011,16000044,16000102,16000005,16000002,16000029,20260406T214300.000Z
15000300,1,16000083,16000044,16000014,16000011,16000102,16000012,20260406T213739.000Z
15000300,1,16000083,16000044,16000014,16000011,16000102,16000012,20260406T213539.000Z
15000007,0,16000063,16000044,16000000,16000023,16000011,16000014,20260406T212755.000Z
15000007,0,16000063,16000044,16000000,16000023,16000011,16000014,20260406T212445.000Z
15000143,0,16000103,16000085,16000002,16000029,16000089,16000001,20260406T211339.000Z
15000143,0,16000103,16000085,16000002,16000029,16000089,16000001,20260406T211159.000Z
15000019,1,16000025,16000001,16000074,16000099,16000003,16000019,20260406T210814.000Z
15000019,0,16000025,16000001,16000074,16000099,16000003,16000019,20260406T210525.000Z
15000019,1,16000025,16000001,16000074,16000099,16000003,16000019,20260406T210335.000Z
15000292,1,16000009,16000044,16000030,16000099,16000069,16000012,20260406T202618.000Z
15000292,1,16000009,16000044,16000030,16000099,16000069,16000012,20260406T202405.000Z
15000083,0,16000002,16000047,16000021,16000061,16000023,16000003,20260406T194807.000Z
15000083,1,16000002,16000047,16000021,16000061,16000023,16000003,20260406T194549.000Z
15000083,0,16000002,16000047,16000021,16000061,16000023,16000003,20260406T194329.000Z
15000019,0,16000003,16000103,16000002,16000026,16000012,16000025,20260406T193826.000Z
15000019,0,16000003,16000103,16000002,16000026,16000012,16000025,20260406T193617.000Z
15000703,1,16000021,16000098,16000064,16000046,16000099,16000061,20260406T193219.000Z
15000703,1,16000021,16000098,16000064,16000046,16000099,16000061,20260406T193029.000Z
15000703,0,16000021,16000098,16000064,16000046,16000099,16000061,20260406T192825.000Z
15000019,1,16000014,16000056,16000075,16000012,16000059,16000079,20260406T192308.000Z
15000019,1,16000014,16000056,16000075,16000012,16000059,16000079,20260406T192100.000Z
15000019,1,16000002,16000099,16000012,16000075,16000065,16000014,20260406T191552.000Z
15000019,0,16000002,16000099,16000012,16000075,16000065,16000014,20260406T191351.000Z
15000019,1,16000002,16000099,16000012,16000075,16000065,16000014,20260406T191151.000Z
15000143,1,16000089,16000005,16000063,16000030,16000001,16000023,20260406T190745.000Z
15000143,1,16000089,16000005,16000063,16000030,16000001,16000023,20260406T190536.000Z
15000703,0,16000036,16000021,16000097,16000099,16000005,16000061,20260406T083749.000Z
15000703,0,16000036,16000021,16000097,16000099,16000005,16000061,20260406T083534.000Z
15000292,0,16000042,16000044,16000002,16000063,16000011,16000014,20260405T151006.000Z
15000292,0,16000042,16000044,16000002,16000063,16000011,16000014,20260405T150816.000Z
15000306,1,16000098,16000012,16000011,16000044,16000086,16000029,20260405T150303.000Z
15000306,1,16000098,16000012,16000011,16000044,16000086,16000029,20260405T150117.000Z
15000306,0,16000030,16000054,16000005,16000099,16000012,16000009,20260406T211220.000Z
15000306,0,16000030,16000054,16000005,16000099,16000012,16000009,20260406T210943.000Z
15000118,0,16000059,16000026,16000009,16000005,16000085,16000002,20260406T210516.000Z
15000118,0,16000059,16000026,16000009,16000005,16000085,16000002,20260406T210424.000Z
15000143,1,16000012,16000030,16000084,16000063,16000004,16000005,20260406T210103.000Z
15000143,1,16000012,16000030,16000084,16000063,16000004,16000005,20260406T205814.000Z
15000007,0,16000019,16000103,16000045,16000099,16000028,16000014,20260406T205323.000Z
15000007,0,16000019,16000103,16000045,16000099,16000028,16000014,20260406T205054.000Z
15000293,0,16000085,16000030,16000087,16000094,16000102,16000012,20260406T204636.000Z
15000293,0,16000085,16000030,16000087,16000094,16000102,16000012,20260406T204431.000Z
15000083,1,16000089,16000012,16000003,16000099,16000046,16000022,20260406T204007.000Z
15000083,0,16000089,16000012,16000003,16000099,16000046,16000022,20260406T203749.000Z
15000083,1,16000089,16000012,16000003,16000099,16000046,16000022,20260406T203530.000Z
15000300,1,16000030,16000098,16000026,16000041,16000023,16000001,20260406T203050.000Z
15000300,1,16000030,16000098,16000026,16000041,16000023,16000001,20260406T202822.000Z
15000072,1,16000075,16000036,16000001,16000059,16000040,16000048,20260406T202217.000Z
15000072,1,16000075,16000036,16000001,16000059,16000040,16000048,20260406T202119.000Z
15000053,0,16000007,16000004,16000012,16000070,16000009,16000075,20260406T201836.000Z
15000053,0,16000007,16000004,16000012,16000070,16000009,16000075,20260406T201734.000Z
15000306,0,16000030,16000004,16000019,16000005,16000014,16000022,20260405T183623.000Z
15000306,0,16000030,16000004,16000019,16000005,16000014,16000022,20260405T183450.000Z
15000300,0,16000012,16000014,16000002,16000085,16000026,16000019,20260405T182849.000Z
15000300,0,16000012,16000014,16000002,16000085,16000026,16000019,20260405T182643.000Z
15000300,1,16000012,16000014,16000002,16000085,16000026,16000019,20260405T182434.000Z
15000082,0,16000076,16000002,16000012,16000070,16000089,16000095,20260406T212026.000Z
15000082,1,16000076,16000002,16000012,16000070,16000089,16000095,20260406T211809.000Z
15000082,0,16000076,16000002,16000012,16000070,16000089,16000095,20260406T211551.000Z
15000300,0,16000095,16000012,16000042,16000085,16000005,16000014,20260406T210748.000Z
15000300,0,16000095,16000012,16000042,16000085,16000005,16000014,20260406T210523.000Z
15000018,1,16000040,16000042,16000074,16000019,16000005,16000012,20260406T210040.000Z
15000018,1,16000040,16000042,16000074,16000019,16000005,16000012,20260406T205752.000Z
15000118,1,16000026,16000089,16000008,16000023,16000002,16000085,20260406T205234.000Z
15000118,1,16000026,16000089,16000008,16000023,16000002,16000085,20260406T205006.000Z
15000118,0,16000000,16000004,16000102,16000098,16000011,16000012,20260406T204006.000Z
15000118,0,16000000,16000004,16000102,16000098,16000011,16000012,20260406T203913.000Z
15000115,0,16000019,16000102,16000063,16000030,16000099,16000005,20260406T203305.000Z
15000115,0,16000019,16000102,16000063,16000030,16000099,16000005,20260406T203102.000Z
15000072,1,16000081,16000001,16000094,16000026,16000036,16000015,20260406T202633.000Z
15000072,1,16000081,16000001,16000094,16000026,16000036,16000015,20260406T202504.000Z
15000005,0,16000021,16000099,16000046,16000036,16000023,16000015,20260406T201943.000Z
15000005,0,16000021,16000099,16000046,16000036,16000023,16000015,20260406T201759.000Z
15000292,0,16000102,16000070,16000011,16000012,16000002,16000063,20260406T201318.000Z
15000292,0,16000102,16000070,16000011,16000012,16000002,16000063,20260406T201130.000Z
15000007,0,16000081,16000012,16000044,16000070,16000103,16000099,20260406T082330.000Z
15000007,0,16000081,16000012,16000044,16000070,16000103,16000099,20260406T082126.000Z
15000019,0,16000012,16000073,16000003,16000070,16000056,16000025,20260406T221549.000Z
15000143,0,16000077,16000063,16000102,16000067,16000002,16000012,20260406T221013.000Z
15000143,0,16000077,16000063,16000102,16000067,16000002,16000012,20260406T220803.000Z
15000010,1,16000070,16000014,16000102,16000002,16000023,16000059,20260406T220359.000Z
15000010,1,16000070,16000014,16000102,16000002,16000023,16000059,20260406T215939.000Z
15000072,0,16000079,16000070,16000003,16000042,16000075,16000012,20260406T215504.000Z
15000072,0,16000079,16000070,16000003,16000042,16000075,16000012,20260406T215223.000Z
15000005,1,16000003,16000048,16000036,16000042,16000061,16000079,20260406T214755.000Z
15000005,1,16000003,16000048,16000036,16000042,16000061,16000079,20260406T214546.000Z
15000292,1,16000026,16000012,16000102,16000030,16000001,16000064,20260406T214202.000Z
15000292,1,16000026,16000012,16000102,16000030,16000001,16000064,20260406T214019.000Z
15001021,0,16000083,16000097,16000070,16000030,16000017,16000026,20260406T213439.000Z
15001021,0,16000083,16000097,16000070,16000030,16000017,16000026,20260406T213227.000Z
15000292,1,16000013,16000092,16000014,16000070,16000083,16000085,20260406T212632.000Z
15000292,1,16000013,16000092,16000014,16000070,16000083,16000085,20260406T212358.000Z
15000440,1,16000040,16000098,16000012,16000081,16000042,16000044,20260406T211731.000Z
15000440,1,16000040,16000098,16000012,16000081,16000042,16000044,20260406T211537.000Z
15000440,0,16000040,16000098,16000012,16000081,16000042,16000044,20260406T211340.000Z
15000368,1,16000005,16000004,16000009,16000048,16000075,16000014,20260406T012916.000Z
15000368,0,16000005,16000004,16000009,16000048,16000075,16000014,20260406T012709.000Z
15000368,1,16000005,16000004,16000009,16000048,16000075,16000014,20260406T012514.000Z
15000010,1,16000063,16000085,16000012,16000011,16000070,16000030,20260406T075139.000Z
15000010,0,16000063,16000085,16000012,16000011,16000070,16000030,20260406T074819.000Z
15000010,1,16000063,16000085,16000012,16000011,16000070,16000030,20260406T074557.000Z
15000022,0,16000021,16000101,16000036,16000066,16000042,16000064,20260405T073816.000Z
15000022,0,16000021,16000101,16000036,16000066,16000042,16000064,20260405T073557.000Z
15000022,1,16000021,16000101,16000036,16000066,16000042,16000064,20260405T073338.000Z
15001021,0,16000001,16000086,16000005,16000070,16000014,16000026,20260405T072829.000Z
15001021,0,16000001,16000086,16000005,16000070,16000014,16000026,20260405T072540.000Z
15000050,0,16000030,16000038,16000035,16000077,16000014,16000004,20260406T190849.000Z
15000050,0,16000030,16000038,16000035,16000077,16000014,16000004,20260406T190601.000Z
15000293,1,16000103,16000050,16000024,16000063,16000038,16000077,20260406T190148.000Z
15000293,1,16000103,16000050,16000024,16000063,16000038,16000077,20260406T190000.000Z
15000050,1,16000095,16000063,16000030,16000103,16000004,16000005,20260406T211126.000Z
15000050,1,16000095,16000063,16000030,16000103,16000004,16000005,20260406T210849.000Z
15000072,0,16000095,16000056,16000012,16000075,16000001,16000002,20260406T210318.000Z
15000072,0,16000095,16000056,16000012,16000075,16000001,16000002,20260406T210049.000Z
15000072,1,16000095,16000056,16000012,16000075,16000001,16000002,20260406T205923.000Z
15000132,1,16000074,16000063,16000044,16000014,16000059,16000089,20260406T205335.000Z
15000132,1,16000074,16000063,16000044,16000014,16000059,16000089,20260406T205103.000Z
15000132,0,16000074,16000063,16000044,16000014,16000059,16000089,20260406T204835.000Z
15001021,1,16000063,16000011,16000044,16000004,16000098,16000103,20260406T204228.000Z
15001021,1,16000063,16000011,16000044,16000004,16000098,16000103,20260406T204114.000Z
15000025,1,16000102,16000012,16000002,16000048,16000011,16000023,20260406T203518.000Z
15000025,1,16000102,16000012,16000002,16000048,16000011,16000023,20260406T203413.000Z
15000022,1,16000102,16000094,16000001,16000005,16000003,16000075,20260406T202502.000Z
15000022,1,16000102,16000094,16000001,16000005,16000003,16000075,20260406T202318.000Z
15001021,1,16000063,16000044,16000029,16000025,16000005,16000059,20260406T201847.000Z
15001021,0,16000063,16000044,16000029,16000025,16000005,16000059,20260406T201646.000Z
15001021,1,16000063,16000044,16000029,16000025,16000005,16000059,20260406T201357.000Z
15000118,1,16000044,16000063,16000001,16000045,16000089,16000068,20260406T200754.000Z
15000118,1,16000044,16000063,16000001,16000045,16000089,16000068,20260406T200542.000Z
15000548,1,16000014,16000103,16000021,16000003,16000015,16000061,20260406T194833.000Z
15000548,1,16000014,16000103,16000021,16000003,16000015,16000061,20260406T194536.000Z
15000548,1,16000014,16000079,16000015,16000061,16000005,16000072,20260406T203335.000Z
15000548,1,16000014,16000079,16000015,16000061,16000005,16000072,20260406T203145.000Z
15000115,1,16000102,16000012,16000050,16000004,16000023,16000034,20260406T202720.000Z
15000115,0,16000102,16000012,16000050,16000004,16000023,16000034,20260406T202452.000Z
15000115,1,16000102,16000012,16000050,16000004,16000023,16000034,20260406T202214.000Z
15000143,1,16000025,16000091,16000077,16000094,16000002,16000102,20260406T201316.000Z
15000143,1,16000025,16000091,16000077,16000094,16000002,16000102,20260406T201036.000Z
15000143,0,16000025,16000091,16000077,16000094,16000002,16000102,20260406T200857.000Z
15000368,1,16000099,16000103,16000058,16000102,16000042,16000004,20260406T200235.000Z
15000368,0,16000099,16000103,16000058,16000102,16000042,16000004,20260406T195935.000Z
15000368,1,16000099,16000103,16000058,16000102,16000042,16000004,20260406T195808.000Z
15000115,1,16000050,16000023,16000008,16000028,16000030,16000005,20260406T195213.000Z
15000115,0,16000050,16000023,16000008,16000028,16000030,16000005,20260406T195006.000Z
15000115,1,16000050,16000023,16000008,16000028,16000030,16000005,20260406T194756.000Z
15001021,1,16000004,16000077,16000045,16000001,16000009,16000068,20260406T193236.000Z
15001021,1,16000004,16000077,16000045,16000001,16000009,16000068,20260406T192928.000Z
15001021,0,16000004,16000077,16000045,16000001,16000009,16000068,20260406T192653.000Z
15001021,0,16000025,16000012,16000011,16000063,16000026,16000050,20260406T183638.000Z
15001021,0,16000025,16000012,16000011,16000063,16000026,16000050,20260406T183418.000Z
15000053,0,16000025,16000071,16000005,16000004,16000073,16000009,20260406T182837.000Z
15000053,0,16000025,16000071,16000005,16000004,16000073,16000009,20260406T182641.000Z
15000306,1,16000014,16000081,16000022,16000008,16000030,16000020,20260406T182038.000Z
15000306,1,16000014,16000081,16000022,16000008,16000030,16000020,20260406T181803.000Z
15000143,0,16000083,16000059,16000020,16000025,16000014,16000005,20260406T172343.000Z
15000143,0,16000083,16000059,16000020,16000025,16000014,16000005,20260406T172054.000Z
15000703,1,16000098,16000023,16000003,16000005,16000015,16000061,20260404T104240.000Z
15000703,1,16000098,16000023,16000003,16000005,16000015,16000061,20260404T104041.000Z
15000007,1,16000103,16000063,16000085,16000095,16000045,16000023,20260404T103525.000Z
15000007,1,16000103,16000063,16000085,16000095,16000045,16000023,20260404T103255.000Z
15000300,0,16000083,16000011,16000092,16000047,16000005,16000023,20260404T095301.000Z
15000300,0,16000083,16000011,16000092,16000047,16000005,16000023,20260404T095035.000Z
15000115,0,16000002,16000012,16000095,16000049,16000028,16000030,20260403T202246.000Z
15000115,0,16000002,16000012,16000095,16000049,16000028,16000030,20260403T202044.000Z
15000292,1,16000007,16000011,16000009,16000028,16000014,16000039,20260406T191428.000Z
15000025,1,16000085,16000002,16000026,16000070,16000030,16000026,20260406T191109.000Z
15000082,0,16000022,16000021,16000023,16000047,16000059,16000099,20260406T203428.000Z
15000082,0,16000022,16000021,16000023,16000047,16000059,16000099,20260406T203210.000Z
15000018,0,16000040,16000095,16000012,16000078,16000005,16000079,20260406T202702.000Z
15000018,0,16000040,16000095,16000012,16000078,16000005,16000079,20260406T202438.000Z
15000018,1,16000040,16000095,16000012,16000078,16000005,16000079,20260406T202152.000Z
15000368,0,16000021,16000004,16000037,16000001,16000099,16000046,20260406T201434.000Z
15000368,0,16000021,16000004,16000037,16000001,16000099,16000046,20260406T201123.000Z
15000292,0,16000023,16000092,16000089,16000011,16000063,16000012,20260406T195706.000Z
15000292,0,16000023,16000092,16000089,16000011,16000063,16000012,20260406T195501.000Z
15000548,1,16000001,16000046,16000099,16000061,16000089,16000079,20260406T195036.000Z
15000548,1,16000001,16000046,16000099,16000061,16000089,16000079,20260406T194821.000Z
15001021,1,16000011,16000063,16000059,16000097,16000005,16000099,20260406T194205.000Z
15001021,1,16000011,16000063,16000059,16000097,16000005,16000099,20260406T194025.000Z
15001021,0,16000011,16000063,16000059,16000097,16000005,16000099,20260406T193811.000Z
15000082,1,16000089,16000047,16000021,16000011,16000012,16000005,20260406T193503.000Z
15000082,1,16000089,16000047,16000021,16000011,16000012,16000005,20260406T193245.000Z
15000007,1,16000094,16000102,16000063,16000014,16000030,16000070,20260406T202347.000Z
15000007,1,16000094,16000102,16000063,16000014,16000030,16000070,20260406T202208.000Z
15000083,1,16000061,16000098,16000102,16000087,16000004,16000064,20260406T201619.000Z
15000083,1,16000061,16000098,16000102,16000087,16000004,16000064,20260406T201406.000Z
15000050,1,16000063,16000103,16000095,16000001,16000066,16000012,20260406T200842.000Z
15000050,1,16000063,16000103,16000095,16000001,16000066,16000012,20260406T200748.000Z
15000007,1,16000063,16000081,16000092,16000014,16000030,16000047,20260406T200412.000Z
15000007,1,16000063,16000081,16000092,16000014,16000030,16000047,20260406T200225.000Z
15000293,1,16000081,16000102,16000085,16000069,16000086,16000070,20260406T195647.000Z
15000293,1,16000081,16000102,16000085,16000069,16000086,16000070,20260406T195457.000Z
15000293,0,16000081,16000102,16000085,16000069,16000086,16000070,20260406T195322.000Z
15000072,1,16000002,16000005,16000103,16000079,16000023,16000102,20260406T194853.000Z
15000072,1,16000002,16000005,16000103,16000079,16000023,16000102,20260406T194609.000Z
15000019,1,16000094,16000003,16000014,16000056,16000012,16000019,20260406T193947.000Z
15000019,1,16000094,16000003,16000014,16000056,16000012,16000019,20260406T193806.000Z
15000019,0,16000094,16000003,16000014,16000056,16000012,16000019,20260406T193616.000Z
15000007,1,16000023,16000039,16000063,16000052,16000059,16000041,20260406T193028.000Z
15000007,1,16000023,16000039,16000063,16000052,16000059,16000041,20260406T192838.000Z
15000005,1,16000046,16000012,16000072,16000078,16000023,16000036,20260406T192158.000Z
15000005,1,16000046,16000012,16000072,16000078,16000023,16000036,20260406T191959.000Z
15000018,0,16000001,16000103,16000025,16000094,16000075,16000078,20260406T191516.000Z
15000018,0,16000001,16000103,16000025,16000094,16000075,16000078,20260406T191248.000Z
15000019,0,16000015,16000012,16000075,16000019,16000042,16000002,20260406T195802.000Z
15000019,0,16000015,16000012,16000075,16000019,16000042,16000002,20260406T195621.000Z
15000011,0,16000059,16000011,16000044,16000012,16000103,16000002,20260406T195147.000Z
15000011,1,16000059,16000011,16000044,16000012,16000103,16000002,20260406T194923.000Z
15000011,0,16000059,16000011,16000044,16000012,16000103,16000002,20260406T194707.000Z
15000548,0,16000001,16000046,16000015,16000023,16000003,16000021,20260406T194250.000Z
15000548,0,16000001,16000046,16000015,16000023,16000003,16000021,20260406T194032.000Z
15000293,0,16000002,16000070,16000087,16000059,16000023,16000011,20260406T193634.000Z
15000293,0,16000002,16000070,16000087,16000059,16000023,16000011,20260406T193422.000Z
15000025,1,16000011,16000103,16000063,16000089,16000097,16000023,20260406T191526.000Z
15000025,1,16000011,16000103,16000063,16000089,16000097,16000023,20260406T191158.000Z
15000025,0,16000011,16000103,16000063,16000089,16000097,16000023,20260406T191013.000Z
15000053,0,16000103,16000012,16000086,16000004,16000030,16000099,20260406T190606.000Z
15000053,0,16000103,16000012,16000086,16000004,16000030,16000099,20260406T190318.000Z
15000022,1,16000064,16000012,16000036,16000042,16000023,16000025,20260406T185802.000Z
15000022,0,16000064,16000012,16000036,16000042,16000023,16000025,20260406T185544.000Z
15000022,1,16000064,16000012,16000036,16000042,16000023,16000025,20260406T185325.000Z
15000072,0,16000083,16000012,16000056,16000040,16000001,16000073,20260406T184837.000Z
15000072,0,16000083,16000012,16000056,16000040,16000001,16000073,20260406T184652.000Z
15000083,0,16000048,16000036,16000001,16000064,16000085,16000103,20260406T184241.000Z
15000083,0,16000048,16000036,16000001,16000064,16000085,16000103,20260406T184124.000Z
15000010,0,16000023,16000012,16000081,16000044,16000014,16000057,20260406T183501.000Z
15000025,1,16000012,16000030,16000063,16000087,16000023,16000089,20260406T183037.000Z
15000025,1,16000012,16000030,16000063,16000087,16000023,16000089,20260406T182743.000Z
15000132,0,16000083,16000012,16000001,16000059,16000025,16000023,20260406T224243.000Z
15000132,1,16000083,16000012,16000001,16000059,16000025,16000023,20260406T224116.000Z
15000022,0,16000021,16000011,16000012,16000074,16000079,16000094,20260406T223512.000Z
15000022,0,16000021,16000011,16000012,16000074,16000079,16000094,20260406T223257.000Z
15000022,1,16000021,16000011,16000012,16000074,16000079,16000094,20260406T223038.000Z
15000053,1,16000102,16000005,16000002,16000001,16000019,16000004,20260406T222600.000Z
15000053,1,16000102,16000005,16000002,16000001,16000019,16000004,20260406T222437.000Z
15000053,0,16000102,16000005,16000002,16000001,16000019,16000004,20260406T222222.000Z
15000025,0,16000005,16000019,16000023,16000030,16000063,16000026,20260406T215521.000Z
15000025,0,16000005,16000019,16000023,16000030,16000063,16000026,20260406T215314.000Z
15000293,1,16000017,16000002,16000086,16000084,16000089,16000023,20260406T220027.000Z
15000293,1,16000017,16000002,16000086,16000084,16000089,16000023,20260406T215803.000Z
15001021,0,16000103,16000002,16000005,16000098,16000083,16000011,20260406T224435.000Z
15001021,0,16000103,16000002,16000005,16000098,16000083,16000011,20260406T224240.000Z
15001021,1,16000103,16000002,16000005,16000098,16000083,16000011,20260406T224112.000Z
15001021,1,16000086,16000029,16000012,16000098,16000063,16000011,20260406T223606.000Z
15001021,0,16000086,16000029,16000012,16000098,16000063,16000011,20260406T223402.000Z
15001021,1,16000086,16000029,16000012,16000098,16000063,16000011,20260406T223129.000Z
15000010,1,16000083,16000016,16000012,16000018,16000013,16000029,20260406T221317.000Z
15000010,0,16000083,16000016,16000012,16000018,16000013,16000029,20260406T221059.000Z
15000010,1,16000083,16000016,16000012,16000018,16000013,16000029,20260406T220902.000Z
15000300,1,16000099,16000083,16000014,16000092,16000071,16000081,20260406T220513.000Z
15000300,1,16000099,16000083,16000014,16000092,16000071,16000081,20260406T220322.000Z
15000011,1,16000092,16000002,16000099,16000045,16000049,16000014,20260406T223849.000Z
15000011,0,16000092,16000002,16000099,16000045,16000049,16000014,20260406T223644.000Z
15000011,1,16000092,16000002,16000099,16000045,16000049,16000014,20260406T223451.000Z
15000548,1,16000066,16000012,16000099,16000003,16000076,16000018,20260406T223016.000Z
15000548,1,16000066,16000012,16000099,16000003,16000076,16000018,20260406T222850.000Z
15000293,0,16000098,16000002,16000063,16000070,16000096,16000023,20260406T222310.000Z
15000293,0,16000098,16000002,16000063,16000070,16000096,16000023,20260406T222103.000Z
15000019,1,16000094,16000099,16000012,16000075,16000079,16000001,20260406T224113.000Z
15000019,0,16000094,16000099,16000012,16000075,16000079,16000001,20260406T223944.000Z
15000019,1,16000094,16000099,16000012,16000075,16000079,16000001,20260406T223718.000Z
15000072,1,16000025,16000099,16000075,16000018,16000073,16000008,20260406T223004.000Z
15000072,0,16000025,16000099,16000075,16000018,16000073,16000008,20260406T222855.000Z
15000072,1,16000025,16000099,16000075,16000018,16000073,16000008,20260406T222753.000Z
15000010,0,16000103,16000004,16000026,16000063,16000014,16000000,20260406T221450.000Z
15000010,1,16000103,16000004,16000026,16000063,16000014,16000000,20260406T221249.000Z
15000010,0,16000103,16000004,16000026,16000063,16000014,16000000,20260406T221100.000Z
15000005,1,16000023,16000012,16000079,16000036,16000025,16000042,20260406T222403.000Z
15000005,1,16000023,16000012,16000079,16000036,16000025,16000042,20260406T222157.000Z
15000005,0,16000023,16000012,16000079,16000036,16000025,16000042,20260406T222016.000Z
15000292,1,16000026,16000011,16000041,16000014,16000083,16000002,20260406T224519.000Z
15000292,0,16000026,16000011,16000041,16000014,16000083,16000002,20260406T224245.000Z
15000293,0,16000063,16000087,16000085,16000002,16000005,16000012,20260406T223834.000Z
15000293,0,16000063,16000087,16000085,16000002,16000005,16000012,20260406T223609.000Z
15000548,1,16000023,16000003,16000011,16000042,16000050,16000064,20260406T223015.000Z
15000548,1,16000023,16000003,16000011,16000042,16000050,16000064,20260406T222857.000Z
15000022,0,16000011,16000005,16000079,16000021,16000036,16000044,20260406T222435.000Z
15000022,0,16000011,16000005,16000079,16000021,16000036,16000044,20260406T222223.000Z
15000010,1,16000063,16000012,16000002,16000004,16000095,16000050,20260406T221428.000Z
15000010,1,16000063,16000012,16000002,16000004,16000095,16000050,20260406T221105.000Z
15000010,0,16000063,16000012,16000002,16000004,16000095,16000050,20260406T220910.000Z
15000703,0,16000001,16000042,16000072,16000099,16000023,16000061,20260406T220432.000Z
15000703,0,16000001,16000042,16000072,16000099,16000023,16000061,20260406T220223.000Z
15000368,0,16000004,16000003,16000046,16000042,16000005,16000037,20260406T221326.000Z
15000368,0,16000004,16000003,16000046,16000042,16000005,16000037,20260406T221102.000Z
15000018,1,16000074,16000094,16000012,16000026,16000099,16000079,20260406T220455.000Z
15000018,1,16000056,16000040,16000081,16000074,16000095,16000001,20260406T223554.000Z
15000018,1,16000056,16000040,16000081,16000074,16000095,16000001,20260406T223315.000Z
15000300,1,16000011,16000092,16000063,16000014,16000023,16000005,20260406T222827.000Z
15000300,1,16000011,16000092,16000063,16000014,16000023,16000005,20260406T222629.000Z
15000548,0,16000023,16000042,16000003,16000021,16000061,16000079,20260406T221929.000Z
15000548,1,16000023,16000042,16000003,16000021,16000061,16000079,20260406T221614.000Z
15000548,0,16000023,16000042,16000003,16000021,16000061,16000079,20260406T221424.000Z
15000440,1,16000002,16000099,16000103,16000081,16000021,16000098,20260406T220946.000Z
15000440,1,16000002,16000099,16000103,16000081,16000021,16000098,20260406T220827.000Z
15000072,0,16000036,16000012,16000056,16000015,16000040,16000075,20260406T220317.000Z
15000072,0,16000036,16000012,16000056,16000015,16000040,16000075,20260406T220106.000Z
15000005,0,16000042,16000099,16000012,16000029,16000046,16000023,20260406T215508.000Z
15000005,0,16000042,16000099,16000012,16000029,16000046,16000023,20260406T215250.000Z
15000005,1,16000042,16000099,16000012,16000029,16000046,16000023,20260406T215050.000Z
15000292,1,16000102,16000098,16000030,16000011,16000063,16000014,20260406T224223.000Z
15000292,1,16000102,16000098,16000030,16000011,16000063,16000014,20260406T224046.000Z
15000083,0,16000085,16000079,16000065,16000099,16000094,16000014,20260406T223323.000Z
15000083,0,16000085,16000079,16000065,16000099,16000094,16000014,20260406T223203.000Z
15000072,0,16000073,16000025,16000079,16000075,16000012,16000001,20260406T222720.000Z
15000072,1,16000073,16000025,16000079,16000075,16000012,16000001,20260406T222600.000Z
15000072,0,16000073,16000025,16000079,16000075,16000012,16000001,20260406T222428.000Z
15000082,1,16000079,16000059,16000044,16000061,16000099,16000011,20260406T221351.000Z
15000082,1,16000079,16000059,16000044,16000061,16000099,16000011,20260406T221131.000Z
15000082,0,16000079,16000059,16000044,16000061,16000099,16000011,20260406T220912.000Z
15000022,0,16000099,16000005,16000019,16000003,16000023,16000074,20260406T224209.000Z
15000022,0,16000099,16000005,16000019,16000003,16000023,16000074,20260406T223951.000Z
15000292,1,16000089,16000005,16000103,16000099,16000086,16000063,20260406T223333.000Z
15000292,1,16000089,16000005,16000103,16000099,16000086,16000063,20260406T223141.000Z
15000025,1,16000077,16000086,16000004,16000103,16000045,16000099,20260406T222706.000Z
15000025,1,16000077,16000086,16000004,16000103,16000045,16000099,20260406T222446.000Z
15000368,0,16000037,16000023,16000003,16000022,16000021,16000005,20260406T221842.000Z
15000368,1,16000037,16000023,16000003,16000022,16000021,16000005,20260406T221703.000Z
15000368,0,16000037,16000023,16000003,16000022,16000021,16000005,20260406T221512.000Z
15001021,1,16000089,16000044,16000102,16000085,16000103,16000012,20260406T220908.000Z
15001021,1,16000089,16000044,16000102,16000085,16000103,16000012,20260406T220816.000Z
15000025,0,16000102,16000023,16000005,16000001,16000099,16000063,20260406T220227.000Z
15000025,0,16000102,16000023,16000005,16000001,16000099,16000063,20260406T215925.000Z
15000306,1,16000026,16000063,16000005,16000098,16000092,16000023,20260406T224625.000Z
15000306,1,16000026,16000063,16000005,16000098,16000092,16000023,20260406T224427.000Z
15000300,0,16000019,16000014,16000099,16000059,16000098,16000023,20260406T223929.000Z
15000300,0,16000019,16000014,16000099,16000059,16000098,16000023,20260406T223716.000Z
15000053,1,16000059,16000044,16000081,16000078,16000082,16000004,20260406T223143.000Z
15000053,1,16000059,16000044,16000081,16000078,16000082,16000004,20260406T222939.000Z
15000118,1,16000000,16000063,16000012,16000059,16000011,16000023,20260406T222500.000Z
15000118,0,16000000,16000063,16000012,16000059,16000011,16000023,20260406T222212.000Z
15000118,1,16000000,16000063,16000012,16000059,16000011,16000023,20260406T221924.000Z
15000118,1,16000063,16000001,16000005,16000086,16000102,16000070,20260406T221534.000Z
15000118,1,16000063,16000001,16000005,16000086,16000102,16000070,20260406T221309.000Z
15000118,0,16000063,16000001,16000005,16000086,16000102,16000070,20260406T221041.000Z
15001021,0,16000018,16000083,16000098,16000012,16000059,16000001,20260406T220701.000Z
15001021,0,16000018,16000083,16000098,16000012,16000059,16000001,20260406T220547.000Z
15001021,1,16000018,16000083,16000098,16000012,16000059,16000001,20260406T220432.000Z
15000368,1,16000037,16000046,16000021,16000005,16000061,16000023,20260406T215855.000Z
15000368,1,16000037,16000046,16000021,16000005,16000061,16000023,20260406T215700.000Z
15000005,1,16000098,16000015,16000079,16000036,16000023,16000003,20260406T215707.000Z
15000005,1,16000098,16000015,16000079,16000036,16000023,16000003,20260406T215448.000Z
15000005,0,16000098,16000015,16000079,16000036,16000023,16000003,20260406T215229.000Z
15000025,0,16000089,16000098,16000097,16000063,16000086,16000005,20260406T224641.000Z
15000010,0,16000026,16000063,16000014,16000017,16000005,16000012,20260406T224201.000Z
15000010,0,16000026,16000063,16000014,16000017,16000005,16000012,20260406T223955.000Z
15000010,1,16000026,16000063,16000014,16000017,16000005,16000012,20260406T223747.000Z
15000053,0,16000030,16000082,16000005,16000001,16000099,16000012,20260406T221754.000Z
15000053,0,16000030,16000082,16000005,16000001,16000099,16000012,20260406T221548.000Z
15000053,1,16000030,16000082,16000005,16000001,16000099,16000012,20260406T221322.000Z
15000300,0,16000042,16000005,16000095,16000047,16000014,16000011,20260406T220941.000Z
15000300,0,16000042,16000005,16000095,16000047,16000014,16000011,20260406T220759.000Z
15000300,0,16000041,16000014,16000005,16000019,16000011,16000012,20260406T220213.000Z
15000300,0,16000041,16000014,16000005,16000019,16000011,16000012,20260406T215940.000Z
15000072,1,16000074,16000001,16000029,16000099,16000094,16000005,20260406T215440.000Z
15000368,0,16000004,16000071,16000029,16000064,16000047,16000103,20260406T224645.000Z
15000368,0,16000004,16000071,16000029,16000064,16000047,16000103,20260406T224527.000Z
15000300,0,16000005,16000099,16000063,16000019,16000014,16000030,20260406T224115.000Z
15000300,0,16000005,16000099,16000063,16000019,16000014,16000030,20260406T223905.000Z
15000083,0,16000098,16000021,16000089,16000099,16000003,16000061,20260406T223352.000Z
15000083,0,16000098,16000021,16000089,16000099,16000003,16000061,20260406T223134.000Z
15000011,0,16000102,16000021,16000057,16000011,16000025,16000099,20260406T222643.000Z
15000011,0,16000102,16000021,16000057,16000011,16000025,16000099,20260406T222437.000Z
15000011,1,16000102,16000021,16000057,16000011,16000025,16000099,20260406T222245.000Z
15000440,1,16000023,16000098,16000066,16000089,16000079,16000022,20260406T221557.000Z
15000440,1,16000023,16000098,16000066,16000089,16000079,16000022,20260406T221320.000Z
15000440,0,16000023,16000098,16000066,16000089,16000079,16000022,20260406T221046.000Z
15000300,0,16000099,16000001,16000047,16000005,16000063,16000011,20260406T220215.000Z
15000300,0,16000099,16000001,16000047,16000005,16000063,16000011,20260406T220047.000Z
15000083,1,16000099,16000046,16000097,16000103,16000089,16000074,20260406T215530.000Z
15000440,1,16000099,16000066,16000002,16000021,16000076,16000011,20260406T222208.000Z
15000440,1,16000099,16000066,16000002,16000021,16000076,16000011,20260406T221914.000Z
15001021,1,16000011,16000063,16000005,16000098,16000089,16000012,20260406T221215.000Z
15001021,1,16000011,16000063,16000005,16000098,16000089,16000012,20260406T221121.000Z
15000007,0,16000005,16000084,16000023,16000086,16000063,16000004,20260406T220736.000Z
15000007,1,16000005,16000084,16000023,16000086,16000063,16000004,20260406T220511.000Z
15000007,0,16000005,16000084,16000023,16000086,16000063,16000004,20260406T220251.000Z
15000440,0,16000065,16000021,16000005,16000064,16000023,16000098,20260406T224040.000Z
15000440,1,16000065,16000021,16000005,16000064,16000023,16000098,20260406T223736.000Z
15000440,0,16000065,16000021,16000005,16000064,16000023,16000098,20260406T223452.000Z
15000010,1,16000017,16000012,16000002,16000028,16000014,16000063,20260406T223037.000Z
15000010,1,16000017,16000012,16000002,16000028,16000014,16000063,20260406T222859.000Z
15000011,1,16000011,16000083,16000012,16000014,16000023,16000002,20260406T222413.000Z
15000011,1,16000011,16000083,16000012,16000014,16000023,16000002,20260406T222207.000Z
15000005,1,16000021,16000072,16000103,16000061,16000036,16000015,20260406T221844.000Z
15000005,1,16000021,16000072,16000103,16000061,16000036,16000015,20260406T221659.000Z
15000082,0,16000089,16000023,16000012,16000021,16000072,16000031,20260406T215748.000Z
15000082,1,16000089,16000023,16000012,16000021,16000072,16000031,20260406T215531.000Z
15000007,1,16000012,16000002,16000021,16000085,16000014,16000095,20260406T224639.000Z
15000007,0,16000012,16000002,16000021,16000085,16000014,16000095,20260406T224450.000Z
15000007,1,16000012,16000002,16000021,16000085,16000014,16000095,20260406T224215.000Z
15000050,0,16000098,16000030,16000103,16000063,16000099,16000011,20260406T223640.000Z
15000050,0,16000098,16000030,16000103,16000063,16000099,16000011,20260406T223526.000Z
15000143,0,16000044,16000099,16000095,16000012,16000029,16000098,20260406T222902.000Z
15000143,0,16000044,16000099,16000095,16000012,16000029,16000098,20260406T222613.000Z
15000053,1,16000012,16000070,16000026,16000081,16000086,16000073,20260406T221702.000Z
15000053,1,16000012,16000070,16000026,16000081,16000086,16000073,20260406T221554.000Z
15000007,1,16000059,16000063,16000023,16000028,16000008,16000011,20260406T221039.000Z
15000007,1,16000059,16000063,16000023,16000028,16000008,16000011,20260406T220846.000Z
15000007,0,16000059,16000063,16000023,16000028,16000008,16000011,20260406T220709.000Z
15000440,1,16000005,16000003,16000021,16000099,16000098,16000012,20260406T212824.000Z
15000440,0,16000005,16000003,16000021,16000099,16000098,16000012,20260406T212619.000Z
15000440,1,16000005,16000003,16000021,16000099,16000098,16000012,20260406T212248.000Z
15000083,0,16000021,16000067,16000003,16000047,16000036,16000023,20260406T221809.000Z
15000083,1,16000021,16000067,16000003,16000047,16000036,16000023,20260406T221600.000Z
15000083,0,16000021,16000067,16000003,16000047,16000036,16000023,20260406T221342.000Z
15000548,0,16000021,16000079,16000012,16000103,16000015,16000023,20260406T220645.000Z
15000548,0,16000021,16000079,16000012,16000103,16000015,16000023,20260406T220532.000Z
15000025,0,16000063,16000077,16000102,16000083,16000006,16000103,20260406T215943.000Z
15000025,0,16000063,16000077,16000102,16000083,16000006,16000103,20260406T215655.000Z
15000703,0,16000068,16000004,16000099,16000103,16000079,16000042,20260406T224746.000Z
15000703,1,16000068,16000004,16000099,16000103,16000079,16000042,20260406T224522.000Z
15000440,0,16000018,16000023,16000061,16000021,16000011,16000003,20260406T224031.000Z
15000440,1,16000018,16000023,16000061,16000021,16000011,16000003,20260406T223758.000Z
15000440,0,16000018,16000023,16000061,16000021,16000011,16000003,20260406T223427.000Z
15000548,1,16000021,16000079,16000042,16000005,16000100,16000003,20260406T222917.000Z
15000548,1,16000021,16000079,16000042,16000005,16000100,16000003,20260406T222603.000Z
15000548,0,16000021,16000079,16000042,16000005,16000100,16000003,20260406T222324.000Z
15000118,0,16000077,16000063,16000059,16000067,16000023,16000008,20260406T220633.000Z
15000118,0,16000077,16000063,16000059,16000067,16000023,16000008,20260406T220331.000Z
15000118,1,16000077,16000063,16000059,16000067,16000023,16000008,20260406T220139.000Z
15000548,0,16000046,16000015,16000079,16000001,16000036,16000042,20260406T215508.000Z
15000548,0,16000099,16000012,16000079,16000046,16000023,16000095,20260406T221111.000Z
15000548,0,16000099,16000012,16000079,16000046,16000023,16000095,20260406T220943.000Z
15000548,1,16000099,16000012,16000079,16000046,16000023,16000095,20260406T220751.000Z
15000025,1,16000006,16000004,16000023,16000063,16000012,16000044,20260406T220140.000Z
15000025,1,16000006,16000004,16000023,16000063,16000012,16000044,20260406T220024.000Z
15000306,1,16000008,16000045,16000026,16000014,16000019,16000070,20260406T224935.000Z
15000306,1,16000008,16000045,16000026,16000014,16000019,16000070,20260406T224731.000Z
15000306,0,16000008,16000045,16000026,16000014,16000019,16000070,20260406T224526.000Z
15000300,0,16000012,16000019,16000014,16000095,16000063,16000001,20260406T223414.000Z
15000300,0,16000012,16000019,16000014,16000095,16000063,16000001,20260406T223241.000Z
15000011,1,16000099,16000004,16000002,16000102,16000061,16000021,20260406T222751.000Z
15000011,1,16000099,16000004,16000002,16000102,16000061,16000021,20260406T222607.000Z
15000025,0,16000077,16000044,16000059,16000006,16000063,16000012,20260406T221214.000Z
15000025,0,16000077,16000044,16000059,16000006,16000063,16000012,20260406T220945.000Z
15000368,1,16000079,16000090,16000103,16000098,16000003,16000018,20260406T220513.000Z
15000368,1,16000079,16000090,16000103,16000098,16000003,16000018,20260406T220319.000Z
15000007,0,16000061,16000012,16000097,16000023,16000025,16000099,20260406T222401.000Z
15000007,0,16000061,16000012,16000097,16000023,16000025,16000099,20260406T222138.000Z
15000025,1,16000002,16000098,16000030,16000097,16000011,16000083,20260406T221422.000Z
15000025,0,16000002,16000098,16000030,16000097,16000011,16000083,20260406T221256.000Z
15000025,1,16000002,16000098,16000030,16000097,16000011,16000083,20260406T220959.000Z
15000053,1,16000017,16000008,16000102,16000005,16000001,16000002,20260406T220546.000Z
15000053,1,16000017,16000008,16000102,16000005,16000001,16000002,20260406T220409.000Z
15000115,1,16000005,16000059,16000021,16000014,16000023,16000057,20260406T220032.000Z
15000115,0,16000005,16000059,16000021,16000014,16000023,16000057,20260406T215838.000Z
15000115,1,16000005,16000059,16000021,16000014,16000023,16000057,20260406T215619.000Z
15000115,1,16000012,16000002,16000030,16000017,16000083,16000000,20260406T223143.000Z
15000115,0,16000012,16000002,16000030,16000017,16000083,16000000,20260406T222834.000Z
15000115,1,16000012,16000002,16000030,16000017,16000083,16000000,20260406T222558.000Z
15000083,0,16000015,16000011,16000005,16000095,16000061,16000042,20260406T221939.000Z
15000083,1,16000015,16000011,16000005,16000095,16000061,16000042,20260406T221721.000Z
15000083,0,16000015,16000011,16000005,16000095,16000061,16000042,20260406T221523.000Z
15000306,1,16000064,16000083,16000002,16000023,16000029,16000030,20260406T220922.000Z
15000306,1,16000064,16000083,16000002,16000023,16000029,16000030,20260406T220730.000Z
15000306,0,16000064,16000083,16000002,16000023,16000029,16000030,20260406T220520.000Z
15000300,1,16000089,16000063,16000013,16000040,16000011,16000092,20260406T221000.000Z
15000300,1,16000089,16000063,16000013,16000040,16000011,16000092,20260406T220756.000Z
15000011,1,16000012,16000099,16000017,16000059,16000004,16000005,20260406T224852.000Z
15000011,1,16000012,16000099,16000017,16000059,16000004,16000005,20260406T224658.000Z
15000011,0,16000012,16000099,16000017,16000059,16000004,16000005,20260406T224451.000Z
15000293,1,16000063,16000087,16000008,16000011,16000077,16000083,20260406T223719.000Z
15000293,1,16000063,16000087,16000008,16000011,16000077,16000083,20260406T223521.000Z
15000143,0,16000005,16000099,16000059,16000045,16000030,16000019,20260406T222732.000Z
15000143,0,16000005,16000099,16000059,16000045,16000030,16000019,20260406T222501.000Z
15000440,0,16000064,16000071,16000003,16000023,16000042,16000012,20260406T221517.000Z
15000440,0,16000064,16000071,16000003,16000023,16000042,16000012,20260406T221217.000Z
15000440,1,16000064,16000071,16000003,16000023,16000042,16000012,20260406T221019.000Z
15000005,0,16000103,16000032,16000036,16000040,16000102,16000042,20260406T220146.000Z
15000005,1,16000103,16000032,16000036,16000040,16000102,16000042,20260406T215928.000Z
15000005,0,16000103,16000032,16000036,16000040,16000102,16000042,20260406T215710.000Z
15000050,1,16000020,16000103,16000063,16000006,16000026,16000102,20260406T225057.000Z
15000050,1,16000020,16000103,16000063,16000006,16000026,16000102,20260406T224824.000Z
15000019,1,16000065,16000002,16000098,16000004,16000099,16000003,20260406T223800.000Z
15000019,1,16000065,16000002,16000098,16000004,16000099,16000003,20260406T223604.000Z
15000300,1,16000092,16000042,16000005,16000011,16000059,16000001,20260406T223019.000Z
15000300,1,16000092,16000042,16000005,16000011,16000059,16000001,20260406T222809.000Z
15000300,0,16000092,16000042,16000005,16000011,16000059,16000001,20260406T222613.000Z
15000300,1,16000011,16000012,16000102,16000095,16000061,16000054,20260406T223702.000Z
15000300,1,16000011,16000012,16000102,16000095,16000061,16000054,20260406T223502.000Z
15000083,1,16000011,16000079,16000015,16000099,16000046,16000093,20260406T223038.000Z
15000083,1,16000011,16000079,16000015,16000099,16000046,16000093,20260406T222819.000Z
15000083,0,16000011,16000079,16000015,16000099,16000046,16000093,20260406T222602.000Z
15000548,1,16000021,16000056,16000044,16000099,16000001,16000061,20260406T215915.000Z
15000548,1,16000021,16000056,16000044,16000099,16000001,16000061,20260406T215656.000Z
15000548,1,16000079,16000059,16000023,16000003,16000036,16000044,20260406T223723.000Z
15000548,1,16000079,16000059,16000023,16000003,16000036,16000044,20260406T223611.000Z
15000300,1,16000076,16000040,16000102,16000099,16000043,16000083,20260406T222503.000Z
15000300,1,16000076,16000040,16000102,16000099,16000043,16000083,20260406T222323.000Z
15000005,1,16000074,16000064,16000099,16000011,16000061,16000079,20260406T221518.000Z
15000005,1,16000074,16000064,16000099,16000011,16000061,16000079,20260406T221259.000Z
15000118,1,16000098,16000023,16000030,16000074,16000011,16000063,20260406T222931.000Z
15000118,1,16000098,16000023,16000030,16000074,16000011,16000063,20260406T222648.000Z
15000300,1,16000095,16000098,16000092,16000001,16000000,16000059,20260406T222153.000Z
15000300,1,16000095,16000098,16000092,16000001,16000000,16000059,20260406T222025.000Z
15000118,0,16000102,16000005,16000028,16000006,16000030,16000012,20260406T221556.000Z
15000118,0,16000102,16000005,16000028,16000006,16000030,16000012,20260406T221358.000Z
15000548,0,16000032,16000021,16000079,16000003,16000012,16000099,20260406T221000.000Z
15000548,1,16000032,16000021,16000079,16000003,16000012,16000099,20260406T220752.000Z
15000548,0,16000032,16000021,16000079,16000003,16000012,16000099,20260406T220419.000Z
15000118,0,16000012,16000023,16000001,16000011,16000089,16000086,20260406T215804.000Z
15000292,0,16000026,16000011,16000041,16000014,16000083,16000002,20260406T224738.000Z
15000019,0,16000103,16000094,16000073,16000001,16000070,16000012,20260406T224730.000Z
15000019,0,16000103,16000094,16000073,16000001,16000070,16000012,20260406T224456.000Z
15000292,0,16000094,16000012,16000102,16000029,16000001,16000023,20260406T223939.000Z
15000292,0,16000094,16000012,16000102,16000029,16000001,16000023,20260406T223708.000Z
15000548,0,16000005,16000100,16000003,16000021,16000079,16000042,20260406T222917.000Z
15000548,0,16000005,16000100,16000003,16000021,16000079,16000042,20260406T222603.000Z
15000548,1,16000005,16000100,16000003,16000021,16000079,16000042,20260406T222324.000Z
15000118,1,16000063,16000001,16000099,16000086,16000012,16000084,20260406T221721.000Z
15000118,1,16000063,16000001,16000099,16000086,16000012,16000084,20260406T221445.000Z
15000143,1,16000011,16000102,16000012,16000044,16000005,16000063,20260406T220833.000Z
15000143,1,16000011,16000102,16000012,16000044,16000005,16000063,20260406T220531.000Z
15000143,0,16000011,16000102,16000012,16000044,16000005,16000063,20260406T220243.000Z
15000025,0,16000098,16000089,16000023,16000012,16000011,16000103,20260406T224136.000Z
15000025,0,16000098,16000089,16000023,16000012,16000011,16000103,20260406T224031.000Z
15000300,0,16000101,16000092,16000014,16000030,16000103,16000023,20260406T221456.000Z
15000300,0,16000101,16000092,16000014,16000030,16000103,16000023,20260406T221322.000Z
15000548,0,16000046,16000021,16000011,16000047,16000099,16000023,20260406T220738.000Z
15000548,0,16000046,16000021,16000011,16000047,16000099,16000023,20260406T220600.000Z
15000440,0,16000023,16000044,16000046,16000011,16000021,16000003,20260406T220125.000Z
15000440,0,16000023,16000044,16000046,16000011,16000021,16000003,20260406T215952.000Z
15000292,1,16000097,16000072,16000014,16000011,16000005,16000045,20260406T224507.000Z
15000292,1,16000097,16000072,16000014,16000011,16000005,16000045,20260406T224238.000Z
15000292,0,16000097,16000072,16000014,16000011,16000005,16000045,20260406T224052.000Z
15000368,1,16000061,16000072,16000042,16000004,16000023,16000062,20260406T223406.000Z
15000368,1,16000061,16000072,16000042,16000004,16000023,16000062,20260406T223156.000Z
15000548,1,16000072,16000003,16000023,16000079,16000061,16000099,20260406T222352.000Z
15000548,1,16000072,16000003,16000023,16000079,16000061,16000099,20260406T222225.000Z
15000548,0,16000072,16000003,16000023,16000079,16000061,16000099,20260406T222041.000Z
15000072,1,16000099,16000079,16000056,16000042,16000075,16000001,20260406T221248.000Z
15000072,0,16000099,16000079,16000056,16000042,16000075,16000001,20260406T221022.000Z
15000072,1,16000099,16000079,16000056,16000042,16000075,16000001,20260406T220740.000Z
15000025,0,16000009,16000004,16000070,16000001,16000063,16000089,20260406T220204.000Z
15000010,0,16000059,16000004,16000023,16000005,16000063,16000012,20260406T225157.000Z
15000010,0,16000059,16000004,16000023,16000005,16000063,16000012,20260406T225013.000Z
15000010,1,16000059,16000004,16000023,16000005,16000063,16000012,20260406T224836.000Z
15000143,0,16000083,16000084,16000063,16000017,16000005,16000023,20260406T225044.000Z
15000143,0,16000083,16000084,16000063,16000017,16000005,16000023,20260406T224854.000Z
15000143,1,16000083,16000084,16000063,16000017,16000005,16000023,20260406T224753.000Z
15000007,0,16000023,16000099,16000063,16000004,16000008,16000059,20260406T224032.000Z
15000007,0,16000023,16000099,16000063,16000004,16000008,16000059,20260406T223727.000Z
15000010,0,16000059,16000004,16000014,16000063,16000011,16000061,20260406T223216.000Z
15000010,0,16000059,16000004,16000014,16000063,16000011,16000061,20260406T223036.000Z
15000010,1,16000059,16000004,16000014,16000063,16000011,16000061,20260406T222822.000Z
15001021,1,16000001,16000099,16000029,16000059,16000077,16000063,20260406T224019.000Z
15001021,1,16000001,16000099,16000029,16000059,16000077,16000063,20260406T223817.000Z
15001021,0,16000001,16000099,16000029,16000059,16000077,16000063,20260406T223528.000Z
15000007,1,16000063,16000089,16000023,16000028,16000004,16000025,20260406T223010.000Z
15000007,1,16000063,16000089,16000023,16000028,16000004,16000025,20260406T222823.000Z
15000019,1,16000078,16000099,16000056,16000079,16000025,16000075,20260406T222311.000Z
15000019,1,16000078,16000099,16000056,16000079,16000025,16000075,20260406T222131.000Z
15000143,0,16000099,16000001,16000029,16000083,16000042,16000003,20260406T221632.000Z
15000143,0,16000099,16000001,16000029,16000083,16000042,16000003,20260406T221518.000Z
15000293,0,16000026,16000025,16000087,16000000,16000077,16000094,20260406T220905.000Z
15000293,0,16000026,16000025,16000087,16000000,16000077,16000094,20260406T220727.000Z
15000292,0,16000019,16000001,16000012,16000014,16000077,16000005,20260406T220309.000Z
15000292,0,16000019,16000001,16000012,16000014,16000077,16000005,20260406T220023.000Z
15000011,1,16000045,16000074,16000004,16000023,16000014,16000005,20260406T224918.000Z
15000011,1,16000045,16000074,16000004,16000023,16000014,16000005,20260406T224620.000Z
15000293,1,16000099,16000023,16000067,16000002,16000074,16000012,20260406T221607.000Z
15000293,1,16000099,16000023,16000067,16000002,16000074,16000012,20260406T221344.000Z
15000293,0,16000099,16000023,16000067,16000002,16000074,16000012,20260406T221141.000Z
15001021,0,16000099,16000059,16000001,16000083,16000012,16000005,20260406T225345.000Z
15001021,0,16000099,16000059,16000001,16000083,16000012,16000005,20260406T225208.000Z
15001021,1,16000099,16000059,16000001,16000083,16000012,16000005,20260406T224920.000Z
15000018,1,16000012,16000056,16000094,16000079,16000001,16000002,20260406T224457.000Z
15000018,0,16000012,16000056,16000094,16000079,16000001,16000002,20260406T224217.000Z
15000018,1,16000012,16000056,16000094,16000079,16000001,16000002,20260406T223959.000Z
15000005,1,16000012,16000079,16000042,16000021,16000015,16000036,20260406T223551.000Z
15000005,0,16000012,16000079,16000042,16000021,16000015,16000036,20260406T223346.000Z
15000005,1,16000012,16000079,16000042,16000021,16000015,16000036,20260406T223129.000Z
15000440,1,16000011,16000023,16000079,16000102,16000098,16000065,20260406T222653.000Z
15000440,1,16000011,16000023,16000079,16000102,16000098,16000065,20260406T222410.000Z
15000118,1,16000030,16000004,16000097,16000014,16000001,16000005,20260406T221828.000Z
15000118,1,16000030,16000004,16000097,16000014,16000001,16000005,20260406T221536.000Z
15000072,0,16000103,16000014,16000078,16000001,16000023,16000005,20260406T221054.000Z
15000072,0,16000103,16000014,16000078,16000001,16000023,16000005,20260406T220916.000Z
15000143,1,16000012,16000025,16000030,16000011,16000005,16000023,20260406T220527.000Z
15000143,1,16000012,16000025,16000030,16000011,16000005,16000023,20260406T220258.000Z
15001021,1,16000023,16000098,16000002,16000004,16000026,16000059,20260406T225404.000Z
15000005,1,16000036,16000065,16000048,16000066,16000011,16000079,20260406T224436.000Z
15000005,1,16000036,16000065,16000048,16000066,16000011,16000079,20260406T224217.000Z
15000005,0,16000036,16000065,16000048,16000066,16000011,16000079,20260406T223958.000Z
15000083,1,16000065,16000042,16000054,16000061,16000003,16000036,20260406T223446.000Z
15000083,0,16000065,16000042,16000054,16000061,16000003,16000036,20260406T223228.000Z
15000083,1,16000065,16000042,16000054,16000061,16000003,16000036,20260406T223018.000Z
15000053,0,16000103,16000004,16000070,16000007,16000075,16000002,20260406T222315.000Z
15000053,0,16000103,16000004,16000070,16000007,16000075,16000002,20260406T222111.000Z
15000053,1,16000103,16000004,16000070,16000007,16000075,16000002,20260406T221823.000Z
15000703,1,16000046,16000103,16000036,16000021,16000001,16000015,20260406T221416.000Z
15000703,1,16000046,16000103,16000036,16000021,16000001,16000015,20260406T221256.000Z
15000548,0,16000065,16000046,16000079,16000071,16000021,16000061,20260406T220723.000Z
15000548,0,16000065,16000046,16000079,16000071,16000021,16000061,20260406T220417.000Z
15000368,0,16000042,16000082,16000003,16000005,16000037,16000023,20260406T225443.000Z
15000019,0,16000046,16000073,16000078,16000053,16000083,16000002,20260406T225337.000Z
15000019,1,16000046,16000073,16000078,16000053,16000083,16000002,20260406T225151.000Z
15000018,0,16000025,16000099,16000001,16000095,16000005,16000012,20260406T224229.000Z
15000018,0,16000025,16000099,16000001,16000095,16000005,16000012,20260406T224007.000Z
15000132,1,16000008,16000063,16000030,16000023,16000050,16000059,20260406T223456.000Z
15000132,0,16000008,16000063,16000030,16000023,16000050,16000059,20260406T223325.000Z
15000132,1,16000008,16000063,16000030,16000023,16000050,16000059,20260406T223121.000Z
15000082,0,16000002,16000061,16000087,16000023,16000012,16000011,20260406T222742.000Z
15000082,0,16000002,16000061,16000087,16000023,16000012,16000011,20260406T222621.000Z
15000703,1,16000026,16000023,16000064,16000011,16000005,16000065,20260406T222147.000Z
15000703,1,16000026,16000023,16000064,16000011,16000005,16000065,20260406T221950.000Z
15000703,0,16000026,16000023,16000064,16000011,16000005,16000065,20260406T221735.000Z
15000440,0,16000021,16000062,16000011,16000023,16000047,16000098,20260406T221357.000Z
15000440,0,16000021,16000062,16000011,16000023,16000047,16000098,20260406T221115.000Z
15000548,1,16000042,16000036,16000015,16000099,16000079,16000061,20260406T220632.000Z
15000548,1,16000042,16000036,16000015,16000099,16000079,16000061,20260406T220310.000Z
15000293,1,16000066,16000103,16000005,16000070,16000089,16000081,20260406T214008.000Z
15000293,1,16000066,16000103,16000005,16000070,16000089,16000081,20260406T213712.000Z
15000115,0,16000059,16000023,16000057,16000081,16000063,16000005,20260406T225436.000Z
15000115,0,16000059,16000023,16000057,16000081,16000063,16000005,20260406T225218.000Z
15000115,1,16000059,16000023,16000057,16000081,16000063,16000005,20260406T224958.000Z
15000118,1,16000023,16000077,16000086,16000063,16000001,16000004,20260406T225131.000Z
15000118,1,16000023,16000077,16000086,16000063,16000001,16000004,20260406T224934.000Z
15000115,1,16000089,16000030,16000049,16000023,16000005,16000103,20260406T224209.000Z
15000115,1,16000089,16000030,16000049,16000023,16000005,16000103,20260406T223903.000Z
15000050,0,16000063,16000026,16000004,16000049,16000005,16000002,20260406T223325.000Z
15000050,0,16000063,16000026,16000004,16000049,16000005,16000002,20260406T223036.000Z
15000143,0,16000012,16000063,16000083,16000025,16000001,16000017,20260406T222728.000Z
15000143,0,16000012,16000063,16000083,16000025,16000001,16000017,20260406T222447.000Z
15000293,1,16000086,16000077,16000023,16000030,16000074,16000011,20260406T222020.000Z
15000293,0,16000086,16000077,16000023,16000030,16000074,16000011,20260406T221850.000Z
15000293,1,16000086,16000077,16000023,16000030,16000074,16000011,20260406T221705.000Z
15000368,0,16000021,16000003,16000085,16000065,16000023,16000047,20260406T221238.000Z
15000368,0,16000021,16000003,16000085,16000065,16000023,16000047,20260406T221112.000Z
15000300,1,16000095,16000019,16000023,16000026,16000063,16000044,20260406T222345.000Z
15000300,0,16000095,16000019,16000023,16000026,16000063,16000044,20260406T222134.000Z
15000300,1,16000095,16000019,16000023,16000026,16000063,16000044,20260406T221919.000Z
15000300,0,16000019,16000103,16000102,16000040,16000023,16000012,20260406T223338.000Z
15000300,0,16000019,16000103,16000102,16000040,16000023,16000012,20260406T223113.000Z
15000293,1,16000005,16000086,16000077,16000089,16000087,16000070,20260406T225608.000Z
15000011,0,16000089,16000063,16000095,16000023,16000000,16000057,20260406T220857.000Z
15000011,1,16000089,16000063,16000095,16000023,16000000,16000057,20260406T220659.000Z
15000011,0,16000089,16000063,16000095,16000023,16000000,16000057,20260406T220441.000Z
15000548,1,16000061,16000029,16000021,16000079,16000066,16000046,20260406T225447.000Z
15000548,1,16000061,16000029,16000021,16000079,16000066,16000046,20260406T225307.000Z
15000368,1,16000099,16000077,16000029,16000005,16000098,16000021,20260406T224545.000Z
15000368,1,16000099,16000077,16000029,16000005,16000098,16000021,20260406T224301.000Z
15000053,1,16000005,16000002,16000094,16000012,16000050,16000077,20260406T223644.000Z
15000053,1,16000005,16000002,16000094,16000012,16000050,16000077,20260406T223507.000Z
15000011,1,16000011,16000063,16000083,16000017,16000014,16000103,20260406T222918.000Z
15000011,1,16000011,16000063,16000083,16000017,16000014,16000103,20260406T222700.000Z
15000082,1,16000095,16000005,16000086,16000070,16000023,16000102,20260406T222204.000Z
15000082,1,16000095,16000005,16000086,16000070,16000023,16000102,20260406T222005.000Z
15000082,0,16000095,16000005,16000086,16000070,16000023,16000102,20260406T221813.000Z
15000703,1,16000065,16000023,16000061,16000021,16000071,16000005,20260406T221352.000Z
15000703,1,16000065,16000023,16000061,16000021,16000071,16000005,20260406T221204.000Z
15000010,0,16000095,16000005,16000059,16000014,16000044,16000012,20260406T220605.000Z
15000010,1,16000095,16000005,16000059,16000014,16000044,16000012,20260406T220351.000Z
15000005,1,16000021,16000015,16000066,16000065,16000042,16000036,20260406T225340.000Z
15000005,1,16000021,16000015,16000066,16000065,16000042,16000036,20260406T225146.000Z
15000010,1,16000004,16000063,16000014,16000012,16000026,16000099,20260406T224708.000Z
15000010,1,16000004,16000063,16000014,16000012,16000026,16000099,20260406T224433.000Z
15000007,1,16000044,16000023,16000012,16000005,16000063,16000072,20260406T223852.000Z
15000007,1,16000044,16000023,16000012,16000005,16000063,16000072,20260406T223707.000Z
15000440,1,16000002,16000047,16000046,16000070,16000023,16000005,20260406T223125.000Z
15000440,0,16000002,16000047,16000046,16000070,16000023,16000005,20260406T222946.000Z
15000440,1,16000002,16000047,16000046,16000070,16000023,16000005,20260406T222725.000Z
15000118,1,16000045,16000012,16000023,16000093,16000011,16000103,20260406T222022.000Z
15000118,1,16000045,16000012,16000023,16000093,16000011,16000103,20260406T221819.000Z
15000022,1,16000015,16000046,16000042,16000012,16000025,16000061,20260406T221201.000Z
15000022,1,16000015,16000046,16000042,16000012,16000025,16000061,20260406T220950.000Z
15000053,0,16000082,16000103,16000070,16000075,16000004,16000012,20260406T220327.000Z
15000548,0,16000003,16000005,16000099,16000074,16000079,16000040,20260406T225555.000Z
15000143,1,16000099,16000102,16000089,16000019,16000030,16000001,20260406T224803.000Z
15000143,1,16000099,16000102,16000089,16000019,16000030,16000001,20260406T224647.000Z
15000115,0,16000017,16000025,16000063,16000059,16000005,16000083,20260406T222638.000Z
15000115,1,16000017,16000025,16000063,16000059,16000005,16000083,20260406T222447.000Z
15000115,0,16000017,16000025,16000063,16000059,16000005,16000083,20260406T222252.000Z
15000018,0,16000079,16000094,16000074,16000099,16000012,16000040,20260406T220307.000Z
15000007,0,16000012,16000044,16000014,16000063,16000005,16000023,20260406T222834.000Z
15000007,1,16000012,16000044,16000014,16000063,16000005,16000023,20260406T222648.000Z
15000007,0,16000012,16000044,16000014,16000063,16000005,16000023,20260406T222452.000Z
15000132,1,16000017,16000001,16000012,16000059,16000099,16000063,20260406T221744.000Z
15000132,0,16000017,16000001,16000012,16000059,16000099,16000063,20260406T221456.000Z
15000132,1,16000017,16000001,16000012,16000059,16000099,16000063,20260406T221108.000Z
15000548,0,16000099,16000021,16000061,16000056,16000046,16000079,20260406T225649.000Z
15000548,0,16000099,16000021,16000061,16000056,16000046,16000079,20260406T225509.000Z
15000292,1,16000005,16000011,16000103,16000085,16000023,16000012,20260406T224945.000Z
15000292,1,16000005,16000011,16000103,16000085,16000023,16000012,20260406T224724.000Z
15000072,1,16000079,16000078,16000036,16000094,16000074,16000012,20260406T224256.000Z
15000072,1,16000079,16000078,16000036,16000094,16000074,16000012,20260406T224057.000Z
15001021,0,16000097,16000103,16000040,16000083,16000023,16000001,20260406T223407.000Z
15001021,0,16000097,16000103,16000040,16000083,16000023,16000001,20260406T223231.000Z
15001021,1,16000097,16000103,16000040,16000083,16000023,16000001,20260406T223118.000Z
15000548,0,16000023,16000012,16000005,16000025,16000099,16000044,20260406T222613.000Z
15000548,0,16000023,16000012,16000005,16000025,16000099,16000044,20260406T222407.000Z
15000118,1,16000008,16000099,16000063,16000002,16000012,16000023,20260406T221833.000Z
15000118,1,16000008,16000099,16000063,16000002,16000012,16000023,20260406T221710.000Z
15000293,1,16000011,16000040,16000023,16000012,16000044,16000086,20260406T221009.000Z
15000293,1,16000011,16000040,16000023,16000012,16000044,16000086,20260406T220814.000Z
15000072,1,16000046,16000099,16000036,16000015,16000001,16000059,20260406T225533.000Z
15000115,1,16000017,16000011,16000025,16000023,16000019,16000103,20260406T225037.000Z
15000115,1,16000017,16000011,16000025,16000023,16000019,16000103,20260406T224900.000Z
15000018,1,16000103,16000002,16000001,16000014,16000061,16000065,20260406T224445.000Z
15000018,1,16000103,16000002,16000001,16000014,16000061,16000065,20260406T224251.000Z
15000368,0,16000003,16000004,16000064,16000089,16000021,16000061,20260406T223140.000Z
15000368,0,16000003,16000004,16000064,16000089,16000021,16000061,20260406T222757.000Z
15000368,1,16000003,16000004,16000064,16000089,16000021,16000061,20260406T222518.000Z
15000143,0,16000030,16000083,16000002,16000005,16000102,16000063,20260406T221927.000Z
15000143,0,16000030,16000083,16000002,16000005,16000102,16000063,20260406T221638.000Z
15000143,1,16000030,16000083,16000002,16000005,16000102,16000063,20260406T221250.000Z
15000022,0,16000064,16000011,16000029,16000042,16000001,16000061,20260406T221832.000Z
15000022,1,16000064,16000011,16000029,16000042,16000001,16000061,20260406T221616.000Z
15000022,0,16000064,16000011,16000029,16000042,16000001,16000061,20260406T221358.000Z
15000010,1,16000040,16000063,16000011,16000061,16000023,16000085,20260406T220516.000Z
15000010,1,16000040,16000063,16000011,16000061,16000023,16000085,20260406T220243.000Z
15000293,0,16000097,16000103,16000081,16000098,16000023,16000085,20260406T224924.000Z
15000293,0,16000097,16000103,16000081,16000098,16000023,16000085,20260406T224714.000Z
15000293,1,16000097,16000103,16000081,16000098,16000023,16000085,20260406T224515.000Z
15000072,1,16000027,16000099,16000001,16000042,16000012,16000036,20260406T223438.000Z
15000072,1,16000027,16000099,16000001,16000042,16000012,16000036,20260406T223150.000Z
15000050,1,16000099,16000044,16000002,16000004,16000059,16000095,20260406T222447.000Z
15000050,1,16000099,16000044,16000002,16000004,16000059,16000095,20260406T222313.000Z
15001021,0,16000011,16000012,16000083,16000044,16000057,16000023,20260406T221520.000Z
15001021,0,16000011,16000012,16000083,16000044,16000057,16000023,20260406T221232.000Z
15000005,1,16000005,16000015,16000023,16000065,16000012,16000003,20260406T225258.000Z
15000005,1,16000005,16000015,16000023,16000065,16000012,16000003,20260406T225040.000Z
15000292,1,16000006,16000005,16000023,16000102,16000012,16000063,20260406T224554.000Z
15000292,1,16000006,16000005,16000023,16000102,16000012,16000063,20260406T224402.000Z
15000118,1,16000089,16000077,16000063,16000023,16000005,16000006,20260406T223757.000Z
15000118,0,16000089,16000077,16000063,16000023,16000005,16000006,20260406T223508.000Z
15000118,1,16000089,16000077,16000063,16000023,16000005,16000006,20260406T223220.000Z
15000306,1,16000045,16000013,16000023,16000005,16000011,16000041,20260406T223804.000Z
15000306,1,16000045,16000013,16000023,16000005,16000011,16000041,20260406T223548.000Z
15000703,1,16000015,16000011,16000021,16000064,16000003,16000031,20260406T223131.000Z
15000703,1,16000015,16000011,16000021,16000064,16000003,16000031,20260406T222942.000Z
15000010,1,16000087,16000099,16000063,16000011,16000014,16000059,20260406T222357.000Z
15000010,0,16000087,16000099,16000063,16000011,16000014,16000059,20260406T222212.000Z
15000010,1,16000087,16000099,16000063,16000011,16000014,16000059,20260406T222006.000Z
15000132,0,16000026,16000099,16000044,16000011,16000005,16000001,20260406T221603.000Z
15000132,0,16000026,16000099,16000044,16000011,16000005,16000001,20260406T221332.000Z
15000132,1,16000026,16000099,16000044,16000011,16000005,16000001,20260406T221151.000Z
15000293,1,16000082,16000049,16000004,16000070,16000011,16000103,20260406T220648.000Z
15000293,1,16000082,16000049,16000004,16000070,16000011,16000103,20260406T220447.000Z
15000072,0,16000074,16000083,16000001,16000042,16000025,16000099,20260406T222012.000Z
15000072,0,16000074,16000083,16000001,16000042,16000025,16000099,20260406T221723.000Z
15000022,1,16000036,16000005,16000015,16000029,16000021,16000065,20260406T221138.000Z
15000022,1,16000036,16000005,16000015,16000029,16000021,16000065,20260406T220923.000Z
15000132,1,16000059,16000025,16000023,16000083,16000012,16000001,20260406T224531.000Z
15000132,1,16000059,16000025,16000023,16000083,16000012,16000001,20260406T224243.000Z
15000132,0,16000059,16000025,16000023,16000083,16000012,16000001,20260406T224116.000Z
15000292,0,16000099,16000030,16000011,16000006,16000102,16000067,20260406T223541.000Z
15000292,0,16000099,16000030,16000011,16000006,16000102,16000067,20260406T223340.000Z
15000306,0,16000092,16000014,16000023,16000081,16000099,16000063,20260406T222930.000Z
15000306,1,16000092,16000014,16000023,16000081,16000099,16000063,20260406T222756.000Z
15000306,0,16000092,16000014,16000023,16000081,16000099,16000063,20260406T222522.000Z
15000022,1,16000003,16000029,16000023,16000021,16000046,16000061,20260406T221938.000Z
15000022,0,16000003,16000029,16000023,16000021,16000046,16000061,20260406T221728.000Z
15000022,1,16000003,16000029,16000023,16000021,16000046,16000061,20260406T221510.000Z
15000019,1,16000005,16000056,16000019,16000012,16000001,16000065,20260406T220814.000Z
15000019,1,16000005,16000056,16000019,16000012,16000001,16000065,20260406T220525.000Z
15000019,0,16000025,16000003,16000023,16000103,16000005,16000012,20260406T215752.000Z
15000019,0,16000025,16000003,16000023,16000103,16000005,16000012,20260406T215504.000Z
15000703,0,16000021,16000099,16000015,16000023,16000042,16000003,20260406T215022.000Z
15000703,0,16000021,16000099,16000015,16000023,16000042,16000003,20260406T214818.000Z
15000306,0,16000086,16000012,16000099,16000102,16000089,16000076,20260406T214402.000Z
15000306,0,16000086,16000012,16000099,16000102,16000089,16000076,20260406T214232.000Z
15000306,0,16000092,16000023,16000005,16000098,16000014,16000063,20260406T213719.000Z
15000306,0,16000092,16000023,16000005,16000098,16000014,16000063,20260406T213513.000Z
15000115,1,16000011,16000030,16000012,16000002,16000017,16000023,20260406T212714.000Z
15000115,1,16000011,16000030,16000012,16000002,16000017,16000023,20260406T212516.000Z
15000293,0,16000077,16000089,16000011,16000012,16000103,16000026,20260406T222315.000Z
15000293,1,16000077,16000089,16000011,16000012,16000103,16000026,20260406T222124.000Z
15000293,0,16000077,16000089,16000011,16000012,16000103,16000026,20260406T221931.000Z
15000022,0,16000001,16000015,16000026,16000042,16000011,16000098,20260406T225027.000Z
15000022,0,16000001,16000015,16000026,16000042,16000011,16000098,20260406T224809.000Z
15000118,1,16000083,16000069,16000004,16000012,16000023,16000086,20260406T224213.000Z
15000118,1,16000083,16000069,16000004,16000012,16000023,16000086,20260406T224035.000Z
15000053,1,16000012,16000002,16000026,16000001,16000075,16000070,20260406T223528.000Z
15000053,1,16000012,16000002,16000026,16000001,16000075,16000070,20260406T223338.000Z
15000053,0,16000012,16000002,16000026,16000001,16000075,16000070,20260406T223126.000Z
15000025,0,16000011,16000008,16000040,16000047,16000002,16000006,20260406T222710.000Z
15000025,0,16000011,16000008,16000040,16000047,16000002,16000006,20260406T222422.000Z
15000010,0,16000014,16000012,16000102,16000089,16000098,16000050,20260406T221946.000Z
15000010,0,16000014,16000012,16000102,16000089,16000098,16000050,20260406T221758.000Z
15000292,0,16000099,16000083,16000006,16000012,16000086,16000092,20260406T224859.000Z
15000292,1,16000099,16000083,16000006,16000012,16000086,16000092,20260406T224626.000Z
15000292,0,16000099,16000083,16000006,16000012,16000086,16000092,20260406T224428.000Z
15000293,0,16000066,16000070,16000005,16000077,16000023,16000026,20260406T224040.000Z
15000293,0,16000066,16000070,16000005,16000077,16000023,16000026,20260406T223816.000Z
15000703,1,16000099,16000057,16000005,16000036,16000098,16000061,20260406T223241.000Z
15000703,1,16000099,16000057,16000005,16000036,16000098,16000061,20260406T223053.000Z
15000005,0,16000061,16000036,16000015,16000042,16000064,16000099,20260406T225841.000Z
15000548,1,16000079,16000047,16000061,16000005,16000012,16000029,20260406T225031.000Z
15000548,1,16000079,16000047,16000061,16000005,16000012,16000029,20260406T224741.000Z
15000083,1,16000097,16000099,16000042,16000064,16000003,16000021,20260406T223915.000Z
15000083,1,16000097,16000099,16000042,16000064,16000003,16000021,20260406T223657.000Z
15000083,0,16000003,16000065,16000083,16000023,16000036,16000011,20260406T223212.000Z
15000083,0,16000003,16000065,16000083,16000023,16000036,16000011,20260406T223018.000Z
15000083,1,16000003,16000065,16000083,16000023,16000036,16000011,20260406T222830.000Z
15000440,1,16000023,16000061,16000059,16000042,16000071,16000062,20260406T222356.000Z
15000440,1,16000023,16000061,16000059,16000042,16000071,16000062,20260406T222022.000Z
15000050,0,16000083,16000086,16000059,16000001,16000012,16000004,20260406T221454.000Z
15000050,0,16000083,16000086,16000059,16000001,16000012,16000004,20260406T221248.000Z
15000132,1,16000044,16000063,16000012,16000004,16000040,16000011,20260406T220712.000Z
15000132,1,16000044,16000063,16000012,16000004,16000040,16000011,20260406T220523.000Z
15000025,0,16000086,16000011,16000098,16000001,16000000,16000023,20260406T222311.000Z
15000025,1,16000086,16000011,16000098,16000001,16000000,16000023,20260406T222150.000Z
15000025,0,16000086,16000011,16000098,16000001,16000000,16000023,20260406T221935.000Z
15000306,0,16000081,16000005,16000014,16000064,16000002,16000030,20260406T221404.000Z
15000306,1,16000081,16000005,16000014,16000064,16000002,16000030,20260406T221206.000Z
15000306,0,16000081,16000005,16000014,16000064,16000002,16000030,20260406T221012.000Z
15000115,1,16000074,16000012,16000095,16000005,16000059,16000103,20260406T220503.000Z
15000300,1,16000023,16000098,16000014,16000012,16000042,16000011,20260406T225751.000Z
15000300,1,16000030,16000025,16000019,16000014,16000072,16000023,20260406T225240.000Z
15000300,1,16000030,16000025,16000019,16000014,16000072,16000023,20260406T225011.000Z
15000132,0,16000083,16000012,16000001,16000059,16000025,16000023,20260406T224531.000Z
15000368,1,16000103,16000037,16000064,16000003,16000065,16000048,20260406T225958.000Z
15000368,1,16000103,16000037,16000064,16000003,16000065,16000048,20260406T225705.000Z
15000005,1,16000022,16000036,16000056,16000015,16000061,16000047,20260406T225145.000Z
15000005,1,16000022,16000036,16000056,16000015,16000061,16000047,20260406T224945.000Z
15000440,1,16000021,16000014,16000076,16000062,16000022,16000003,20260406T225845.000Z
15000703,0,16000005,16000031,16000021,16000042,16000003,16000023,20260406T225427.000Z
15000703,1,16000005,16000031,16000021,16000042,16000003,16000023,20260406T225237.000Z
15000703,0,16000005,16000031,16000021,16000042,16000003,16000023,20260406T224930.000Z
15000072,1,16000053,16000036,16000042,16000003,16000079,16000097,20260406T224531.000Z
15000072,1,16000053,16000036,16000042,16000003,16000079,16000097,20260406T224326.000Z
15000025,1,16000089,16000012,16000083,16000005,16000077,16000002,20260406T223822.000Z
15000025,1,16000089,16000012,16000083,16000005,16000077,16000002,20260406T223701.000Z
15000306,1,16000063,16000098,16000085,16000005,16000011,16000012,20260406T223245.000Z
15000306,1,16000063,16000098,16000085,16000005,16000011,16000012,20260406T223106.000Z
15000083,0,16000005,16000062,16000042,16000023,16000065,16000089,20260406T222712.000Z
15000083,0,16000005,16000062,16000042,16000023,16000065,16000089,20260406T222454.000Z
15000082,0,16000012,16000023,16000077,16000086,16000072,16000065,20260406T225958.000Z
15000082,0,16000012,16000023,16000077,16000086,16000072,16000065,20260406T225739.000Z
15000082,1,16000012,16000023,16000077,16000086,16000072,16000065,20260406T225605.000Z
15000082,1,16000012,16000086,16000103,16000099,16000069,16000043,20260406T225105.000Z
15000082,1,16000012,16000086,16000103,16000099,16000069,16000043,20260406T224917.000Z
15000293,1,16000011,16000049,16000066,16000026,16000070,16000005,20260406T224433.000Z
15000293,1,16000011,16000049,16000066,16000026,16000070,16000005,20260406T224133.000Z
15000050,1,16000011,16000099,16000063,16000087,16000026,16000077,20260406T223624.000Z
15000050,1,16000011,16000099,16000063,16000087,16000026,16000077,20260406T223430.000Z
15000072,0,16000042,16000003,16000094,16000040,16000001,16000065,20260406T222744.000Z
15000072,1,16000042,16000003,16000094,16000040,16000001,16000065,20260406T222548.000Z
15000072,0,16000042,16000003,16000094,16000040,16000001,16000065,20260406T222348.000Z
15000368,1,16000011,16000076,16000099,16000046,16000002,16000003,20260406T221928.000Z
15000368,1,16000011,16000076,16000099,16000046,16000002,16000003,20260406T221714.000Z
15000703,1,16000031,16000021,16000097,16000036,16000003,16000005,20260406T221032.000Z
15000703,1,16000031,16000021,16000097,16000036,16000003,16000005,20260406T220850.000Z
15000022,1,16000061,16000003,16000023,16000012,16000021,16000094,20260406T225000.000Z
15000022,1,16000061,16000003,16000023,16000012,16000021,16000094,20260406T224741.000Z
15000053,0,16000012,16000059,16000103,16000102,16000043,16000001,20260406T224017.000Z
15000053,1,16000012,16000059,16000103,16000102,16000043,16000001,20260406T223736.000Z
15000053,0,16000012,16000059,16000103,16000102,16000043,16000001,20260406T223531.000Z
15000132,1,16000030,16000004,16000014,16000059,16000023,16000001,20260406T222318.000Z
15000132,1,16000030,16000004,16000014,16000059,16000023,16000001,20260406T222042.000Z
15001021,1,16000032,16000103,16000014,16000011,16000001,16000068,20260406T221646.000Z
15001021,1,16000032,16000103,16000014,16000011,16000001,16000068,20260406T221514.000Z
15001021,1,16000029,16000014,16000001,16000030,16000083,16000102,20260406T221047.000Z
15001021,1,16000029,16000014,16000001,16000030,16000083,16000102,20260406T220707.000Z
15000007,1,16000063,16000011,16000019,16000008,16000102,16000023,20260406T224649.000Z
15000007,0,16000063,16000011,16000019,16000008,16000102,16000023,20260406T224451.000Z
15000007,1,16000063,16000011,16000019,16000008,16000102,16000023,20260406T224257.000Z
15000082,1,16000063,16000095,16000059,16000005,16000076,16000011,20260406T223443.000Z
15000082,1,16000063,16000095,16000059,16000005,16000076,16000011,20260406T223238.000Z
15000703,0,16000011,16000099,16000098,16000085,16000042,16000079,20260406T222828.000Z
15000703,0,16000011,16000099,16000098,16000085,16000042,16000079,20260406T222651.000Z
15000292,1,16000005,16000099,16000085,16000011,16000063,16000045,20260406T221853.000Z
15000292,0,16000005,16000099,16000085,16000011,16000063,16000045,20260406T221621.000Z
15000292,1,16000005,16000099,16000085,16000011,16000063,16000045,20260406T221401.000Z
15000118,1,16000059,16000030,16000102,16000011,16000023,16000084,20260406T220652.000Z
15000118,1,16000059,16000030,16000102,16000011,16000023,16000084,20260406T220455.000Z
15000082,1,16000005,16000081,16000065,16000098,16000023,16000103,20260406T225952.000Z
15000703,0,16000042,16000065,16000046,16000015,16000003,16000099,20260406T225033.000Z
15000703,0,16000042,16000065,16000046,16000015,16000003,16000099,20260406T224700.000Z
15000703,1,16000042,16000065,16000046,16000015,16000003,16000099,20260406T224342.000Z
15000022,1,16000061,16000103,16000015,16000076,16000036,16000093,20260406T223815.000Z
15000022,1,16000061,16000103,16000015,16000076,16000036,16000093,20260406T223557.000Z
15000115,0,16000038,16000063,16000045,16000017,16000059,16000021,20260406T223005.000Z
15000115,0,16000038,16000063,16000045,16000017,16000059,16000021,20260406T222812.000Z
15000005,1,16000023,16000079,16000065,16000099,16000097,16000036,20260406T222317.000Z
15000005,1,16000023,16000079,16000065,16000099,16000097,16000036,20260406T222101.000Z
15000005,0,16000023,16000079,16000065,16000099,16000097,16000036,20260406T221919.000Z
15000005,0,16000078,16000061,16000031,16000011,16000005,16000021,20260406T221513.000Z
15000005,0,16000078,16000061,16000031,16000011,16000005,16000021,20260406T221254.000Z
15000005,1,16000036,16000098,16000079,16000021,16000046,16000032,20260406T220716.000Z
15000005,1,16000036,16000098,16000079,16000021,16000046,16000032,20260406T220457.000Z
15000082,0,16000047,16000037,16000035,16000099,16000030,16000102,20260406T224359.000Z
15000082,0,16000047,16000037,16000035,16000099,16000030,16000102,20260406T224140.000Z
15000007,1,16000044,16000008,16000012,16000102,16000103,16000024,20260406T223121.000Z
15000007,1,16000044,16000008,16000012,16000102,16000103,16000024,20260406T222937.000Z
15000053,1,16000059,16000002,16000070,16000001,16000073,16000083,20260406T221056.000Z
15000053,1,16000059,16000002,16000070,16000001,16000073,16000083,20260406T220927.000Z
15000053,0,16000059,16000002,16000070,16000001,16000073,16000083,20260406T220743.000Z
15000050,1,16000099,16000084,16000086,16000012,16000063,16000011,20260406T225304.000Z
15000050,1,16000099,16000084,16000086,16000012,16000063,16000011,20260406T225048.000Z
15000082,1,16000094,16000002,16000012,16000011,16000019,16000023,20260406T224558.000Z
15000082,1,16000094,16000002,16000012,16000011,16000019,16000023,20260406T224340.000Z
15000440,0,16000003,16000005,16000023,16000047,16000089,16000065,20260406T223800.000Z
15000440,0,16000003,16000005,16000023,16000047,16000089,16000065,20260406T223457.000Z
15000011,0,16000017,16000014,16000023,16000083,16000011,16000099,20260406T222940.000Z
15000011,0,16000017,16000014,16000023,16000083,16000011,16000099,20260406T222801.000Z
15000132,0,16000004,16000044,16000059,16000001,16000089,16000005,20260406T222245.000Z
15000132,0,16000004,16000044,16000059,16000001,16000089,16000005,20260406T222126.000Z
15000132,1,16000004,16000044,16000059,16000001,16000089,16000005,20260406T221737.000Z
15000072,1,16000056,16000099,16000002,16000083,16000003,16000015,20260406T221159.000Z
15000072,1,16000056,16000099,16000002,16000083,16000003,16000015,20260406T221010.000Z
15000368,0,16000098,16000003,16000018,16000079,16000090,16000103,20260406T220513.000Z
15000007,0,16000061,16000044,16000060,16000086,16000012,16000004,20260406T225531.000Z
15000007,0,16000061,16000044,16000060,16000086,16000012,16000004,20260406T225246.000Z
15000143,0,16000099,16000011,16000063,16000005,16000059,16000083,20260406T224505.000Z
15000143,0,16000099,16000011,16000063,16000005,16000059,16000083,20260406T224302.000Z
15000132,0,16000011,16000083,16000030,16000063,16000023,16000081,20260406T223811.000Z
15000132,0,16000011,16000083,16000030,16000063,16000023,16000081,20260406T223528.000Z
15000053,0,16000078,16000082,16000004,16000059,16000044,16000081,20260406T223143.000Z
15000053,0,16000078,16000082,16000004,16000059,16000044,16000081,20260406T222939.000Z
15000010,0,16000103,16000095,16000011,16000059,16000023,16000049,20260406T222347.000Z
15000010,0,16000103,16000095,16000011,16000059,16000023,16000049,20260406T222129.000Z
15000053,0,16000081,16000086,16000073,16000012,16000070,16000026,20260406T221702.000Z
15000053,0,16000081,16000086,16000073,16000012,16000070,16000026,20260406T221554.000Z
15000082,1,16000025,16000011,16000047,16000098,16000002,16000021,20260406T221209.000Z
15000082,1,16000025,16000011,16000047,16000098,16000002,16000021,20260406T221005.000Z
15000010,0,16000061,16000023,16000085,16000040,16000063,16000011,20260406T220516.000Z
15000306,1,16000011,16000063,16000103,16000045,16000102,16000030,20260406T225906.000Z
15000306,1,16000011,16000063,16000103,16000045,16000102,16000030,20260406T225644.000Z
15000082,1,16000086,16000103,16000002,16000048,16000023,16000009,20260406T225158.000Z
15000082,1,16000086,16000103,16000002,16000048,16000023,16000009,20260406T225011.000Z
15000082,0,16000086,16000103,16000002,16000048,16000023,16000009,20260406T224901.000Z
15000118,1,16000030,16000049,16000004,16000026,16000008,16000054,20260406T224447.000Z
15000118,1,16000030,16000049,16000004,16000026,16000008,16000054,20260406T224203.000Z
15000053,1,16000014,16000030,16000075,16000007,16000050,16000012,20260406T223842.000Z
15000053,1,16000014,16000030,16000075,16000007,16000050,16000012,20260406T223642.000Z
15000368,1,16000077,16000001,16000061,16000015,16000066,16000004,20260406T225734.000Z
15000050,0,16000004,16000045,16000005,16000001,16000086,16000030,20260406T225205.000Z
15000050,0,16000004,16000045,16000005,16000001,16000086,16000030,20260406T225033.000Z
15000292,1,16000023,16000014,16000077,16000006,16000092,16000099,20260406T224558.000Z
15000292,1,16000023,16000014,16000077,16000006,16000092,16000099,20260406T224249.000Z
15000292,0,16000005,16000011,16000001,16000023,16000102,16000030,20260406T223759.000Z
15000292,0,16000005,16000011,16000001,16000023,16000102,16000030,20260406T223604.000Z
15000115,0,16000028,16000030,16000103,16000017,16000011,16000021,20260406T222853.000Z
15000115,1,16000028,16000030,16000103,16000017,16000011,16000021,20260406T222545.000Z
15000115,0,16000028,16000030,16000103,16000017,16000011,16000021,20260406T222311.000Z
15000132,0,16000059,16000099,16000063,16000017,16000001,16000012,20260406T221744.000Z
15000132,0,16000059,16000099,16000063,16000017,16000001,16000012,20260406T221108.000Z
15000018,0,16000059,16000012,16000040,16000015,16000056,16000099,20260406T220641.000Z
15000072,0,16000012,16000094,16000015,16000078,16000001,16000079,20260406T225848.000Z
15000072,1,16000012,16000094,16000015,16000078,16000001,16000079,20260406T225657.000Z
15000072,0,16000012,16000094,16000015,16000078,16000001,16000079,20260406T225428.000Z
15000132,0,16000004,16000045,16000023,16000083,16000001,16000014,20260406T224923.000Z
15000132,0,16000004,16000045,16000023,16000083,16000001,16000014,20260406T224533.000Z
15000132,1,16000004,16000045,16000023,16000083,16000001,16000014,20260406T224245.000Z
15000010,1,16000021,16000059,16000070,16000012,16000089,16000007,20260406T223752.000Z
15000010,1,16000021,16000059,16000070,16000012,16000089,16000007,20260406T223543.000Z
15000293,0,16000091,16000081,16000099,16000087,16000103,16000011,20260406T223034.000Z
15000293,0,16000091,16000081,16000099,16000087,16000103,16000011,20260406T222837.000Z
15000440,1,16000065,16000023,16000030,16000046,16000021,16000005,20260406T222228.000Z
15000011,1,16000005,16000103,16000021,16000001,16000083,16000012,20260406T221735.000Z
15000011,1,16000005,16000103,16000021,16000001,16000083,16000012,20260406T221530.000Z
15000300,1,16000092,16000014,16000081,16000095,16000019,16000004,20260406T221139.000Z
15000300,1,16000092,16000014,16000081,16000095,16000019,16000004,20260406T220909.000Z
15000022,0,16000074,16000011,16000012,16000042,16000061,16000103,20260406T222908.000Z
15000022,0,16000074,16000011,16000012,16000042,16000061,16000103,20260406T222650.000Z
15000022,1,16000074,16000011,16000012,16000042,16000061,16000103,20260406T222431.000Z
15000300,0,16000061,16000071,16000099,16000014,16000095,16000026,20260406T220710.000Z
15000011,1,16000002,16000005,16000063,16000070,16000023,16000028,20260406T230123.000Z
15000011,1,16000002,16000005,16000063,16000070,16000023,16000028,20260406T225943.000Z
15000115,1,16000012,16000014,16000002,16000005,16000083,16000004,20260406T224822.000Z
15000115,1,16000012,16000014,16000002,16000005,16000083,16000004,20260406T224642.000Z
15000115,0,16000012,16000014,16000002,16000005,16000083,16000004,20260406T224504.000Z
15000019,1,16000025,16000046,16000042,16000012,16000065,16000001,20260406T224010.000Z
15000019,1,16000025,16000046,16000042,16000012,16000065,16000001,20260406T223722.000Z
15000703,0,16000064,16000003,16000031,16000015,16000011,16000021,20260406T223131.000Z
15000703,0,16000064,16000003,16000031,16000015,16000011,16000021,20260406T222942.000Z
15000292,1,16000029,16000099,16000014,16000094,16000063,16000001,20260406T222302.000Z
15000292,1,16000029,16000099,16000014,16000094,16000063,16000001,20260406T222026.000Z
15000292,0,16000029,16000099,16000014,16000094,16000063,16000001,20260406T221744.000Z
15000703,1,16000077,16000030,16000015,16000015,16000026,16000047,20260406T230127.000Z
15000083,1,16000040,16000003,16000047,16000011,16000046,16000045,20260406T225814.000Z
15000007,1,16000004,16000030,16000082,16000070,16000047,16000018,20260406T225602.000Z
15000118,0,16000002,16000050,16000003,16000043,16000004,16000038,20260406T225232.000Z
15000072,1,16000003,16000030,16000077,16000005,16000017,16000003,20260406T224902.000Z
15000132,0,16000077,16000030,16000042,16000020,16000071,16000041,20260406T224651.000Z
15000019,1,16000003,16000020,16000012,16000003,16000004,16000018,20260406T224326.000Z
15000306,1,16000043,16000020,16000026,16000002,16000047,16000048,20260406T223326.000Z
15000072,1,16000039,16000094,16000015,16000015,16000001,16000004,20260406T223032.000Z
15000083,1,16000011,16000043,16000081,16000093,16000098,16000030,20260406T222704.000Z
15000072,1,16000102,16000004,16000026,16000004,16000047,16000094,20260406T222346.000Z
15000703,1,16000004,16000026,16000015,16000001,16000015,16000005,20260406T222031.000Z
15000050,1,16000082,16000020,16000010,16000050,16000071,16000063,20260406T221732.000Z
15001021,1,16000048,16000030,16000083,16000070,16000030,16000011,20260406T221431.000Z
15000292,1,16000026,16000043,16000013,16000030,16000077,16000040,20260406T221157.000Z
15000025,0,16000083,16000002,16000004,16000071,16000045,16000004,20260406T220901.000Z
15000005,1,16000099,16000079,16000011,16000057,16000021,16000015,20260406T221214.000Z
15000005,1,16000099,16000079,16000011,16000057,16000021,16000015,20260406T221014.000Z
15000005,0,16000099,16000079,16000011,16000057,16000021,16000015,20260406T220756.000Z
15000118,1,16000012,16000051,16000022,16000011,16000025,16000068,20260406T224749.000Z
15000118,0,16000012,16000051,16000022,16000011,16000025,16000068,20260406T224639.000Z
15000118,1,16000012,16000051,16000022,16000011,16000025,16000068,20260406T224504.000Z
15000018,1,16000102,16000073,16000039,16000078,16000019,16000023,20260406T223940.000Z
15000018,0,16000102,16000073,16000039,16000078,16000019,16000023,20260406T223813.000Z
15000018,1,16000102,16000073,16000039,16000078,16000019,16000023,20260406T223618.000Z
15000007,1,16000063,16000023,16000009,16000026,16000102,16000013,20260406T223056.000Z
15000007,1,16000063,16000023,16000009,16000026,16000102,16000013,20260406T222919.000Z
15000007,1,16000063,16000012,16000014,16000011,16000023,16000005,20260406T222439.000Z
15000007,1,16000063,16000012,16000014,16000011,16000023,16000005,20260406T222210.000Z
15000143,0,16000063,16000086,16000026,16000050,16000083,16000009,20260406T221743.000Z
15000143,0,16000063,16000086,16000026,16000050,16000083,16000009,20260406T221415.000Z
15000011,1,16000099,16000017,16000012,16000026,16000038,16000103,20260406T220953.000Z
15000143,1,16000025,16000002,16000026,16000098,16000038,16000070,20260406T230609.000Z
15000083,0,16000042,16000064,16000094,16000023,16000005,16000044,20260406T225905.000Z
15000083,1,16000042,16000064,16000094,16000023,16000005,16000044,20260406T225647.000Z
15000083,0,16000042,16000064,16000094,16000023,16000005,16000044,20260406T225429.000Z
15000300,1,16000080,16000011,16000041,16000076,16000028,16000068,20260406T230631.000Z
15000132,1,16000011,16000020,16000009,16000054,16000007,16000012,20260406T230403.000Z
15000018,1,16000025,16000001,16000073,16000012,16000039,16000004,20260406T230038.000Z
15000368,1,16000030,16000042,16000043,16000075,16000043,16000048,20260406T225642.000Z
15000292,1,16000023,16000011,16000010,16000030,16000043,16000007,20260406T225409.000Z
15000115,1,16000049,16000011,16000052,16000002,16000026,16000030,20260406T225126.000Z
15000082,1,16000070,16000011,16000086,16000020,16000070,16000009,20260406T224826.000Z
15000053,1,16000011,16000026,16000004,16000026,16000030,16000004,20260406T224544.000Z
15000010,1,16000023,16000022,16000011,16000070,16000071,16000004,20260406T224324.000Z
15000082,1,16000030,16000011,16000043,16000063,16000001,16000023,20260406T223908.000Z
15000011,1,16000023,16000011,16000054,16000017,16000030,16000023,20260406T223545.000Z
15000115,1,16000031,16000042,16000011,16000022,16000034,16000008,20260406T223312.000Z
15000118,1,16000102,16000011,16000069,16000030,16000018,16000026,20260406T223044.000Z
15000082,1,16000007,16000011,16000043,16000102,16000070,16000023,20260406T222831.000Z
15000050,1,16000011,16000002,16000070,16000030,16000070,16000077,20260406T222654.000Z
15000019,1,16000025,16000073,16000001,16000049,16000030,16000020,20260406T222533.000Z
15000115,1,16000011,16000012,16000081,16000030,16000038,16000013,20260406T222243.000Z
15001021,0,16000081,16000012,16000086,16000099,16000023,16000045,20260406T230043.000Z
15001021,0,16000081,16000012,16000086,16000099,16000023,16000045,20260406T225754.000Z
15001021,1,16000081,16000012,16000086,16000099,16000023,16000045,20260406T225545.000Z
15000007,0,16000059,16000081,16000012,16000002,16000014,16000008,20260406T224941.000Z
15000007,1,16000059,16000081,16000012,16000002,16000014,16000008,20260406T224727.000Z
15000007,0,16000059,16000081,16000012,16000002,16000014,16000008,20260406T224538.000Z
15000010,0,16000095,16000057,16000019,16000059,16000014,16000023,20260406T224113.000Z
15000010,0,16000095,16000057,16000019,16000059,16000014,16000023,20260406T223931.000Z
15000368,0,16000012,16000002,16000067,16000048,16000023,16000021,20260406T222626.000Z
15000368,1,16000012,16000002,16000067,16000048,16000023,16000021,20260406T222343.000Z
15000368,0,16000012,16000002,16000067,16000048,16000023,16000021,20260406T222055.000Z
15000022,1,16000079,16000021,16000011,16000094,16000036,16000005,20260406T230713.000Z
15000022,0,16000079,16000021,16000011,16000094,16000036,16000005,20260406T230501.000Z
15000300,1,16000014,16000005,16000063,16000095,16000023,16000092,20260406T225559.000Z
15000300,1,16000014,16000005,16000063,16000095,16000023,16000092,20260406T225349.000Z
15001021,0,16000089,16000085,16000032,16000001,16000098,16000063,20260406T222029.000Z
15001021,1,16000089,16000085,16000032,16000001,16000098,16000063,20260406T221908.000Z
15001021,0,16000089,16000085,16000032,16000001,16000098,16000063,20260406T221655.000Z
15001021,0,16000005,16000001,16000025,16000004,16000026,16000086,20260406T222458.000Z
15001021,0,16000005,16000001,16000025,16000004,16000026,16000086,20260406T222317.000Z
15001021,1,16000005,16000001,16000025,16000004,16000026,16000086,20260406T222128.000Z
15000082,1,16000064,16000071,16000012,16000002,16000065,16000061,20260406T221626.000Z
15000082,1,16000064,16000071,16000012,16000002,16000065,16000061,20260406T221417.000Z
15000440,0,16000099,16000098,16000031,16000061,16000094,16000089,20260406T225318.000Z
15000440,1,16000099,16000098,16000031,16000061,16000094,16000089,20260406T225126.000Z
15000440,0,16000099,16000098,16000031,16000061,16000094,16000089,20260406T224755.000Z
15000132,0,16000063,16000012,16000059,16000062,16000098,16000083,20260406T224224.000Z
15000132,0,16000063,16000012,16000059,16000062,16000098,16000083,20260406T224005.000Z
15000132,1,16000063,16000012,16000059,16000062,16000098,16000083,20260406T223723.000Z
15000368,1,16000079,16000081,16000046,16000004,16000071,16000061,20260406T223157.000Z
15000368,0,16000079,16000081,16000046,16000004,16000071,16000061,20260406T222937.000Z
15000368,1,16000079,16000081,16000046,16000004,16000071,16000061,20260406T222701.000Z
15000306,1,16000063,16000099,16000059,16000069,16000019,16000064,20260406T221848.000Z
15000306,1,16000063,16000099,16000059,16000069,16000019,16000064,20260406T221655.000Z
15000019,1,16000083,16000079,16000075,16000014,16000019,16000081,20260406T221149.000Z
15000132,0,16000059,16000026,16000001,16000005,16000063,16000002,20260406T230642.000Z
15000118,1,16000086,16000074,16000012,16000023,16000099,16000002,20260406T223626.000Z
15000118,1,16000086,16000074,16000012,16000023,16000099,16000002,20260406T223507.000Z
15000118,0,16000086,16000074,16000012,16000023,16000099,16000002,20260406T223315.000Z
15000306,0,16000011,16000023,16000099,16000001,16000005,16000081,20260406T222728.000Z
15000306,0,16000011,16000023,16000099,16000001,16000005,16000081,20260406T222533.000Z
15000300,1,16000085,16000012,16000063,16000014,16000005,16000023,20260406T222001.000Z
15000300,0,16000085,16000012,16000063,16000014,16000005,16000023,20260406T221754.000Z
15000300,1,16000085,16000012,16000063,16000014,16000005,16000023,20260406T221559.000Z
15000011,1,16000101,16000083,16000005,16000028,16000002,16000059,20260406T230622.000Z
15000011,0,16000101,16000083,16000005,16000028,16000002,16000059,20260406T230405.000Z
15000011,1,16000101,16000083,16000005,16000028,16000002,16000059,20260406T230134.000Z
15000011,1,16000099,16000017,16000084,16000011,16000016,16000012,20260406T225515.000Z
15000011,1,16000099,16000017,16000084,16000011,16000016,16000012,20260406T225311.000Z
15000548,1,16000079,16000044,16000021,16000056,16000099,16000046,20260406T224716.000Z
15000548,0,16000079,16000044,16000021,16000056,16000099,16000046,20260406T224337.000Z
15000548,1,16000079,16000044,16000021,16000056,16000099,16000046,20260406T223950.000Z
15000118,1,16000099,16000045,16000084,16000098,16000059,16000012,20260406T223456.000Z
15000118,1,16000099,16000045,16000084,16000098,16000059,16000012,20260406T223322.000Z
15000053,1,16000099,16000001,16000083,16000103,16000006,16000002,20260406T222621.000Z
15000053,1,16000099,16000001,16000083,16000103,16000006,16000002,20260406T222337.000Z
15000053,0,16000099,16000001,16000083,16000103,16000006,16000002,20260406T222106.000Z
15000007,0,16000014,16000083,16000086,16000063,16000095,16000004,20260406T221518.000Z
15000019,1,16000078,16000030,16000019,16000012,16000002,16000001,20260406T230456.000Z
15000019,1,16000078,16000030,16000019,16000012,16000002,16000001,20260406T230213.000Z
15000019,0,16000078,16000030,16000019,16000012,16000002,16000001,20260406T225959.000Z
15000019,1,16000074,16000014,16000075,16000039,16000094,16000012,20260406T225416.000Z
15000019,0,16000074,16000014,16000075,16000039,16000094,16000012,20260406T225152.000Z
15000019,1,16000074,16000014,16000075,16000039,16000094,16000012,20260406T224908.000Z
15000548,1,16000061,16000030,16000103,16000064,16000023,16000071,20260406T224407.000Z
15000548,1,16000061,16000030,16000103,16000064,16000023,16000071,20260406T224103.000Z
15000548,0,16000061,16000030,16000103,16000064,16000023,16000071,20260406T223752.000Z
15000440,1,16000067,16000064,16000003,16000022,16000076,16000042,20260406T223228.000Z
15000440,0,16000067,16000064,16000003,16000022,16000076,16000042,20260406T223015.000Z
15000440,1,16000067,16000064,16000003,16000022,16000076,16000042,20260406T222750.000Z
15000143,1,16000069,16000070,16000026,16000083,16000099,16000086,20260406T222033.000Z
15000143,1,16000069,16000070,16000026,16000083,16000099,16000086,20260406T221900.000Z
15000143,1,16000083,16000091,16000026,16000063,16000038,16000030,20260406T221619.000Z
15000143,1,16000083,16000091,16000026,16000063,16000038,16000030,20260406T221407.000Z
15000019,1,16000012,16000075,16000005,16000079,16000002,16000003,20260406T230459.000Z
15000019,1,16000012,16000075,16000005,16000079,16000002,16000003,20260406T230249.000Z
15000019,0,16000012,16000075,16000005,16000079,16000002,16000003,20260406T230019.000Z
15000053,0,16000082,16000001,16000083,16000004,16000044,16000094,20260406T225527.000Z
15000053,0,16000082,16000001,16000083,16000004,16000044,16000094,20260406T225240.000Z
15000053,1,16000082,16000001,16000083,16000004,16000044,16000094,20260406T225046.000Z
15001021,1,16000012,16000084,16000063,16000008,16000005,16000004,20260406T224459.000Z
15001021,0,16000012,16000084,16000063,16000008,16000005,16000004,20260406T224228.000Z
15001021,1,16000012,16000084,16000063,16000008,16000005,16000004,20260406T223940.000Z
15000050,0,16000086,16000063,16000023,16000059,16000026,16000008,20260406T223412.000Z
15000050,0,16000086,16000063,16000023,16000059,16000026,16000008,20260406T223318.000Z
15000306,1,16000005,16000002,16000012,16000071,16000075,16000063,20260406T222914.000Z
15000306,0,16000005,16000002,16000012,16000071,16000075,16000063,20260406T222700.000Z
15000306,1,16000005,16000002,16000012,16000071,16000075,16000063,20260406T222446.000Z
15000132,1,16000095,16000030,16000050,16000004,16000002,16000005,20260406T230622.000Z
15000132,1,16000095,16000030,16000050,16000004,16000002,16000005,20260406T230259.000Z
15000132,0,16000095,16000030,16000050,16000004,16000002,16000005,20260406T230011.000Z
15000368,1,16000064,16000022,16000023,16000081,16000099,16000036,20260406T222624.000Z
15000368,1,16000064,16000022,16000023,16000081,16000099,16000036,20260406T222426.000Z
15000118,1,16000023,16000012,16000001,16000059,16000070,16000014,20260406T221547.000Z
15000118,1,16000023,16000012,16000001,16000059,16000070,16000014,20260406T221215.000Z
15000132,1,16000004,16000026,16000103,16000001,16000059,16000011,20260406T230428.000Z
15000132,1,16000004,16000026,16000103,16000001,16000059,16000011,20260406T230258.000Z
15000368,1,16000079,16000064,16000006,16000071,16000004,16000074,20260406T224944.000Z
15000368,1,16000079,16000064,16000006,16000071,16000004,16000074,20260406T224750.000Z
15000005,1,16000004,16000103,16000099,16000071,16000079,16000005,20260406T230855.000Z
15001021,0,16000001,16000012,16000011,16000023,16000002,16000018,20260406T230806.000Z
15000132,1,16000071,16000004,16000026,16000018,16000026,16000043,20260406T230529.000Z
15000072,1,16000001,16000019,16000020,16000002,16000004,16000101,20260406T230358.000Z
15000306,1,16000020,16000092,16000062,16000004,16000071,16000043,20260406T225946.000Z
15000306,1,16000023,16000014,16000002,16000070,16000063,16000074,20260406T223357.000Z
15000306,1,16000023,16000014,16000002,16000070,16000063,16000074,20260406T223225.000Z
15000143,1,16000012,16000014,16000059,16000002,16000017,16000083,20260406T222608.000Z
15000143,1,16000012,16000014,16000059,16000002,16000017,16000083,20260406T222500.000Z
15000440,1,16000103,16000098,16000049,16000065,16000054,16000044,20260406T221953.000Z
15000440,1,16000103,16000098,16000049,16000065,16000054,16000044,20260406T221835.000Z
15000306,0,16000014,16000041,16000019,16000048,16000020,16000094,20260406T230710.000Z
15000306,1,16000014,16000041,16000019,16000048,16000020,16000094,20260406T230501.000Z
15000306,0,16000014,16000041,16000019,16000048,16000020,16000094,20260406T230259.000Z
15000083,1,16000081,16000014,16000023,16000077,16000061,16000001,20260406T225825.000Z
15000083,1,16000081,16000014,16000023,16000077,16000061,16000001,20260406T225615.000Z
15000072,1,16000001,16000002,16000046,16000003,16000042,16000025,20260406T225027.000Z
15000072,1,16000001,16000002,16000046,16000003,16000042,16000025,20260406T224921.000Z
15000300,1,16000002,16000012,16000014,16000022,16000102,16000019,20260406T224542.000Z
15000300,1,16000002,16000012,16000014,16000022,16000102,16000019,20260406T224332.000Z
15000083,0,16000005,16000041,16000004,16000023,16000074,16000065,20260406T223924.000Z
15000083,0,16000005,16000041,16000004,16000023,16000074,16000065,20260406T223708.000Z
15000293,0,16000096,16000035,16000004,16000069,16000076,16000034,20260406T223116.000Z
15000293,0,16000096,16000035,16000004,16000069,16000076,16000034,20260406T222944.000Z
15000293,1,16000096,16000035,16000004,16000069,16000076,16000034,20260406T222820.000Z
15000025,0,16000071,16000013,16000103,16000026,16000012,16000004,20260406T222447.000Z
15000025,0,16000071,16000013,16000103,16000026,16000012,16000004,20260406T222320.000Z
15000368,0,16000022,16000002,16000099,16000070,16000023,16000081,20260406T221928.000Z
15000368,0,16000022,16000002,16000099,16000070,16000023,16000081,20260406T221736.000Z
15000115,0,16000001,16000014,16000026,16000011,16000000,16000012,20260406T221337.000Z
15000132,1,16000085,16000063,16000004,16000026,16000101,16000070,20260406T224832.000Z
15000132,1,16000085,16000063,16000004,16000026,16000101,16000070,20260406T224700.000Z
15000132,1,16000102,16000041,16000070,16000099,16000012,16000030,20260406T224254.000Z
15000132,1,16000102,16000041,16000070,16000099,16000012,16000030,20260406T224032.000Z
15000018,1,16000001,16000078,16000066,16000075,16000012,16000102,20260406T223956.000Z
15000018,1,16000001,16000078,16000066,16000075,16000012,16000102,20260406T223735.000Z
15000053,1,16000086,16000004,16000008,16000012,16000025,16000102,20260406T223231.000Z
15000053,1,16000086,16000004,16000008,16000012,16000025,16000102,20260406T223009.000Z
15000703,1,16000098,16000042,16000064,16000021,16000065,16000015,20260406T222251.000Z
15000703,1,16000098,16000042,16000064,16000021,16000065,16000015,20260406T222123.000Z
15000292,1,16000083,16000011,16000023,16000014,16000103,16000017,20260406T221637.000Z
15000292,1,16000083,16000011,16000023,16000014,16000103,16000017,20260406T221431.000Z
15000368,0,16000098,16000005,16000012,16000004,16000023,16000089,20260406T224749.000Z
15000368,1,16000098,16000005,16000012,16000004,16000023,16000089,20260406T224435.000Z
15000368,0,16000098,16000005,16000012,16000004,16000023,16000089,20260406T224243.000Z
15000118,0,16000086,16000063,16000012,16000074,16000005,16000023,20260406T223632.000Z
15000118,0,16000086,16000063,16000012,16000074,16000005,16000023,20260406T223513.000Z
15000118,1,16000086,16000063,16000012,16000074,16000005,16000023,20260406T223245.000Z
15000292,1,16000063,16000086,16000011,16000014,16000000,16000102,20260406T222716.000Z
15000292,1,16000063,16000086,16000011,16000014,16000000,16000102,20260406T222526.000Z
15000072,1,16000001,16000056,16000042,16000099,16000078,16000036,20260406T230954.000Z
15000072,1,16000001,16000056,16000042,16000099,16000078,16000036,20260406T230706.000Z
15000292,0,16000026,16000102,16000063,16000099,16000045,16000005,20260406T230147.000Z
15000292,1,16000026,16000102,16000063,16000099,16000045,16000005,20260406T230012.000Z
15000292,0,16000026,16000102,16000063,16000099,16000045,16000005,20260406T225822.000Z
15000306,0,16000089,16000023,16000046,16000083,16000037,16000012,20260406T225302.000Z
15000306,0,16000089,16000023,16000046,16000083,16000037,16000012,20260406T225050.000Z
15000005,1,16000074,16000098,16000023,16000037,16000099,16000036,20260406T224459.000Z
15000005,1,16000074,16000098,16000023,16000037,16000099,16000036,20260406T224241.000Z
15000005,0,16000074,16000098,16000023,16000037,16000099,16000036,20260406T224029.000Z
15000083,0,16000003,16000046,16000089,16000061,16000047,16000023,20260406T222640.000Z
15000083,0,16000003,16000046,16000089,16000061,16000047,16000023,20260406T222422.000Z
15000019,0,16000012,16000073,16000003,16000070,16000056,16000025,20260406T221832.000Z
15000306,1,16000022,16000026,16000019,16000022,16000082,16000005,20260406T231327.000Z
15000132,1,16000066,16000011,16000030,16000030,16000023,16000010,20260406T231052.000Z
15000005,1,16000011,16000023,16000022,16000017,16000023,16000070,20260406T230714.000Z
15000143,1,16000026,16000071,16000012,16000032,16000030,16000102,20260406T230044.000Z
15000118,0,16000026,16000009,16000102,16000050,16000030,16000003,20260406T225821.000Z
15000368,1,16000009,16000017,16000064,16000049,16000015,16000022,20260406T225610.000Z
15000025,1,16000002,16000043,16000071,16000005,16000004,16000003,20260406T225420.000Z
